rank	lemma	is_mwe	pos	raw_freq	freq_per_million
1	o	0	det	29933812	47022.672
2	ser	0	verb	22339499	35092.856
3	não	0	adv	17987071	28255.678
4	que	0	conj	16526746	25961.670
5	de	0	prep	15387796	24172.507
6	estar	0	verb	14117958	22177.734
7	um	0	det	13939976	21898.144
8	a	0	det	12565305	19738.690
9	a	0	prep	10335744	16236.298
10	e	0	conj	10307080	16191.270
11	ter	0	verb	9545626	14995.111
12	ir	0	verb	9023260	14174.533
13	para	0	prep	7212281	11329.687
14	eu	0	pron	6283032	9869.941
15	que	0	pron	5808269	9124.141
16	me	0	pron	5793733	9101.307
17	fazer	0	verb	5240791	8232.697
18	meu	0	det	4786034	7518.324
19	com	0	prep	4680218	7352.099
20	do	0	det	4494215	7059.909
21	poder	0	verb	4486994	7048.566
22	saber	0	verb	4383206	6885.527
23	dizer	0	verb	4250283	6676.719
24	por	0	prep	4233048	6649.645
25	te	0	pron	4164374	6541.766
26	o que	1	mwe	4106164	6450.325
27	ele	0	pron	3858224	6060.839
28	querer	0	verb	3821014	6002.386
29	bem	0	adv	3665474	5758.050
30	em	0	prep	3631664	5704.938
31	mas	0	conj	3602864	5659.697
32	se	0	conj	3568154	5605.171
33	da	0	det	3452834	5424.016
34	isso	0	pron	3438887	5402.107
35	como	0	adv	3286301	5162.412
36	sim	0	adv	2841228	4463.252
37	no	0	det	2814836	4421.793
38	se	0	pron	2803550	4404.064
39	mais	0	adv	2561130	4023.249
40	na	0	det	2540084	3990.188
41	muito	0	adv	2522085	3961.914
42	seu	0	det	2494551	3918.661
43	ver	0	verb	2464858	3872.016
44	aqui	0	adv	2361874	3710.240
45	haver	0	verb	2136722	3356.551
46	isto	0	pron	2064801	3243.572
47	ela	0	pron	2046466	3214.769
48	já	0	adv	1865854	2931.048
49	coisa	0	noun	1811165	2845.138
50	à	0	det	1741554	2735.787
51	só	0	adv	1727110	2713.097
52	nos	0	det	1714970	2694.026
53	ao	0	det	1698378	2667.962
54	bom	0	adj	1679944	2639.004
55	tudo	0	pron	1643479	2581.722
56	tu	0	pron	1635438	2569.090
57	dar	0	verb	1634517	2567.643
58	ficar	0	verb	1633495	2566.038
59	vir	0	verb	1609214	2527.895
60	achar	0	verb	1601944	2516.475
61	este	0	det	1592812	2502.130
62	porque	0	conj	1553081	2439.717
63	falar	0	verb	1547255	2430.565
64	agora	0	adv	1524246	2394.420
65	lá	0	adv	1483976	2331.160
66	é que	1	mwe	1462674	2297.697
67	todo	0	det	1426415	2240.739
68	dever	0	noun	1413142	2219.888
69	precisar	0	verb	1397654	2195.558
70	deixar	0	verb	1370574	2153.019
71	não é	1	mwe	1350176	2120.976
72	lhe	0	pron	1328172	2086.410
73	onde	0	pron	1313921	2064.023
74	algum	0	det	1311601	2060.379
75	quem	0	pron	1305493	2050.784
76	pensar	0	verb	1286671	2021.216
77	então	0	adv	1286620	2021.136
78	nada	0	pron	1264932	1987.067
79	é o	1	mwe	1242039	1951.104
80	mesmo	0	pron	1239751	1947.510
81	ou	0	conj	1188763	1867.414
82	esperar	0	verb	1169025	1836.408
83	conseguir	0	verb	1167799	1834.482
84	teu	0	det	1131125	1776.871
85	que não	1	mwe	1128481	1772.718
86	o meu	1	mwe	1114342	1750.507
87	vez	0	noun	1107708	1740.085
88	tua	0	det	1095193	1720.426
89	nosso	0	det	1053176	1654.422
90	quando	0	conj	1006983	1581.858
91	eles	0	pron	1000478	1571.639
92	nós	0	pron	994002	1561.466
93	dos	0	det	988361	1552.605
94	ouvir	0	verb	982721	1543.745
95	mim	0	pron	973263	1528.887
96	casa	0	noun	955321	1500.702
97	está bem	1	mwe	952160	1495.737
98	pai	0	noun	950336	1492.872
99	dia	0	noun	947593	1488.563
100	passar	0	verb	947048	1487.707
101	nunca	0	adv	924726	1452.641
102	tempo	0	noun	919188	1443.942
103	gostar	0	verb	912193	1432.953
104	parecer	0	verb	910111	1429.683
105	homem	0	noun	893114	1402.982
106	assim	0	adv	878061	1379.336
107	ainda	0	adv	866117	1360.573
108	encontrar	0	verb	863786	1356.911
109	é um	1	mwe	851394	1337.445
110	sair	0	verb	835357	1312.252
111	outro	0	det	834963	1311.634
112	ano	0	noun	823843	1294.165
113	dois	0	num	820789	1289.368
114	melhor	0	adj	819057	1286.647
115	esse	0	det	807168	1267.971
116	também	0	adv	802132	1260.060
117	quê	0	pron	801353	1258.836
118	pessoa	0	noun	798646	1254.584
119	levar	0	verb	795750	1250.034
120	matar	0	verb	794719	1248.415
121	favor	0	noun	791859	1243.922
122	certo	0	adj	778793	1223.397
123	olhar	0	verb	773325	1214.807
124	sobre	0	prep	770508	1210.382
125	este	0	pron	751667	1180.785
126	acontecer	0	verb	748215	1175.362
127	chegar	0	verb	737320	1158.247
128	tão	0	adv	736796	1157.424
129	ti	0	pron	734463	1153.759
130	mãe	0	noun	730211	1147.080
131	noite	0	noun	729476	1145.925
132	depois	0	adv	725729	1140.039
133	vida	0	noun	717153	1126.567
134	tentar	0	verb	713998	1121.611
135	andar	0	verb	710945	1116.815
136	voltar	0	verb	710512	1116.135
137	talvez	0	adv	708195	1112.495
138	olá	0	intj	707644	1111.630
139	sentir	0	verb	696569	1094.232
140	por favor	1	mwe	695109	1091.939
141	é uma	1	mwe	694192	1090.498
142	sempre	0	adv	691215	1085.821
143	conhecer	0	verb	690352	1084.466
144	alguém	0	pron	681206	1070.098
145	até	0	prep	672591	1056.565
146	dele	0	pron	659670	1036.268
147	acabar	0	verb	658064	1033.745
148	sem	0	prep	648530	1018.768
149	chamar	0	verb	648133	1018.144
150	todo	0	pron	647500	1017.150
151	aquele	0	det	632776	994.020
152	morrer	0	verb	631473	991.973
153	senhor	0	noun	631290	991.686
154	das	0	det	622276	977.526
155	tipo	0	noun	604551	949.682
156	pelo	0	det	586018	920.569
157	ajudar	0	verb	579025	909.584
158	amigo	0	noun	577694	907.493
159	algo	0	pron	565032	887.602
160	sr	0	unk	546304	858.183
161	parar	0	verb	545666	857.180
162	filho	0	noun	544782	855.792
163	começar	0	verb	535327	840.939
164	verdade	0	noun	528876	830.805
165	antes	0	adv	525289	825.170
166	mulher	0	noun	525217	825.057
167	grande	0	adj	524602	824.091
168	deus	0	noun	521556	819.306
169	ninguém	0	pron	507122	796.632
170	trabalho	0	noun	505398	793.924
171	entrar	0	verb	504249	792.119
172	hora	0	noun	504139	791.946
173	apenas	0	adv	495702	778.692
174	obrigar	0	verb	493000	774.448
175	novo	0	adj	491234	771.674
176	acreditar	0	verb	490382	770.335
177	aí	0	adv	485652	762.905
178	pouco	0	adv	480923	755.476
179	problema	0	noun	476443	748.439
180	pedir	0	verb	474146	744.830
181	quando	0	adv	473875	744.405
182	comigo	0	pron	472968	742.980
183	quanto	0	det	472835	742.771
184	perder	0	verb	471147	740.119
185	desculpa	0	noun	468445	735.875
186	por isso	1	mwe	466786	733.269
187	qual	0	pron	466268	732.455
188	eu sei	1	mwe	451251	708.865
189	usar	0	verb	446908	702.043
190	tudo bem	1	mwe	440216	691.530
191	qualquer	0	det	439599	690.561
192	dinheiro	0	noun	439014	689.642
193	pela	0	det	436973	686.436
194	lembrar	0	verb	436690	685.991
195	obrigado	0	adj	424759	667.249
196	cá	0	adv	424257	666.460
197	querido	0	adj	422177	663.193
198	nome	0	noun	422135	663.127
199	merda	0	noun	420165	660.032
200	num	0	det	416992	655.048
201	disso	0	pron	416540	654.338
202	tirar	0	verb	416414	654.140
203	daqui	0	adv	410625	645.046
204	trabalhar	0	verb	408049	640.999
205	nem	0	conj	406690	638.865
206	ligar	0	verb	404827	635.938
207	sério	0	noun	396958	623.577
208	pôr	0	verb	395462	621.227
209	alguma coisa	1	mwe	393129	617.562
210	fora	0	adv	391850	615.553
211	hoje	0	adv	391341	614.753
212	trazer	0	verb	388343	610.043
213	dela	0	pron	388270	609.929
214	muito bem	1	mwe	383148	601.883
215	volta	0	noun	382793	601.325
216	perceber	0	verb	378309	594.281
217	vosso	0	det	376552	591.521
218	nenhum	0	det	376351	591.205
219	continuar	0	verb	375899	590.495
220	primeiro	0	adj	372162	584.625
221	apanhar	0	verb	371031	582.848
222	carro	0	noun	370281	581.670
223	certeza	0	noun	366680	576.013
224	claro	0	adv	366189	575.242
225	às	0	det	364220	572.149
226	pronto	0	adj	359613	564.912
227	contar	0	verb	358851	563.715
228	mal	0	adv	357002	560.810
229	último	0	adj	353487	555.289
230	mundo	0	noun	353051	554.604
231	lado	0	noun	350246	550.197
232	tomar	0	verb	350197	550.120
233	oh	0	intj	344816	541.667
234	contigo	0	pron	344146	540.615
235	três	0	num	343618	539.785
236	ideia	0	noun	341995	537.236
237	meu deus	1	mwe	339391	533.145
238	embora	0	adv	338809	532.231
239	rapaz	0	noun	334525	525.501
240	mão	0	noun	332910	522.964
241	porquê	0	adv	332277	521.970
242	nas	0	det	331942	521.444
243	numa	0	det	331159	520.214
244	parte	0	noun	330909	519.821
245	menos	0	adv	330753	519.576
246	todos os	1	mwe	329574	517.724
247	outro	0	pron	326081	512.237
248	amar	0	verb	324894	510.372
249	arma	0	noun	323021	507.430
250	lugar	0	noun	322962	507.337
251	tanto	0	det	320623	503.663
252	tratar	0	verb	318563	500.427
253	vos	0	pron	315890	496.228
254	uma coisa	1	mwe	315631	495.821
255	família	0	noun	315617	495.799
256	desculpar	0	verb	315314	495.323
257	aos	0	det	312854	491.459
258	entender	0	verb	312235	490.486
259	viver	0	verb	312039	490.178
260	dentro	0	adv	311308	489.030
261	razão	0	noun	310796	488.226
262	ótimo	0	adj	309032	485.455
263	minuto	0	noun	307484	483.023
264	esquecer	0	verb	304950	479.042
265	mudar	0	verb	303010	475.995
266	único	0	adj	302702	475.511
267	polícia	0	noun	299773	470.910
268	ali	0	adv	291939	458.604
269	manter	0	verb	287756	452.033
270	esse	0	pron	286144	449.500
271	abrir	0	verb	284073	446.247
272	descobrir	0	verb	279961	439.787
273	seguir	0	verb	279436	438.963
274	ele está	1	mwe	277174	435.409
275	pagar	0	verb	276875	434.940
276	pois	0	conj	276541	434.415
277	segundo	0	adj	273763	430.051
278	correr	0	verb	273042	428.918
279	comer	0	verb	271256	426.113
280	nem	0	adv	271126	425.909
281	mandar	0	verb	270467	424.873
282	caso	0	conj	266882	419.242
283	cabeça	0	noun	266167	418.119
284	si	0	pron	265948	417.775
285	irmão	0	noun	264333	415.238
286	ajuda	0	noun	264263	415.128
287	semana	0	noun	263760	414.337
288	raio	0	noun	262988	413.125
289	momento	0	noun	262673	412.630
290	aquilo	0	pron	262497	412.353
291	onde está	1	mwe	260477	409.180
292	forma	0	noun	259890	408.258
293	atrás	0	adv	258571	406.186
294	cidade	0	noun	255098	400.730
295	pequeno	0	adj	254320	399.508
296	olho	0	noun	253974	398.965
297	importar	0	verb	253372	398.019
298	mostrar	0	verb	252971	397.389
299	conta	0	noun	252543	396.717
300	história	0	noun	251812	395.569
301	porta	0	noun	251604	395.242
302	adorar	0	verb	251117	394.477
303	perguntar	0	verb	246309	386.924
304	deles	0	pron	245896	386.275
305	entre	0	prep	244323	383.804
306	arranjar	0	verb	241609	379.541
307	preocupar	0	verb	241191	378.884
308	amor	0	noun	240275	377.445
309	com ele	1	mwe	238338	374.402
310	frente	0	noun	238285	374.319
311	senhora	0	noun	237390	372.913
312	ganhar	0	verb	237034	372.354
313	vivo	0	adj	235996	370.723
314	até	0	adv	235748	370.334
315	desde	0	prep	235544	370.013
316	ok	0	intj	234157	367.834
317	tarde	0	adv	228532	358.998
318	os meus	1	mwe	228183	358.450
319	procurar	0	verb	226942	356.501
320	tornar	0	verb	225282	353.893
321	criança	0	noun	224518	352.693
322	morte	0	noun	223425	350.976
323	lhes	0	pron	222561	349.618
324	maneira	0	noun	221923	348.616
325	deus	0	intj	221692	348.253
326	vá lá	1	mwe	220681	346.665
327	próximo	0	adj	220376	346.186
328	feliz	0	adj	220064	345.696
329	dormir	0	verb	219539	344.871
330	cima	0	noun	218887	343.847
331	salvar	0	verb	218609	343.410
332	sozinho	0	adj	216830	340.616
333	pergunta	0	noun	216513	340.118
334	junto	0	adv	216430	339.987
335	durante	0	prep	215459	338.462
336	velho	0	adj	215245	338.126
337	receber	0	verb	215050	337.820
338	amanhã	0	adv	214983	337.714
339	quase	0	adv	214534	337.009
340	caminho	0	noun	214268	336.591
341	todas as	1	mwe	212043	333.096
342	medo	0	noun	211144	331.684
343	contra	0	prep	210908	331.313
344	partir	0	verb	208072	326.858
345	as pessoas	1	mwe	207517	325.986
346	cara	0	noun	205443	322.728
347	mês	0	noun	205254	322.431
348	agente	0	noun	204815	321.741
349	da minha	1	mwe	202940	318.796
350	pode ser	1	mwe	202659	318.355
351	claro	0	adj	202424	317.985
352	meu pai	1	mwe	202241	317.698
353	desta	0	det	198404	311.671
354	pessoal	0	adj	198224	311.388
355	filha	0	noun	198207	311.361
356	neste	0	det	196561	308.775
357	rapariga	0	noun	195669	307.374
358	sentar	0	verb	195578	307.231
359	importante	0	adj	192794	302.858
360	difícil	0	adj	191219	300.384
361	cada	0	det	190469	299.206
362	sorte	0	noun	190451	299.177
363	palavra	0	noun	190322	298.975
364	causa	0	noun	189947	298.386
365	as coisas	1	mwe	189753	298.081
366	significar	0	verb	189751	298.078
367	buscar	0	verb	189250	297.291
368	jogo	0	noun	188865	296.686
369	disto	0	pron	188103	295.489
370	tal	0	adv	187816	295.038
371	fugir	0	verb	187140	293.976
372	comprar	0	verb	187044	293.825
373	quarto	0	adj	186478	292.936
374	roubar	0	verb	185208	290.941
375	morto	0	adj	184664	290.087
376	número	0	noun	184592	289.973
377	pois	0	adv	184361	289.611
378	beber	0	verb	184305	289.523
379	água	0	noun	182742	287.067
380	estranho	0	adj	182393	286.519
381	desaparecer	0	verb	182187	286.195
382	corpo	0	noun	181563	285.215
383	cuidado	0	noun	181338	284.862
384	sangue	0	noun	179793	282.435
385	existir	0	verb	179312	281.679
386	força	0	noun	179169	281.454
387	escrever	0	verb	178210	279.948
388	seguro	0	adj	177495	278.825
389	guerra	0	noun	175558	275.782
390	lindo	0	adj	175265	275.322
391	rápido	0	adj	175222	275.254
392	manhã	0	noun	175212	275.238
393	tocar	0	verb	174715	274.458
394	plano	0	noun	174349	273.883
395	maior	0	adj	173117	271.947
396	adeus	0	intj	172838	271.509
397	cair	0	verb	171147	268.853
398	terra	0	noun	171130	268.826
399	ei	0	intj	170491	267.822
400	perto	0	adv	169963	266.993
401	bonito	0	adj	168851	265.246
402	confiar	0	verb	168430	264.585
403	mau	0	adj	167955	263.839
404	miúdo	0	noun	165592	260.127
405	calar	0	verb	164305	258.105
406	cinco	0	num	163663	257.096
407	altura	0	noun	163654	257.082
408	segurança	0	noun	163475	256.801
409	enviar	0	verb	163434	256.737
410	aparecer	0	verb	163433	256.735
411	equipa	0	noun	163406	256.693
412	colocar	0	verb	163398	256.680
413	procura	0	noun	163104	256.218
414	outra vez	1	mwe	162329	255.001
415	dólar	0	noun	161568	253.805
416	aceitar	0	verb	161119	253.100
417	dr	0	noun	160921	252.789
418	calma	0	noun	160485	252.104
419	deste	0	det	160230	251.703
420	mexer	0	verb	160003	251.347
421	quer dizer	1	mwe	159728	250.915
422	chefe	0	noun	159265	250.188
423	prometer	0	verb	159230	250.133
424	obrigado	0	verb	158751	249.380
425	funcionar	0	verb	157291	247.087
426	fim	0	noun	157185	246.920
427	coração	0	noun	156611	246.018
428	brincar	0	verb	156473	245.802
429	primeiro	0	adv	155358	244.050
430	nisso	0	pron	154902	243.334
431	menina	0	noun	153418	241.003
432	meio	0	num	152779	239.999
433	diferente	0	adj	152584	239.692
434	preparar	0	verb	151601	238.148
435	levantar	0	verb	151358	237.766
436	estado	0	noun	151053	237.287
437	meter	0	verb	150320	236.136
438	pegar	0	verb	149703	235.167
439	pé	0	noun	149018	234.091
440	vamos lá	1	mwe	148166	232.752
441	lamentar	0	verb	147561	231.802
442	exatamente	0	adv	147383	231.522
443	escolher	0	verb	146617	230.319
444	livro	0	noun	146487	230.115
445	proteger	0	verb	146358	229.912
446	escola	0	noun	145866	229.139
447	capitão	0	noun	145663	228.820
448	festa	0	noun	145646	228.794
449	quatro	0	num	145178	228.058
450	bater	0	verb	145038	227.838
451	fechar	0	verb	144894	227.612
452	irmã	0	noun	144800	227.465
453	baixo	0	noun	144787	227.444
454	possível	0	adj	144455	226.923
455	minha mãe	1	mwe	144143	226.433
456	bebé	0	noun	143843	225.961
457	enquanto	0	conj	143596	225.573
458	ar	0	noun	143233	225.003
459	esconder	0	verb	143025	224.676
460	ontem	0	adv	142430	223.742
461	jogar	0	verb	142342	223.603
462	presidente	0	noun	142335	223.592
463	logo	0	adv	142195	223.372
464	acordo	0	noun	142054	223.151
465	negócio	0	noun	141161	221.748
466	vai ser	1	mwe	140839	221.242
467	marido	0	noun	140708	221.037
468	na verdade	1	mwe	140309	220.410
469	alto	0	adj	139372	218.938
470	afastar	0	verb	139326	218.866
471	ordem	0	noun	139145	218.581
472	lutar	0	verb	137526	216.038
473	realmente	0	adv	137476	215.959
474	criar	0	verb	136511	214.444
475	compreender	0	verb	136417	214.296
476	imaginar	0	verb	136201	213.957
477	mentir	0	verb	135787	213.306
478	ler	0	verb	134946	211.985
479	pena	0	noun	134843	211.823
480	decidir	0	verb	134769	211.707
481	esta noite	1	mwe	134744	211.668
482	trás	0	adv	134112	210.675
483	depressa	0	adv	133450	209.635
484	aprender	0	verb	133423	209.593
485	valer	0	verb	132811	208.631
486	mil	0	num	132805	208.622
487	à noite	1	mwe	132794	208.605
488	prova	0	noun	132481	208.113
489	nesta	0	det	132416	208.011
490	prazer	0	noun	132307	207.840
491	na minha	1	mwe	131879	207.167
492	rei	0	noun	131504	206.578
493	fácil	0	adj	131145	206.014
494	luz	0	noun	130722	205.350
495	servir	0	verb	130273	204.644
496	atirar	0	verb	130183	204.503
497	miúda	0	noun	130171	204.484
498	responder	0	verb	129870	204.011
499	acordar	0	verb	129473	203.388
500	escutar	0	verb	129463	203.372
501	demasiado	0	adv	129246	203.031
502	telefone	0	noun	129201	202.960
503	verdadeiro	0	adj	128648	202.092
504	tu és	1	mwe	128387	201.682
505	forte	0	adj	128229	201.433
506	minha vida	1	mwe	127696	200.596
507	longe	0	adv	127409	200.145
508	terminar	0	verb	125474	197.106
509	passado	0	adj	124981	196.331
510	próprio	0	adj	124571	195.687
511	belo	0	adj	124563	195.675
512	notícia	0	noun	124361	195.357
513	prender	0	verb	124171	195.059
514	cão	0	noun	124170	195.057
515	destruir	0	verb	124150	195.026
516	milhão	0	num	123803	194.481
517	muito tempo	1	mwe	123661	194.258
518	jantar	0	noun	122981	193.189
519	porra	0	noun	122902	193.065
520	vender	0	verb	122889	193.045
521	gente	0	noun	122407	192.288
522	rua	0	noun	122297	192.115
523	cortar	0	verb	122141	191.870
524	ponto	0	noun	122129	191.851
525	teu pai	1	mwe	121899	191.490
526	filme	0	noun	121457	190.795
527	sítio	0	noun	120685	189.583
528	sinal	0	noun	120593	189.438
529	especial	0	adj	120562	189.389
530	explicar	0	verb	120461	189.231
531	pior	0	adj	120180	188.789
532	qualquer coisa	1	mwe	119838	188.252
533	direito	0	noun	119816	188.218
534	sala	0	noun	119789	188.175
535	assassino	0	noun	119616	187.903
536	paz	0	noun	119546	187.793
537	culpa	0	noun	119145	187.163
538	casar	0	verb	118901	186.780
539	bom dia	1	mwe	118507	186.161
540	informação	0	noun	118024	185.403
541	além	0	adv	117230	184.155
542	fazer isto	1	mwe	117116	183.976
543	aguentar	0	verb	116230	182.584
544	seis	0	num	115640	181.658
545	falta	0	noun	114709	180.195
546	quero dizer	1	mwe	113926	178.965
547	má	0	adj	113852	178.849
548	disparar	0	verb	113823	178.803
549	resolver	0	verb	113425	178.178
550	país	0	noun	112902	177.356
551	casamento	0	noun	112869	177.305
552	médico	0	noun	112659	176.975
553	nova	0	noun	112548	176.800
554	gente	0	pron	112239	176.315
555	estúpido	0	adj	112236	176.310
556	cama	0	noun	112025	175.979
557	pelos	0	det	111936	175.839
558	são	0	noun	111921	175.815
559	deve ser	1	mwe	111691	175.454
560	largar	0	verb	111474	175.113
561	boa noite	1	mwe	111195	174.675
562	cheio	0	adj	111106	174.535
563	resto	0	noun	110811	174.072
564	licença	0	noun	110715	173.921
565	pelo menos	1	mwe	110374	173.385
566	oportunidade	0	noun	110344	173.338
567	atenção	0	noun	109123	171.420
568	sequer	0	adv	108648	170.674
569	idiota	0	noun	108026	169.697
570	atacar	0	verb	107944	169.568
571	comida	0	noun	107879	169.466
572	interessar	0	verb	107832	169.392
573	próprio	0	det	107585	169.004
574	bastante	0	adv	107295	168.548
575	diabo	0	noun	106736	167.670
576	tua mãe	1	mwe	106380	167.111
577	capaz	0	adj	106316	167.011
578	mensagem	0	noun	106214	166.850
579	fogo	0	noun	106122	166.706
580	prisão	0	noun	105946	166.429
581	agradecer	0	verb	105730	166.090
582	ah	0	intj	105599	165.884
583	bola	0	noun	105528	165.773
584	sistema	0	noun	104409	164.015
585	demais	0	adv	104116	163.555
586	sonho	0	noun	103953	163.299
587	sentido	0	noun	103591	162.730
588	céu	0	noun	103572	162.700
589	quanto tempo	1	mwe	103543	162.654
590	portanto	0	conj	103258	162.207
591	suficiente	0	adj	102919	161.674
592	hospital	0	noun	102756	161.418
593	provavelmente	0	adv	102276	160.664
594	relação	0	noun	102223	160.581
595	livre	0	adj	100942	158.569
596	crime	0	noun	100881	158.473
597	amiga	0	noun	100440	157.780
598	à espera	1	mwe	100241	157.467
599	crer	0	verb	99950	157.010
600	apresentar	0	verb	99715	156.641
601	assunto	0	noun	99324	156.027
602	subir	0	verb	99253	155.915
603	entregar	0	verb	98943	155.428
604	encontro	0	noun	98593	154.879
605	connosco	0	pron	98545	154.803
606	carta	0	noun	98513	154.753
607	chave	0	noun	98363	154.517
608	facto	0	noun	98362	154.516
609	resposta	0	noun	98337	154.476
610	cheirar	0	verb	98114	154.126
611	questão	0	noun	97856	153.721
612	situação	0	noun	97492	153.149
613	droga	0	noun	97402	153.008
614	roupa	0	noun	97292	152.835
615	serviço	0	noun	97160	152.627
616	magoar	0	verb	97130	152.580
617	fantástico	0	adj	97060	152.470
618	jurar	0	noun	96737	151.963
619	futuro	0	noun	96262	151.217
620	música	0	noun	95699	150.332
621	cuidar	0	verb	95400	149.863
622	preferir	0	verb	95093	149.380
623	avisar	0	verb	94309	148.149
624	ataque	0	noun	93878	147.472
625	à procura	1	mwe	93815	147.373
626	boca	0	noun	93741	147.257
627	vítima	0	noun	93699	147.191
628	louco	0	adj	93606	147.045
629	local	0	noun	93508	146.891
630	ensinar	0	verb	93295	146.556
631	avião	0	noun	93092	146.237
632	erro	0	noun	93046	146.165
633	guarda	0	noun	93045	146.163
634	café	0	noun	93005	146.100
635	verificar	0	verb	92454	145.235
636	demorar	0	verb	92253	144.919
637	linha	0	noun	91644	143.962
638	errar	0	verb	91475	143.697
639	permitir	0	verb	91326	143.463
640	dor	0	noun	90848	142.712
641	câmara	0	noun	90755	142.566
642	dez	0	num	90425	142.048
643	hipótese	0	noun	90269	141.803
644	conversa	0	noun	90037	141.438
645	humano	0	adj	89977	141.344
646	morto	0	noun	89839	141.127
647	real	0	adj	89820	141.097
648	és tu	1	mwe	89726	140.950
649	fundo	0	noun	89693	140.898
650	viagem	0	noun	89486	140.573
651	merecer	0	verb	89317	140.307
652	tiro	0	noun	88915	139.676
653	juntar	0	verb	88685	139.314
654	às vezes	1	mwe	88551	139.104
655	enganar	0	verb	88529	139.069
656	nisto	0	pron	88517	139.050
657	normal	0	adj	88170	138.505
658	antigo	0	adj	87942	138.147
659	grupo	0	noun	87939	138.142
660	esposa	0	noun	87876	138.043
661	apostar	0	verb	87858	138.015
662	crescer	0	verb	87776	137.886
663	sob	0	prep	87658	137.701
664	sexo	0	noun	87601	137.611
665	campo	0	noun	87446	137.368
666	segredo	0	noun	87178	136.947
667	divertir	0	verb	86244	135.480
668	longo	0	adj	86175	135.371
669	deve ter	1	mwe	85901	134.941
670	controlar	0	verb	85896	134.933
671	nem sequer	1	mwe	85812	134.801
672	cabelo	0	noun	85318	134.025
673	desligar	0	verb	85159	133.775
674	animal	0	noun	84922	133.403
675	escolha	0	noun	84763	133.153
676	missão	0	noun	84681	133.024
677	cedo	0	adv	84472	132.696
678	lixar	0	verb	84387	132.563
679	maldito	0	adj	84315	132.449
680	gajo	0	noun	84285	132.402
681	nascer	0	verb	84257	132.358
682	desistir	0	verb	84155	132.198
683	oferecer	0	verb	84003	131.959
684	chão	0	noun	83966	131.901
685	perfeito	0	adj	83939	131.859
686	concordar	0	verb	83706	131.493
687	costa	0	noun	83616	131.351
688	costumar	0	verb	83355	130.941
689	caixa	0	noun	82826	130.110
690	nave	0	noun	82686	129.890
691	errado	0	adj	82587	129.735
692	vontade	0	noun	82307	129.295
693	banho	0	noun	82016	128.838
694	julgar	0	verb	81980	128.781
695	devia ter	1	mwe	81958	128.747
696	barco	0	noun	81786	128.477
697	deitar	0	verb	81215	127.580
698	fixe	0	adj	81160	127.493
699	natal	0	noun	80763	126.870
700	cavalo	0	noun	80667	126.719
701	preocupado	0	adj	80656	126.702
702	lá fora	1	mwe	80638	126.673
703	advogado	0	noun	80557	126.546
704	emprego	0	noun	80434	126.353
705	respeito	0	noun	80383	126.273
706	finalmente	0	adv	80351	126.222
707	ter sido	1	mwe	80203	125.990
708	lista	0	noun	80188	125.966
709	conduzir	0	verb	80156	125.916
710	bebida	0	noun	79850	125.435
711	puta	0	noun	79763	125.299
712	breve	0	noun	79552	124.967
713	perigoso	0	adj	79447	124.802
714	regressar	0	verb	79395	124.721
715	bocado	0	noun	79246	124.487
716	papá	0	noun	79209	124.428
717	telefonar	0	verb	78814	123.808
718	sobreviver	0	verb	78796	123.780
719	mente	0	noun	78738	123.689
720	lei	0	noun	78671	123.583
721	foto	0	noun	78624	123.510
722	tom	0	noun	78563	123.414
723	libertar	0	verb	78490	123.299
724	perna	0	noun	78478	123.280
725	escritório	0	noun	78450	123.236
726	soldado	0	noun	78435	123.213
727	construir	0	verb	78289	122.983
728	alguma vez	1	mwe	78117	122.713
729	conversar	0	verb	77742	122.124
730	deter	0	verb	77476	121.706
731	exército	0	noun	77458	121.678
732	chamada	0	noun	77161	121.211
733	aproximar	0	verb	76908	120.814
734	pelas	0	det	76792	120.632
735	acalmar	0	verb	76584	120.305
736	chorar	0	verb	76437	120.074
737	acidente	0	noun	76382	119.988
738	cliente	0	noun	76376	119.978
739	jesus	0	noun	76218	119.730
740	provar	0	verb	76197	119.697
741	regra	0	noun	76191	119.688
742	tio	0	noun	75992	119.375
743	simples	0	adj	75882	119.202
744	papel	0	noun	75769	119.025
745	desejar	0	verb	75457	118.535
746	considerar	0	verb	75445	118.516
747	novamente	0	adv	75027	117.859
748	braço	0	noun	74832	117.553
749	decisão	0	noun	74805	117.510
750	máquina	0	noun	74668	117.295
751	ai	0	adv	74614	117.210
752	voz	0	noun	74403	116.879
753	passo	0	noun	74144	116.472
754	luta	0	noun	74054	116.331
755	agarrar	0	verb	73909	116.103
756	completamente	0	adv	73879	116.056
757	professor	0	noun	73767	115.880
758	impedir	0	verb	73683	115.748
759	banco	0	noun	73623	115.654
760	bomba	0	noun	73271	115.101
761	queres dizer	1	mwe	73264	115.090
762	branco	0	adj	73156	114.920
763	detetive	0	noun	73128	114.876
764	engraçado	0	adj	73100	114.832
765	modo	0	noun	73010	114.691
766	cena	0	noun	72827	114.403
767	mesa	0	noun	72597	114.042
768	inimigo	0	noun	72514	113.911
769	teste	0	noun	72463	113.831
770	incrível	0	adj	72378	113.698
771	posição	0	noun	72275	113.536
772	graças	0	adv	72113	113.281
773	reunião	0	noun	72002	113.107
774	vista	0	noun	71985	113.080
775	doutor	0	noun	71456	112.249
776	general	0	noun	71409	112.176
777	ambos	0	pron	71331	112.053
778	sra	0	intj	71319	112.034
779	programa	0	noun	71201	111.849
780	ação	0	noun	70941	111.440
781	inteiro	0	adj	70937	111.434
782	sair daqui	1	mwe	70746	111.134
783	menino	0	noun	70703	111.067
784	contacto	0	noun	70299	110.432
785	mamã	0	noun	70281	110.404
786	telemóvel	0	noun	69931	109.854
787	loja	0	noun	69922	109.840
788	espaço	0	noun	69819	109.678
789	hotel	0	noun	69613	109.354
790	tal	0	det	69408	109.032
791	recuperar	0	verb	69397	109.015
792	sofrer	0	verb	68885	108.211
793	sete	0	num	68842	108.143
794	reparar	0	verb	68679	107.887
795	divertido	0	adj	68575	107.724
796	motivo	0	noun	68549	107.683
797	guardar	0	verb	68154	107.062
798	assim tão	1	mwe	67941	106.728
799	fotografia	0	noun	67822	106.541
800	cantar	0	verb	67796	106.500
801	abandonar	0	verb	67713	106.370
802	empresa	0	noun	67608	106.205
803	lamentar	0	noun	67384	105.853
804	negro	0	adj	67373	105.835
805	alma	0	noun	67282	105.693
806	nele	0	pron	67121	105.440
807	piada	0	noun	67117	105.433
808	preso	0	adj	67055	105.336
809	escapar	0	verb	67026	105.290
810	povo	0	noun	67015	105.273
811	cometer	0	verb	67000	105.250
812	base	0	noun	66911	105.110
813	idade	0	noun	66861	105.031
814	estrela	0	noun	66844	105.004
815	última vez	1	mwe	66805	104.943
816	cabo	0	noun	66705	104.786
817	atingir	0	verb	66691	104.764
818	excelente	0	adj	66629	104.667
819	dúvida	0	noun	66571	104.576
820	respirar	0	verb	66552	104.546
821	descer	0	verb	66520	104.495
822	convidar	0	verb	66495	104.456
823	primeira vez	1	mwe	66431	104.356
824	sol	0	noun	66400	104.307
825	discutir	0	verb	66395	104.299
826	dançar	0	verb	66372	104.263
827	governo	0	noun	66345	104.221
828	saída	0	noun	66165	103.938
829	duro	0	adj	66123	103.872
830	vestir	0	verb	65790	103.349
831	após	0	prep	65730	103.254
832	assustar	0	verb	65497	102.888
833	limpar	0	verb	65377	102.700
834	maravilhoso	0	adj	65365	102.681
835	horrível	0	adj	65161	102.361
836	fome	0	noun	64979	102.075
837	estrada	0	noun	64957	102.040
838	energia	0	noun	64927	101.993
839	odiar	0	verb	64855	101.880
840	impossível	0	adj	64659	101.572
841	controlo	0	noun	64647	101.553
842	avançar	0	verb	64480	101.291
843	retirar	0	verb	64458	101.256
844	alvo	0	noun	64371	101.120
845	companhia	0	noun	64205	100.859
846	código	0	noun	64045	100.608
847	nessa	0	det	63992	100.524
848	operação	0	noun	63973	100.494
849	homicídio	0	noun	63934	100.433
850	simplesmente	0	adv	63925	100.419
851	metro	0	noun	63920	100.411
852	baixo	0	adj	63876	100.342
853	dessa	0	det	63832	100.273
854	the	0	noun	63661	100.004
855	comandante	0	noun	63601	99.910
856	daí	0	adv	63597	99.904
857	eles estão	1	mwe	63556	99.839
858	norte	0	noun	62876	98.771
859	foda	0	noun	62840	98.715
860	interessante	0	adj	62821	98.685
861	saltar	0	verb	62619	98.367
862	parabéns	0	noun	62552	98.262
863	gritar	0	verb	62417	98.050
864	pertencer	0	verb	62401	98.025
865	surpresa	0	noun	62205	97.717
866	centro	0	noun	62175	97.670
867	quero saber	1	mwe	62143	97.620
868	despachar	0	verb	61989	97.378
869	bala	0	noun	61948	97.313
870	doente	0	adj	61793	97.070
871	quente	0	adj	61680	96.892
872	namorada	0	noun	61619	96.797
873	assinar	0	verb	61516	96.635
874	peça	0	noun	61441	96.517
875	garantir	0	verb	61407	96.464
876	bar	0	noun	61374	96.412
877	custar	0	verb	61345	96.366
878	despedir	0	verb	61328	96.339
879	aula	0	noun	61212	96.157
880	nesse	0	det	61142	96.047
881	naquela	0	det	61031	95.873
882	esperança	0	noun	60918	95.695
883	metade	0	num	60730	95.400
884	lidar	0	verb	60701	95.354
885	janela	0	noun	60516	95.064
886	neste momento	1	mwe	60477	95.003
887	destino	0	noun	60435	94.937
888	através	0	adv	60395	94.874
889	desse	0	det	60352	94.806
890	ver lo	1	mwe	60339	94.786
891	transformar	0	verb	60316	94.750
892	jovem	0	noun	60277	94.688
893	acerca	0	adv	60140	94.473
894	mestre	0	noun	60131	94.459
895	experiência	0	noun	60065	94.355
896	perigo	0	noun	60044	94.322
897	mala	0	noun	60029	94.299
898	reconhecer	0	verb	59903	94.101
899	vencer	0	verb	59771	93.894
900	conselho	0	noun	59737	93.840
901	desta vez	1	mwe	59679	93.749
902	ora	0	adv	59659	93.718
903	risco	0	noun	59530	93.515
904	evitar	0	verb	59523	93.504
905	monte	0	noun	59303	93.158
906	tradução	0	noun	59252	93.078
907	agir	0	verb	59224	93.034
908	enquanto	0	adv	59127	92.882
909	esquerda	0	noun	59127	92.882
910	falhar	0	verb	59077	92.803
911	posso ajudar	1	mwe	59055	92.769
912	mentira	0	noun	58996	92.676
913	culpar	0	verb	58914	92.547
914	mar	0	noun	58869	92.477
915	simpático	0	adj	58759	92.304
916	namorado	0	noun	58677	92.175
917	honra	0	noun	58656	92.142
918	memória	0	noun	58653	92.137
919	planeta	0	noun	58631	92.103
920	apartamento	0	noun	58351	91.663
921	suspeito	0	noun	58273	91.540
922	imediatamente	0	adv	58261	91.522
923	árvore	0	noun	58211	91.443
924	direção	0	noun	58177	91.390
925	oito	0	num	57956	91.042
926	devolver	0	verb	57923	90.991
927	dedo	0	noun	57915	90.978
928	nível	0	noun	57867	90.903
929	treta	0	noun	57720	90.672
930	sra	0	noun	57703	90.645
931	carregar	0	verb	57398	90.166
932	resultar	0	verb	57392	90.156
933	admitir	0	verb	57340	90.075
934	igual	0	adj	57329	90.057
935	área	0	noun	57322	90.046
936	direita	0	noun	57314	90.034
937	necessário	0	adj	57293	90.001
938	inferno	0	noun	57263	89.954
939	contente	0	adj	57191	89.841
940	computador	0	noun	57060	89.635
941	espécie	0	noun	57042	89.607
942	vós	0	pron	56951	89.464
943	bastar	0	verb	56775	89.187
944	incomodar	0	verb	56659	89.005
945	tenente	0	noun	56341	88.505
946	padre	0	noun	56127	88.169
947	inteligente	0	adj	56096	88.121
948	virar	0	verb	56025	88.009
949	rainha	0	noun	55926	87.853
950	fingir	0	verb	55911	87.830
951	ligação	0	noun	55836	87.712
952	desejo	0	noun	55792	87.643
953	imagem	0	noun	55356	86.958
954	convencer	0	verb	55316	86.895
955	sul	0	noun	55294	86.861
956	dos meus	1	mwe	55243	86.781
957	pista	0	noun	55025	86.438
958	cerveja	0	noun	54942	86.308
959	pá	0	noun	54923	86.278
960	casado	0	adj	54910	86.257
961	outro lado	1	mwe	54899	86.240
962	termo	0	noun	54847	86.159
963	este tipo	1	mwe	54782	86.056
964	debaixo	0	adv	54751	86.008
965	causar	0	verb	54740	85.990
966	coronel	0	noun	54692	85.915
967	cérebro	0	noun	54592	85.758
968	ilha	0	noun	54484	85.588
969	parede	0	noun	54455	85.543
970	repetir	0	verb	54434	85.510
971	herói	0	noun	54255	85.229
972	aonde	0	adv	54246	85.214
973	separar	0	verb	54175	85.103
974	ouro	0	noun	54158	85.076
975	planear	0	verb	54130	85.032
976	cerca	0	adv	54086	84.963
977	supor	0	verb	53996	84.822
978	falar contigo	1	mwe	53978	84.793
979	delas	0	pron	53937	84.729
980	voar	0	verb	53903	84.676
981	par	0	noun	53893	84.660
982	jovem	0	adj	53838	84.573
983	beijar	0	verb	53788	84.495
984	justo	0	adj	53753	84.440
985	confirmar	0	verb	53700	84.357
986	atender	0	verb	53688	84.338
987	cartão	0	noun	53635	84.255
988	comboio	0	noun	53555	84.129
989	queimar	0	verb	53511	84.060
990	paciente	0	noun	53490	84.027
991	cabrão	0	noun	53487	84.022
992	terrível	0	adj	53448	83.961
993	rir	0	verb	53393	83.874
994	triste	0	adj	53329	83.774
995	cansado	0	adj	53276	83.691
996	visita	0	noun	53239	83.633
997	naquele	0	det	53209	83.585
998	avó	0	noun	53196	83.565
999	idiota	0	adj	53181	83.541
1000	abaixo	0	adv	53179	83.538
1001	liberdade	0	noun	53146	83.486
1002	zona	0	noun	52997	83.252
1003	pedra	0	noun	52954	83.185
1004	sugerir	0	verb	52941	83.164
1005	cumprir	0	verb	52905	83.108
1006	diferença	0	noun	52891	83.086
1007	monstro	0	noun	52702	82.789
1008	contratar	0	verb	52622	82.663
1009	correto	0	adj	52619	82.659
1010	espírito	0	noun	52568	82.578
1011	entrada	0	noun	52563	82.571
1012	falar sobre	1	mwe	52440	82.377
1013	doer	0	verb	52431	82.363
1014	relatório	0	noun	52427	82.357
1015	boa sorte	1	mwe	52409	82.329
1016	estragar	0	verb	52362	82.255
1017	tribunal	0	noun	52341	82.222
1018	suposto	0	adj	52309	82.172
1019	saco	0	noun	52264	82.101
1020	carne	0	noun	52238	82.060
1021	destes	0	det	52056	81.774
1022	puxar	0	verb	51963	81.628
1023	igreja	0	noun	51948	81.605
1024	descansar	0	verb	51912	81.548
1025	falso	0	adj	51890	81.513
1026	azul	0	adj	51835	81.427
1027	recusar	0	verb	51809	81.386
1028	lançar	0	verb	51589	81.041
1029	perdoar	0	verb	51430	80.791
1030	testemunha	0	noun	51261	80.525
1031	final	0	noun	51192	80.417
1032	colega	0	noun	51162	80.370
1033	faz mal	1	mwe	51041	80.180
1034	tens razão	1	mwe	51041	80.180
1035	responsável	0	adj	51009	80.129
1036	resultado	0	noun	50939	80.019
1037	aniversário	0	noun	50892	79.946
1038	cabra	0	noun	50777	79.765
1039	frio	0	noun	50586	79.465
1040	acaso	0	noun	50512	79.349
1041	marca	0	noun	50447	79.247
1042	esperto	0	adj	50329	79.061
1043	enorme	0	adj	50252	78.940
1044	gozar	0	verb	50246	78.931
1045	contrário	0	noun	50183	78.832
1046	fato	0	noun	50177	78.822
1047	terceiro	0	adj	50143	78.769
1048	principal	0	adj	50125	78.741
1049	visitar	0	verb	50047	78.618
1050	nova iorque	1	mwe	50005	78.552
1051	estudar	0	verb	49909	78.401
1052	copo	0	noun	49809	78.244
1053	seguinte	0	noun	49809	78.244
1054	clube	0	noun	49759	78.166
1055	maioria	0	noun	49712	78.092
1056	algum tempo	1	mwe	49630	77.963
1057	comando	0	noun	49533	77.811
1058	unidade	0	noun	49403	77.607
1059	tragar	0	verb	49399	77.600
1060	investigar	0	verb	49315	77.468
1061	inocente	0	adj	49240	77.351
1062	dado	0	noun	49091	77.116
1063	viajar	0	verb	48986	76.952
1064	médico	0	adj	48893	76.805
1065	rio	0	noun	48815	76.683
1066	presente	0	noun	48715	76.526
1067	envolver	0	verb	48607	76.356
1068	buraco	0	noun	48574	76.304
1069	maluco	0	adj	48517	76.215
1070	preço	0	noun	48513	76.208
1071	enfrentar	0	verb	48329	75.919
1072	foder	0	verb	48315	75.897
1073	soltar	0	verb	48310	75.890
1074	investigação	0	noun	48269	75.825
1075	edifício	0	noun	48248	75.792
1076	americano	0	noun	47960	75.340
1077	sargento	0	noun	47955	75.332
1078	acompanhar	0	verb	47899	75.244
1079	ir embora	1	mwe	47881	75.216
1080	nervoso	0	adj	47836	75.145
1081	propósito	0	noun	47823	75.125
1082	loucura	0	noun	47731	74.980
1083	dente	0	noun	47654	74.859
1084	dirigir	0	verb	47622	74.809
1085	segurar	0	verb	47568	74.724
1086	faltar	0	verb	47451	74.540
1087	arriscar	0	verb	47422	74.495
1088	informar	0	verb	47392	74.448
1089	deve estar	1	mwe	47323	74.339
1090	passado	0	noun	47314	74.325
1091	livrar	0	verb	47065	73.934
1092	saúde	0	noun	47060	73.926
1093	ocupar	0	verb	47047	73.906
1094	vídeo	0	noun	47041	73.896
1095	adivinhar	0	verb	47039	73.893
1096	espetáculo	0	noun	46952	73.756
1097	registo	0	noun	46948	73.750
1098	membro	0	noun	46844	73.587
1099	defesa	0	noun	46685	73.337
1100	americano	0	adj	46609	73.218
1101	explodir	0	verb	46587	73.183
1102	talvez seja	1	mwe	46525	73.086
1103	voo	0	noun	46509	73.060
1104	referir	0	verb	46437	72.947
1105	nota	0	noun	46375	72.850
1106	atravessar	0	verb	46290	72.716
1107	preparado	0	adj	46185	72.551
1108	destas	0	det	46146	72.490
1109	navio	0	noun	46073	72.376
1110	limpo	0	adj	46069	72.369
1111	lavar	0	verb	46058	72.352
1112	anda cá	1	mwe	46048	72.336
1113	cor	0	noun	45806	71.956
1114	pele	0	noun	45774	71.906
1115	líder	0	noun	45743	71.857
1116	jornal	0	noun	45684	71.764
1117	acima	0	adv	45639	71.694
1118	toque	0	noun	45616	71.658
1119	obter	0	verb	45525	71.515
1120	sapato	0	noun	45503	71.480
1121	peixe	0	noun	45464	71.419
1122	estação	0	noun	45461	71.414
1123	defender	0	verb	45425	71.358
1124	além disso	1	mwe	45258	71.095
1125	completo	0	adj	45181	70.974
1126	bilhete	0	noun	45124	70.885
1127	apontar	0	verb	45099	70.845
1128	acesso	0	noun	45070	70.800
1129	opinião	0	noun	45050	70.769
1130	rádio	0	noun	45035	70.745
1131	parceiro	0	noun	45017	70.717
1132	experimentar	0	verb	44992	70.677
1133	início	0	noun	44987	70.670
1134	observar	0	verb	44980	70.659
1135	fumar	0	verb	44930	70.580
1136	humano	0	noun	44894	70.523
1137	rico	0	adj	44880	70.501
1138	cobrir	0	verb	44837	70.434
1139	acertar	0	verb	44762	70.316
1140	treinar	0	verb	44677	70.183
1141	saudade	0	noun	44672	70.175
1142	restar	0	verb	44631	70.110
1143	laboratório	0	noun	44628	70.106
1144	batalha	0	noun	44581	70.032
1145	afinal	0	adv	44365	69.692
1146	quieto	0	adj	44336	69.647
1147	realidade	0	noun	44191	69.419
1148	espada	0	noun	44180	69.402
1149	assumir	0	verb	44158	69.367
1150	poderoso	0	adj	44078	69.242
1151	peço desculpa	1	mwe	44059	69.212
1152	militar	0	adj	44030	69.166
1153	majestade	0	noun	43991	69.105
1154	identificar	0	verb	43894	68.953
1155	fraco	0	adj	43855	68.891
1156	vem cá	1	mwe	43855	68.891
1157	cavalheiro	0	noun	43848	68.880
1158	vinho	0	noun	43674	68.607
1159	apagar	0	verb	43580	68.459
1160	ameaça	0	noun	43448	68.252
1161	secreto	0	adj	43433	68.228
1162	carrinha	0	noun	43406	68.186
1163	perseguir	0	verb	43399	68.175
1164	apesar	0	adv	43394	68.167
1165	porcaria	0	noun	43233	67.914
1166	trocar	0	verb	43218	67.891
1167	graça	0	noun	43205	67.870
1168	televisão	0	noun	43164	67.806
1169	atrasar	0	verb	43112	67.724
1170	comum	0	adj	43111	67.723
1171	aberto	0	adj	43089	67.688
1172	fantasma	0	noun	43024	67.586
1173	gato	0	noun	43010	67.564
1174	prestar	0	verb	42932	67.441
1175	rabo	0	noun	42897	67.386
1176	montanha	0	noun	42874	67.350
1177	exemplo	0	noun	42864	67.335
1178	sentimento	0	noun	42721	67.110
1179	exato	0	adj	42616	66.945
1180	vazio	0	adj	42591	66.906
1181	valor	0	noun	42570	66.873
1182	avô	0	noun	42566	66.866
1183	ferir	0	verb	42546	66.835
1184	diretor	0	noun	42533	66.815
1185	flor	0	noun	42489	66.745
1186	primo	0	noun	42435	66.661
1187	depender	0	verb	42372	66.562
1188	cozinha	0	noun	42340	66.511
1189	bem-vindo	0	adj	42328	66.493
1190	vermelho	0	adj	42297	66.444
1191	doença	0	noun	42266	66.395
1192	arte	0	noun	42257	66.381
1193	totalmente	0	adv	42235	66.346
1194	departamento	0	noun	42202	66.295
1195	acusar	0	verb	42048	66.053
1196	interessado	0	adj	42015	66.001
1197	arrancar	0	verb	41975	65.938
1198	opção	0	noun	41966	65.924
1199	morar	0	verb	41941	65.885
1200	movimento	0	noun	41939	65.881
1201	emergência	0	noun	41932	65.870
1202	corrida	0	noun	41913	65.841
1203	marcar	0	verb	41904	65.826
1204	armar	0	verb	41873	65.778
1205	porreiro	0	adj	41825	65.702
1206	suficiente	0	noun	41825	65.702
1207	troca	0	noun	41729	65.552
1208	pra	0	prep	41702	65.509
1209	silêncio	0	noun	41675	65.467
1210	jeito	0	noun	41625	65.388
1211	aumentar	0	verb	41586	65.327
1212	impressão	0	noun	41555	65.278
1213	direto	0	adj	41542	65.258
1214	faca	0	noun	41518	65.220
1215	baixar	0	verb	41319	64.908
1216	incluir	0	verb	41311	64.895
1217	mudança	0	noun	41304	64.884
1218	partilhar	0	verb	41304	64.884
1219	almoço	0	noun	41268	64.827
1220	xerife	0	noun	41233	64.772
1221	cada vez	1	mwe	41095	64.556
1222	nela	0	pron	41083	64.537
1223	verde	0	adj	41013	64.427
1224	objetivo	0	noun	40970	64.359
1225	contactar	0	verb	40931	64.298
1226	lixo	0	noun	40929	64.295
1227	chá	0	noun	40899	64.248
1228	branco	0	noun	40707	63.946
1229	restaurante	0	noun	40688	63.916
1230	fonte	0	noun	40682	63.907
1231	nove	0	num	40671	63.890
1232	caramba	0	intj	40595	63.770
1233	som	0	noun	40491	63.607
1234	km	0	noun	40396	63.458
1235	série	0	noun	40373	63.421
1236	ridículo	0	adj	40354	63.392
1237	língua	0	noun	40301	63.308
1238	verão	0	noun	40264	63.250
1239	relaxar	0	verb	40222	63.184
1240	assassinar	0	verb	40187	63.129
1241	devagar	0	adv	40153	63.076
1242	anel	0	noun	40120	63.024
1243	brilhante	0	adj	40110	63.008
1244	confiança	0	noun	40065	62.938
1245	rezar	0	verb	39710	62.380
1246	apoio	0	noun	39692	62.352
1247	orgulhoso	0	adj	39670	62.317
1248	pressão	0	noun	39663	62.306
1249	calça	0	noun	39657	62.297
1250	sacana	0	noun	39653	62.290
1251	justiça	0	noun	39612	62.226
1252	privado	0	adj	39541	62.114
1253	compra	0	noun	39469	62.001
1254	combate	0	noun	39439	61.954
1255	repente	0	noun	39384	61.868
1256	vestido	0	noun	39383	61.866
1257	pedido	0	noun	39331	61.785
1258	sonhar	0	verb	39306	61.745
1259	mover	0	verb	39287	61.715
1260	zangado	0	adj	39269	61.687
1261	caralho	0	noun	39223	61.615
1262	imenso	0	adj	39160	61.516
1263	inventar	0	verb	39099	61.420
1264	daquela	0	det	39074	61.381
1265	gastar	0	verb	39071	61.376
1266	gelo	0	noun	39057	61.354
1267	processo	0	noun	39048	61.340
1268	alimentar	0	verb	38952	61.189
1269	magia	0	noun	38891	61.093
1270	posto	0	noun	38864	61.051
1271	daquele	0	det	38856	61.038
1272	outra pessoa	1	mwe	38798	60.947
1273	cu	0	noun	38665	60.738
1274	prestes	0	adj	38651	60.716
1275	interesse	0	noun	38636	60.693
1276	localizar	0	verb	38614	60.658
1277	parque	0	noun	38568	60.586
1278	canção	0	noun	38539	60.540
1279	boa ideia	1	mwe	38502	60.482
1280	visão	0	noun	38449	60.399
1281	pobre	0	adj	38384	60.297
1282	complicado	0	adj	38363	60.264
1283	dessas	0	det	38333	60.217
1284	autocarro	0	noun	38238	60.068
1285	projeto	0	noun	38164	59.951
1286	universidade	0	noun	38154	59.936
1287	coragem	0	noun	38142	59.917
1288	porco	0	noun	38104	59.857
1289	aproveitar	0	verb	38071	59.805
1290	concentrar	0	verb	37997	59.689
1291	osso	0	noun	37994	59.684
1292	casaco	0	noun	37923	59.573
1293	tia	0	noun	37868	59.486
1294	salvo	0	adj	37867	59.485
1295	poupar	0	verb	37845	59.450
1296	cadeira	0	noun	37794	59.370
1297	inglês	0	noun	37701	59.224
1298	demónio	0	noun	37584	59.040
1299	juiz	0	noun	37561	59.004
1300	hey	0	intj	37482	58.880
1301	pedaço	0	noun	37467	58.856
1302	reunir	0	verb	37320	58.626
1303	fé	0	noun	37249	58.514
1304	lua	0	noun	37092	58.267
1305	tamanho	0	noun	37000	58.123
1306	dança	0	noun	36974	58.082
1307	floresta	0	noun	36925	58.005
1308	ocupado	0	adj	36904	57.972
1309	ponte	0	noun	36771	57.763
1310	público	0	noun	36731	57.700
1311	infelizmente	0	adv	36640	57.557
1312	efeito	0	noun	36625	57.534
1313	irão	0	noun	36561	57.433
1314	gordo	0	adj	36529	57.383
1315	óbvio	0	adj	36481	57.308
1316	unido	0	noun	36424	57.218
1317	pescoço	0	noun	36377	57.144
1318	apoiar	0	verb	36302	57.026
1319	enterrar	0	verb	36283	56.997
1320	ovo	0	noun	36280	56.992
1321	santo	0	noun	36199	56.865
1322	camião	0	noun	36118	56.737
1323	condição	0	noun	36022	56.587
1324	montar	0	verb	36006	56.561
1325	dono	0	noun	35941	56.459
1326	relógio	0	noun	35938	56.455
1327	disposto	0	adj	35930	56.442
1328	quebrar	0	verb	35881	56.365
1329	devido	0	adv	35870	56.348
1330	perdão	0	noun	35720	56.112
1331	famoso	0	adj	35648	55.999
1332	revelar	0	verb	35602	55.927
1333	meus pais	1	mwe	35543	55.834
1334	vergonha	0	noun	35466	55.713
1335	férias	0	noun	35431	55.658
1336	nariz	0	noun	35364	55.553
1337	duas vezes	1	mwe	35230	55.342
1338	aspeto	0	noun	35225	55.335
1339	ladrão	0	noun	35209	55.309
1340	malta	0	noun	35183	55.269
1341	gabinete	0	noun	35181	55.265
1342	recordar	0	verb	35092	55.126
1343	distância	0	noun	35070	55.091
1344	beijo	0	noun	35003	54.986
1345	princesa	0	noun	34959	54.917
1346	busca	0	noun	34862	54.764
1347	sucesso	0	noun	34819	54.697
1348	velocidade	0	noun	34801	54.668
1349	vigiar	0	verb	34762	54.607
1350	exame	0	noun	34759	54.603
1351	ouvido	0	noun	34696	54.504
1352	máximo	0	noun	34668	54.460
1353	derrotar	0	verb	34667	54.458
1354	cristo	0	noun	34510	54.211
1355	corte	0	noun	34479	54.163
1356	barulho	0	noun	34454	54.123
1357	vais ficar	1	mwe	34448	54.114
1358	li	0	noun	34395	54.031
1359	dum	0	det	34310	53.897
1360	limite	0	noun	34275	53.842
1361	rede	0	noun	34247	53.798
1362	caro	0	adj	34161	53.663
1363	público	0	adj	34088	53.548
1364	anjo	0	noun	34050	53.489
1365	natureza	0	noun	34050	53.489
1366	proteção	0	noun	34048	53.486
1367	honesto	0	adj	34026	53.451
1368	duvidar	0	verb	34019	53.440
1369	familiar	0	adj	33986	53.388
1370	bruxa	0	noun	33952	53.335
1371	praia	0	noun	33858	53.187
1372	melhorar	0	verb	33820	53.127
1373	dois anos	1	mwe	33805	53.104
1374	teoria	0	noun	33786	53.074
1375	mapa	0	noun	33744	53.008
1376	faz sentido	1	mwe	33738	52.999
1377	representar	0	verb	33683	52.912
1378	carreira	0	noun	33654	52.867
1379	política	0	noun	33576	52.744
1380	príncipe	0	noun	33547	52.699
1381	apaixonar	0	verb	33497	52.620
1382	prisioneiro	0	noun	33492	52.612
1383	torre	0	noun	33478	52.590
1384	julgamento	0	noun	33439	52.529
1385	companheiro	0	noun	33387	52.447
1386	meus amigos	1	mwe	33376	52.430
1387	propriedade	0	noun	33374	52.427
1388	desses	0	det	33373	52.425
1389	fartar	0	adj	33372	52.424
1390	oficial	0	noun	33325	52.350
1391	grave	0	adj	33185	52.130
1392	certamente	0	adv	33116	52.022
1393	banda	0	noun	33110	52.012
1394	forçar	0	verb	33096	51.990
1395	normalmente	0	adv	33028	51.883
1396	perda	0	noun	32973	51.797
1397	faculdade	0	noun	32968	51.789
1398	receio	0	verb	32944	51.751
1399	aviso	0	noun	32934	51.736
1400	truque	0	noun	32860	51.619
1401	confusão	0	noun	32852	51.607
1402	bolo	0	noun	32814	51.547
1403	chateado	0	adj	32806	51.535
1404	material	0	noun	32763	51.467
1405	apertar	0	verb	32684	51.343
1406	meia	0	noun	32648	51.286
1407	dois dias	1	mwe	32547	51.128
1408	preto	0	adj	32511	51.071
1409	doido	0	noun	32510	51.070
1410	presente	0	adj	32490	51.038
1411	rato	0	noun	32443	50.964
1412	ignorar	0	verb	32437	50.955
1413	especialmente	0	adv	32391	50.883
1414	rosto	0	noun	32327	50.782
1415	grávido	0	adj	32325	50.779
1416	vento	0	noun	32313	50.760
1417	garrafa	0	noun	32297	50.735
1418	interior	0	noun	32277	50.704
1419	combinar	0	verb	32255	50.669
1420	negar	0	verb	32239	50.644
1421	vampiro	0	noun	32159	50.518
1422	convidado	0	noun	32064	50.369
1423	responsabilidade	0	noun	32062	50.366
1424	esquisito	0	adj	32044	50.338
1425	táxi	0	noun	32003	50.273
1426	oferta	0	noun	31977	50.232
1427	acusação	0	noun	31969	50.220
1428	escada	0	noun	31936	50.168
1429	local	0	adj	31932	50.162
1430	indicar	0	verb	31926	50.152
1431	partida	0	noun	31867	50.059
1432	policia	0	noun	31815	49.978
1433	agradável	0	adj	31767	49.902
1434	pensamento	0	noun	31671	49.752
1435	mágico	0	adj	31667	49.745
1436	chapéu	0	noun	31645	49.711
1437	peso	0	noun	31633	49.692
1438	criatura	0	noun	31620	49.671
1439	certificar	0	verb	31598	49.637
1440	piloto	0	noun	31564	49.584
1441	final	0	adj	31545	49.554
1442	sentado	0	adj	31532	49.533
1443	sexual	0	adj	31525	49.522
1444	peito	0	noun	31459	49.419
1445	louco	0	noun	31403	49.331
1446	feio	0	adj	31331	49.217
1447	reino	0	noun	31271	49.123
1448	data	0	noun	31260	49.106
1449	rebentar	0	verb	31244	49.081
1450	empurrar	0	verb	31227	49.054
1451	espalhar	0	verb	31218	49.040
1452	motor	0	noun	31217	49.038
1453	autoridade	0	noun	31206	49.021
1454	fuga	0	noun	31056	48.786
1455	ameaçar	0	verb	31037	48.756
1456	treino	0	noun	30989	48.680
1457	provocar	0	verb	30974	48.657
1458	intenção	0	noun	30973	48.655
1459	princípio	0	noun	30910	48.556
1460	pretender	0	verb	30907	48.551
1461	corredor	0	noun	30881	48.511
1462	conter	0	verb	30856	48.471
1463	entanto	0	noun	30815	48.407
1464	natural	0	adj	30811	48.401
1465	tv	0	noun	30786	48.361
1466	estilo	0	noun	30782	48.355
1467	ficheiro	0	noun	30661	48.165
1468	perfazer	0	verb	30659	48.162
1469	macaco	0	noun	30657	48.159
1470	cadeia	0	noun	30653	48.152
1471	assustado	0	adj	30608	48.082
1472	cancelar	0	verb	30603	48.074
1473	vitória	0	noun	30587	48.049
1474	soar	0	verb	30585	48.046
1475	aposta	0	noun	30549	47.989
1476	iniciar	0	verb	30464	47.856
1477	prémio	0	noun	30449	47.832
1478	beleza	0	noun	30447	47.829
1479	rapidamente	0	adv	30433	47.807
1480	duma	0	det	30413	47.775
1481	género	0	noun	30397	47.750
1482	página	0	noun	30334	47.651
1483	quinta	0	noun	30319	47.628
1484	venda	0	noun	30310	47.614
1485	mil dólares	1	mwe	30283	47.571
1486	atrair	0	verb	30278	47.563
1487	assustador	0	adj	30242	47.507
1488	russo	0	noun	30225	47.480
1489	orgulho	0	noun	30193	47.430
1490	sujo	0	adj	30183	47.414
1491	obviamente	0	adv	30128	47.328
1492	partido	0	noun	30124	47.321
1493	apaixonado	0	adj	30105	47.292
1494	sorrir	0	verb	30066	47.230
1495	século	0	noun	30036	47.183
1496	aeroporto	0	noun	30031	47.175
1497	aguardar	0	verb	30004	47.133
1498	ato	0	noun	29973	47.084
1499	encher	0	verb	29916	46.995
1500	mercado	0	noun	29914	46.992
1501	mencionar	0	verb	29912	46.988
1502	pássaro	0	noun	29871	46.924
1503	vizinho	0	noun	29815	46.836
1504	conhecimento	0	noun	29804	46.819
1505	patrão	0	noun	29778	46.778
1506	solução	0	noun	29712	46.674
1507	maldição	0	noun	29701	46.657
1508	calhar	0	adv	29679	46.622
1509	contrato	0	noun	29661	46.594
1510	oeste	0	noun	29637	46.556
1511	eua	0	noun	29558	46.432
1512	caçar	0	verb	29549	46.418
1513	útil	0	adj	29445	46.255
1514	passe	0	noun	29397	46.179
1515	caça	0	noun	29392	46.172
1516	raptar	0	verb	29371	46.139
1517	ocorrer	0	verb	29354	46.112
1518	nojento	0	adj	29352	46.109
1519	assegurar	0	verb	29350	46.106
1520	vinte	0	num	29311	46.044
1521	puro	0	adj	29288	46.008
1522	favorito	0	adj	29264	45.970
1523	necessidade	0	noun	29245	45.941
1524	sombra	0	noun	29197	45.865
1525	major	0	noun	29172	45.826
1526	temer	0	verb	29167	45.818
1527	ciência	0	noun	29120	45.744
1528	pesquisa	0	noun	29118	45.741
1529	interromper	0	verb	29111	45.730
1530	bocadinho	0	noun	29107	45.724
1531	gás	0	noun	29067	45.661
1532	génio	0	noun	29059	45.648
1533	uso	0	noun	29048	45.631
1534	tempestade	0	noun	28949	45.476
1535	instante	0	noun	28943	45.466
1536	vingança	0	noun	28939	45.460
1537	atrever	0	verb	28928	45.443
1538	doce	0	adj	28895	45.391
1539	chatear	0	verb	28871	45.353
1540	envolvido	0	adj	28820	45.273
1541	algures	0	adv	28781	45.212
1542	emprestar	0	verb	28780	45.210
1543	assassinato	0	noun	28769	45.193
1544	noiva	0	noun	28767	45.190
1545	entrega	0	noun	28747	45.158
1546	bem-vindo	0	verb	28732	45.135
1547	calor	0	noun	28709	45.099
1548	dividir	0	verb	28697	45.080
1549	ambos	0	det	28691	45.070
1550	assalto	0	noun	28661	45.023
1551	pintar	0	verb	28660	45.022
1552	classe	0	noun	28620	44.959
1553	gravar	0	verb	28607	44.938
1554	escuro	0	adj	28600	44.927
1555	explosão	0	noun	28600	44.927
1556	leste	0	noun	28591	44.913
1557	corda	0	noun	28538	44.830
1558	documento	0	noun	28538	44.830
1559	baile	0	noun	28527	44.813
1560	confessar	0	verb	28486	44.748
1561	credo	0	intj	28460	44.707
1562	bolso	0	noun	28458	44.704
1563	época	0	noun	28424	44.651
1564	apreciar	0	verb	28389	44.596
1565	atrasado	0	adj	28377	44.577
1566	convosco	0	pron	28361	44.552
1567	confuso	0	adj	28299	44.455
1568	enfiar	0	verb	28249	44.376
1569	respeitar	0	verb	28242	44.365
1570	permanecer	0	verb	28238	44.359
1571	sensação	0	noun	28206	44.308
1572	formar	0	verb	28169	44.250
1573	morada	0	noun	28144	44.211
1574	lar	0	noun	28139	44.203
1575	secretária	0	noun	28138	44.202
1576	substituir	0	verb	28136	44.199
1577	artigo	0	noun	28110	44.158
1578	tecnologia	0	noun	28107	44.153
1579	digital	0	adj	28088	44.123
1580	morder	0	verb	28085	44.118
1581	organizar	0	verb	28074	44.101
1582	assistente	0	noun	28039	44.046
1583	negro	0	noun	28004	43.991
1584	admirar	0	verb	27965	43.930
1585	cofre	0	noun	27940	43.891
1586	senão	0	adv	27920	43.859
1587	ultrapassar	0	verb	27854	43.756
1588	original	0	adj	27846	43.743
1589	duas semanas	1	mwe	27829	43.716
1590	universo	0	noun	27818	43.699
1591	pessoalmente	0	adv	27786	43.649
1592	boleia	0	noun	27744	43.583
1593	golpe	0	noun	27697	43.509
1594	eliminar	0	verb	27681	43.484
1595	lobo	0	noun	27643	43.424
1596	sir	0	noun	27600	43.357
1597	aéreo	0	adj	27539	43.261
1598	sarilho	0	noun	27521	43.232
1599	capacidade	0	noun	27482	43.171
1600	absolutamente	0	adv	27481	43.170
1601	social	0	adj	27464	43.143
1602	violar	0	verb	27430	43.089
1603	pesadelo	0	noun	27426	43.083
1604	crédito	0	noun	27410	43.058
1605	cigarro	0	noun	27359	42.978
1606	afetar	0	verb	27315	42.909
1607	equipamento	0	noun	27307	42.896
1608	leite	0	noun	27267	42.833
1609	filmar	0	verb	27239	42.789
1610	eis	0	prep	27221	42.761
1611	insistir	0	verb	27213	42.749
1612	controle	0	noun	27196	42.722
1613	possibilidade	0	noun	27174	42.687
1614	modelo	0	noun	27164	42.672
1615	guiar	0	verb	27020	42.445
1616	aldeia	0	noun	27010	42.430
1617	portão	0	noun	26979	42.381
1618	daqueles	0	det	26970	42.367
1619	caraça	0	noun	26943	42.324
1620	camisa	0	noun	26891	42.243
1621	socorro	0	noun	26880	42.225
1622	enfermeira	0	noun	26853	42.183
1623	negociar	0	verb	26818	42.128
1624	diretamente	0	adv	26811	42.117
1625	fronteira	0	noun	26749	42.020
1626	lago	0	noun	26722	41.977
1627	lição	0	noun	26717	41.969
1628	helicóptero	0	noun	26654	41.870
1629	imprensa	0	noun	26654	41.870
1630	futebol	0	noun	26614	41.808
1631	comunicação	0	noun	26597	41.781
1632	armadilha	0	noun	26568	41.735
1633	tentativa	0	noun	26561	41.724
1634	dragão	0	noun	26466	41.575
1635	detalhe	0	noun	26461	41.567
1636	alterar	0	verb	26441	41.536
1637	cavaleiro	0	noun	26428	41.515
1638	menor	0	adj	26401	41.473
1639	onda	0	noun	26350	41.393
1640	arder	0	verb	26337	41.372
1641	lado nenhum	1	mwe	26328	41.358
1642	cinema	0	noun	26320	41.346
1643	jardim	0	noun	26306	41.324
1644	bairro	0	noun	26305	41.322
1645	fã	0	noun	26302	41.318
1646	cópia	0	noun	26261	41.253
1647	quadro	0	noun	26251	41.237
1648	estudo	0	noun	26242	41.223
1649	faço ideia	1	mwe	26239	41.219
1650	prédio	0	noun	26226	41.198
1651	agradar	0	verb	26225	41.197
1652	assistir	0	verb	26201	41.159
1653	estados unidos	1	mwe	26173	41.115
1654	curto	0	adj	26149	41.077
1655	dívida	0	noun	26116	41.025
1656	promessa	0	noun	26102	41.003
1657	alemão	0	noun	26078	40.966
1658	vírus	0	noun	25986	40.821
1659	alerta	0	noun	25981	40.813
1660	péssimo	0	adj	25975	40.804
1661	expulsar	0	verb	25957	40.776
1662	algum problema	1	mwe	25920	40.717
1663	tolo	0	noun	25878	40.651
1664	raiva	0	noun	25858	40.620
1665	ó	0	intj	25852	40.611
1666	sangrar	0	verb	25829	40.574
1667	imbecil	0	noun	25818	40.557
1668	exceto	0	verb	25816	40.554
1669	empregado	0	noun	25779	40.496
1670	joelho	0	noun	25778	40.494
1671	caminhar	0	verb	25777	40.493
1672	máscara	0	noun	25772	40.485
1673	obra	0	noun	25764	40.472
1674	discurso	0	noun	25758	40.463
1675	chocolate	0	noun	25696	40.366
1676	talento	0	noun	25681	40.342
1677	transferir	0	verb	25679	40.339
1678	implorar	0	verb	25673	40.329
1679	curar	0	verb	25661	40.311
1680	entrevista	0	noun	25655	40.301
1681	recolher	0	verb	25635	40.270
1682	casal	0	noun	25596	40.208
1683	aperceber	0	verb	25559	40.150
1684	cinco minutos	1	mwe	25541	40.122
1685	surpreender	0	verb	25531	40.106
1686	jogador	0	noun	25519	40.087
1687	fresco	0	adj	25504	40.064
1688	presença	0	noun	25502	40.061
1689	voto	0	noun	25491	40.044
1690	surgir	0	verb	25490	40.042
1691	inútil	0	adj	25443	39.968
1692	autorização	0	noun	25417	39.927
1693	ilegal	0	adj	25417	39.927
1694	cirurgia	0	noun	25408	39.913
1695	imenso	0	adv	25407	39.912
1696	durar	0	verb	25385	39.877
1697	utilizar	0	verb	25375	39.861
1698	centena	0	noun	25292	39.731
1699	capturar	0	verb	25286	39.721
1700	revista	0	noun	25280	39.712
1701	tratamento	0	noun	25280	39.712
1702	cheque	0	noun	25252	39.668
1703	testar	0	verb	25231	39.635
1704	resistir	0	verb	25227	39.629
1705	reserva	0	noun	25215	39.610
1706	desenhar	0	verb	25205	39.594
1707	tomate	0	noun	25189	39.569
1708	declarar	0	verb	25179	39.553
1709	diante	0	adv	25171	39.541
1710	girar	0	verb	25150	39.508
1711	brincadeira	0	noun	25111	39.447
1712	suportar	0	verb	25078	39.395
1713	combater	0	verb	25039	39.333
1714	carga	0	noun	25013	39.293
1715	analisar	0	verb	25000	39.272
1716	apetecer	0	verb	24984	39.247
1717	falha	0	noun	24978	39.238
1718	safar	0	verb	24974	39.231
1719	urso	0	noun	24965	39.217
1720	veículo	0	noun	24955	39.202
1721	trancar	0	verb	24953	39.198
1722	francês	0	adj	24950	39.194
1723	agência	0	noun	24946	39.187
1724	cancro	0	noun	24929	39.161
1725	pesar	0	verb	24911	39.132
1726	calado	0	adj	24908	39.128
1727	invadir	0	verb	24882	39.087
1728	corajoso	0	adj	24872	39.071
1729	profissional	0	adj	24846	39.030
1730	arrumar	0	verb	24845	39.029
1731	barato	0	adj	24833	39.010
1732	corrente	0	noun	24826	38.999
1733	condenar	0	verb	24815	38.982
1734	cadáver	0	noun	24797	38.953
1735	aparentemente	0	adv	24763	38.900
1736	arrastar	0	verb	24741	38.865
1737	nação	0	noun	24740	38.864
1738	rosa	0	noun	24736	38.857
1739	interno	0	adj	24725	38.840
1740	pequeno-almoço	0	noun	24704	38.807
1741	erva	0	noun	24669	38.752
1742	internet	0	noun	24662	38.741
1743	neve	0	noun	24610	38.660
1744	chato	0	adj	24596	38.638
1745	amostra	0	noun	24533	38.539
1746	anteriormente	0	adv	24526	38.528
1747	padrão	0	noun	24524	38.524
1748	disco	0	noun	24486	38.465
1749	pressa	0	noun	24438	38.389
1750	parecido	0	adj	24423	38.366
1751	cozinhar	0	verb	24409	38.344
1752	uh	0	intj	24399	38.328
1753	recuar	0	verb	24396	38.323
1754	sai daqui	1	mwe	24377	38.294
1755	terreno	0	noun	24362	38.270
1756	exigir	0	verb	24350	38.251
1757	canal	0	noun	24333	38.224
1758	preto	0	noun	24311	38.190
1759	duplo	0	adj	24263	38.114
1760	castelo	0	noun	24261	38.111
1761	milagre	0	noun	24203	38.020
1762	mina	0	noun	24187	37.995
1763	bolsa	0	noun	24185	37.992
1764	limpa	0	adj	24184	37.990
1765	campeão	0	noun	24175	37.976
1766	cela	0	noun	24137	37.917
1767	criminoso	0	noun	24114	37.880
1768	sábado	0	noun	24101	37.860
1769	puto	0	noun	24098	37.855
1770	abençoar	0	verb	24094	37.849
1771	descrever	0	verb	24089	37.841
1772	cruzar	0	verb	24081	37.829
1773	maluco	0	noun	24066	37.805
1774	profundo	0	adj	24009	37.715
1775	deserto	0	noun	23995	37.693
1776	perfeitamente	0	adv	23987	37.681
1777	treinador	0	noun	23953	37.627
1778	jamais	0	adv	23947	37.618
1779	sincero	0	adj	23936	37.601
1780	localização	0	noun	23924	37.582
1781	vermelho	0	noun	23919	37.574
1782	ferida	0	noun	23900	37.544
1783	senador	0	noun	23854	37.472
1784	chuva	0	noun	23844	37.456
1785	passagem	0	noun	23831	37.436
1786	determinar	0	verb	23822	37.422
1787	túnel	0	noun	23813	37.408
1788	notar	0	verb	23811	37.404
1789	funeral	0	noun	23748	37.305
1790	produto	0	noun	23747	37.304
1791	ansioso	0	adj	23742	37.296
1792	ordenar	0	verb	23715	37.254
1793	esquadra	0	noun	23686	37.208
1794	via	0	noun	23678	37.195
1795	largo	0	adj	23636	37.130
1796	roubo	0	noun	23628	37.117
1797	irritar	0	verb	23611	37.090
1798	guerreiro	0	noun	23606	37.082
1799	botão	0	noun	23573	37.031
1800	escravo	0	noun	23572	37.029
1801	garota	0	noun	23545	36.987
1802	domingo	0	noun	23544	36.985
1803	possuir	0	verb	23544	36.985
1804	telhado	0	noun	23533	36.968
1805	ultimamente	0	adv	23525	36.955
1806	diário	0	noun	23515	36.939
1807	zero	0	num	23504	36.922
1808	moeda	0	noun	23489	36.899
1809	calmo	0	adj	23484	36.891
1810	incêndio	0	noun	23474	36.875
1811	adormecer	0	verb	23435	36.814
1812	adn	0	noun	23430	36.806
1813	canto	0	noun	23423	36.795
1814	artista	0	noun	23376	36.721
1815	mama	0	noun	23353	36.685
1816	participar	0	verb	23311	36.619
1817	pela primeira	1	mwe	23297	36.597
1818	aluno	0	noun	23280	36.570
1819	dano	0	noun	23259	36.537
1820	pecado	0	noun	23241	36.509
1821	tomar conta	1	mwe	23166	36.391
1822	passeio	0	noun	23124	36.325
1823	muitas vezes	1	mwe	23069	36.239
1824	prato	0	noun	23047	36.204
1825	tarefa	0	noun	23046	36.203
1826	amante	0	noun	23044	36.200
1827	sociedade	0	noun	23012	36.149
1828	alcançar	0	verb	22952	36.055
1829	divisão	0	noun	22941	36.038
1830	comportamento	0	noun	22917	36.000
1831	nuclear	0	adj	22911	35.991
1832	preocupação	0	noun	22897	35.969
1833	basear	0	verb	22896	35.967
1834	desperdiçar	0	verb	22874	35.932
1835	fila	0	noun	22870	35.926
1836	fábrica	0	noun	22855	35.903
1837	evento	0	noun	22852	35.898
1838	alternativa	0	noun	22849	35.893
1839	liceu	0	noun	22848	35.892
1840	ano passado	1	mwe	22842	35.882
1841	cientista	0	noun	22842	35.882
1842	curioso	0	adj	22833	35.868
1843	traseira	0	noun	22815	35.840
1844	extra	0	adj	22798	35.813
1845	socorro	0	intj	22758	35.750
1846	los angeles	1	mwe	22754	35.744
1847	cura	0	noun	22752	35.741
1848	faremos	0	verb	22752	35.741
1849	pão	0	noun	22752	35.741
1850	arquivo	0	noun	22731	35.708
1851	diamante	0	noun	22694	35.650
1852	identidade	0	noun	22665	35.604
1853	nadar	0	verb	22658	35.593
1854	prostituta	0	noun	22652	35.584
1855	atirador	0	noun	22649	35.579
1856	solteiro	0	adj	22627	35.544
1857	pânico	0	noun	22607	35.513
1858	esforço	0	noun	22592	35.490
1859	lorde	0	noun	22590	35.486
1860	correio	0	noun	22584	35.477
1861	seis meses	1	mwe	22568	35.452
1862	fio	0	noun	22562	35.442
1863	telefonema	0	noun	22557	35.435
1864	vigilância	0	noun	22526	35.386
1865	impressionante	0	adj	22495	35.337
1866	vomitar	0	verb	22490	35.329
1867	maior parte	1	mwe	22489	35.328
1868	ires	0	pron	22487	35.325
1869	roda	0	noun	22483	35.318
1870	anterior	0	adj	22434	35.241
1871	duas horas	1	mwe	22404	35.194
1872	dom	0	noun	22399	35.186
1873	refém	0	noun	22397	35.183
1874	doente	0	noun	22380	35.156
1875	proposta	0	noun	22341	35.095
1876	grau	0	noun	22299	35.029
1877	mentiroso	0	adj	22272	34.987
1878	atividade	0	noun	22268	34.981
1879	vencedor	0	noun	22212	34.893
1880	quilómetro	0	noun	22201	34.875
1881	semana passada	1	mwe	22187	34.853
1882	realizar	0	verb	22171	34.828
1883	vaca	0	noun	22113	34.737
1884	ponta	0	noun	22109	34.731
1885	análise	0	noun	22087	34.696
1886	abater	0	verb	22067	34.665
1887	violência	0	noun	22008	34.572
1888	arrepender	0	verb	22003	34.564
1889	meia	0	num	21993	34.549
1890	tesouro	0	noun	21989	34.542
1891	ombro	0	noun	21974	34.519
1892	cardíaco	0	adj	21953	34.486
1893	cidadão	0	noun	21949	34.479
1894	legenda	0	noun	21926	34.443
1895	palhaço	0	noun	21905	34.410
1896	novidade	0	noun	21874	34.362
1897	cem	0	num	21836	34.302
1898	queixa	0	noun	21832	34.296
1899	topo	0	noun	21822	34.280
1900	gay	0	adj	21818	34.274
1901	discussão	0	noun	21801	34.247
1902	sagrado	0	adj	21792	34.233
1903	consciência	0	noun	21779	34.212
1904	tropa	0	noun	21764	34.189
1905	aterrar	0	verb	21753	34.172
1906	parvo	0	noun	21748	34.164
1907	meus filhos	1	mwe	21734	34.142
1908	teus amigos	1	mwe	21729	34.134
1909	sede	0	noun	21720	34.120
1910	ligado	0	adj	21716	34.113
1911	aprovar	0	verb	21714	34.110
1912	espião	0	noun	21703	34.093
1913	recurso	0	noun	21684	34.063
1914	tenha sido	1	mwe	21669	34.040
1915	oficial	0	adj	21666	34.035
1916	armário	0	noun	21659	34.024
1917	alarme	0	noun	21620	33.963
1918	vantagem	0	noun	21617	33.958
1919	identificação	0	noun	21609	33.945
1920	carteira	0	noun	21586	33.909
1921	emoção	0	noun	21578	33.897
1922	três dias	1	mwe	21573	33.889
1923	mortal	0	adj	21564	33.875
1924	curso	0	noun	21561	33.870
1925	episódio	0	noun	21530	33.821
1926	diversão	0	noun	21516	33.799
1927	bêbado	0	adj	21480	33.743
1928	fase	0	noun	21465	33.719
1929	humanidade	0	noun	21460	33.711
1930	executar	0	verb	21440	33.680
1931	piscina	0	noun	21431	33.666
1932	arruinar	0	verb	21414	33.639
1933	espelho	0	noun	21414	33.639
1934	revisão	0	noun	21405	33.625
1935	batata	0	noun	21340	33.523
1936	elevador	0	noun	21340	33.523
1937	judeu	0	noun	21309	33.474
1938	particular	0	adj	21254	33.388
1939	felicidade	0	noun	21248	33.378
1940	maravilha	0	noun	21244	33.372
1941	enganado	0	adj	21239	33.364
1942	medicamento	0	noun	21236	33.359
1943	perdido	0	adj	21232	33.353
1944	objeto	0	noun	21215	33.326
1945	interrogar	0	verb	21209	33.317
1946	garoto	0	noun	21156	33.234
1947	pra	0	conj	21154	33.231
1948	processar	0	verb	21151	33.226
1949	vires	0	intj	21146	33.218
1950	sócio	0	noun	21132	33.196
1951	perante	0	prep	21131	33.194
1952	expor	0	verb	21123	33.182
1953	mandado	0	noun	21113	33.166
1954	bando	0	noun	21077	33.110
1955	confortável	0	adj	21077	33.110
1956	ferro	0	noun	21067	33.094
1957	comparar	0	verb	21027	33.031
1958	suficientemente	0	adv	21017	33.015
1959	queijo	0	noun	20979	32.956
1960	sabor	0	noun	20960	32.926
1961	disparate	0	noun	20958	32.923
1962	quão	0	adv	20882	32.803
1963	cujo	0	det	20872	32.788
1964	frio	0	adj	20849	32.751
1965	comprimido	0	noun	20830	32.722
1966	praticar	0	verb	20810	32.690
1967	vários	0	det	20810	32.690
1968	estudante	0	noun	20801	32.676
1969	choque	0	noun	20743	32.585
1970	prever	0	verb	20732	32.568
1971	tripulação	0	noun	20722	32.552
1972	suicídio	0	noun	20699	32.516
1973	caçador	0	noun	20690	32.502
1974	registar	0	verb	20687	32.497
1975	ambulância	0	noun	20655	32.447
1976	solo	0	noun	20648	32.436
1977	vidro	0	noun	20578	32.326
1978	importância	0	noun	20575	32.321
1979	dedicar	0	verb	20523	32.239
1980	folha	0	noun	20516	32.228
1981	geral	0	adj	20512	32.222
1982	pó	0	noun	20500	32.203
1983	doido	0	adj	20483	32.177
1984	terrorista	0	noun	20478	32.169
1985	planta	0	noun	20432	32.096
1986	prenda	0	noun	20428	32.090
1987	derrubar	0	verb	20418	32.074
1988	acampamento	0	noun	20415	32.070
1989	votar	0	verb	20411	32.063
1990	óculos	0	noun	20405	32.054
1991	nu	0	adj	20394	32.037
1992	dorme	0	intj	20381	32.016
1993	pobre	0	noun	20374	32.005
1994	alinhar	0	verb	20344	31.958
1995	desenvolver	0	verb	20325	31.928
1996	adorável	0	adj	20312	31.908
1997	transporte	0	noun	20287	31.869
1998	examinar	0	verb	20277	31.853
1999	traidor	0	noun	20272	31.845
2000	daquilo	0	pron	20270	31.842
2001	regresso	0	noun	20262	31.829
2002	bordo	0	noun	20249	31.809
2003	galinha	0	noun	20206	31.741
2004	romântico	0	adj	20203	31.737
2005	unir	0	verb	20190	31.716
2006	chance	0	noun	20187	31.712
2007	explicação	0	noun	20172	31.688
2008	satélite	0	noun	20153	31.658
2009	definitivamente	0	adv	20099	31.573
2010	necessitar	0	verb	20090	31.559
2011	rever	0	verb	20063	31.517
2012	comunidade	0	noun	20049	31.495
2013	comunicar	0	verb	20033	31.470
2014	esmagar	0	verb	20022	31.452
2015	cego	0	adj	20017	31.444
2016	pressionar	0	verb	20007	31.429
2017	queda	0	noun	19991	31.404
2018	turno	0	noun	19988	31.399
2019	sorriso	0	noun	19987	31.397
2020	armazém	0	noun	19975	31.378
2021	disponível	0	adj	19961	31.356
2022	tramar	0	verb	19936	31.317
2023	recentemente	0	adv	19934	31.314
2024	elétrico	0	adj	19919	31.291
2025	passa contigo	1	mwe	19910	31.276
2026	desafio	0	noun	19905	31.269
2027	uns dias	1	mwe	19841	31.168
2028	letra	0	noun	19834	31.157
2029	tarde demais	1	mwe	19779	31.071
2030	garganta	0	noun	19760	31.041
2031	satisfeito	0	adj	19744	31.016
2032	pus	0	noun	19736	31.003
2033	central	0	noun	19732	30.997
2034	bloquear	0	verb	19725	30.986
2035	gravação	0	noun	19687	30.926
2036	raro	0	adj	19667	30.895
2037	superior	0	adj	19614	30.811
2038	ator	0	noun	19596	30.783
2039	doce	0	noun	19574	30.749
2040	declaração	0	noun	19563	30.731
2041	espetacular	0	adj	19543	30.700
2042	jogada	0	noun	19532	30.683
2043	dispositivo	0	noun	19529	30.678
2044	dificuldade	0	noun	19526	30.673
2045	almoçar	0	verb	19454	30.560
2046	cave	0	noun	19428	30.519
2047	fim-de-semana	0	noun	19403	30.480
2048	alvejar	0	verb	19367	30.423
2049	operar	0	verb	19360	30.412
2050	reduzir	0	verb	19339	30.379
2051	positivo	0	adj	19326	30.359
2052	pagamento	0	noun	19324	30.356
2053	saudável	0	adj	19318	30.346
2054	fumo	0	noun	19316	30.343
2055	círculo	0	noun	19291	30.304
2056	alugar	0	verb	19289	30.301
2057	álcool	0	noun	19276	30.280
2058	sinceramente	0	adv	19261	30.257
2059	fita	0	noun	19257	30.251
2060	claramente	0	adv	19238	30.221
2061	brinquedo	0	noun	19221	30.194
2062	amizade	0	noun	19219	30.191
2063	teus pais	1	mwe	19213	30.181
2064	namorar	0	verb	19207	30.172
2065	governador	0	noun	19200	30.161
2066	palco	0	noun	19191	30.147
2067	noivo	0	noun	19174	30.120
2068	mate	0	intj	19173	30.119
2069	milhar	0	noun	19167	30.109
2070	provável	0	adj	19166	30.108
2071	muita gente	1	mwe	19160	30.098
2072	reagir	0	verb	19149	30.081
2073	pistola	0	noun	19139	30.065
2074	reação	0	noun	19130	30.051
2075	limitar	0	verb	19125	30.043
2076	bota	0	noun	19100	30.004
2077	furioso	0	adj	19083	29.977
2078	tanque	0	noun	19067	29.952
2079	oceano	0	noun	19043	29.914
2080	tinta	0	noun	19035	29.902
2081	noutro	0	det	19032	29.897
2082	porto	0	noun	19022	29.881
2083	crise	0	noun	19012	29.866
2084	violento	0	adj	19002	29.850
2085	desfazer	0	verb	18999	29.845
2086	qualidade	0	noun	18998	29.844
2087	anúncio	0	noun	18990	29.831
2088	cinto	0	noun	18990	29.831
2089	várias	0	pron	18963	29.789
2090	campanha	0	noun	18929	29.735
2091	ena	0	noun	18922	29.724
2092	extraordinário	0	adj	18901	29.691
2093	título	0	noun	18895	29.682
2094	estabelecer	0	verb	18891	29.676
2095	permissão	0	noun	18878	29.655
2096	uau	0	intj	18878	29.655
2097	rasto	0	noun	18857	29.622
2098	dominar	0	verb	18850	29.611
2099	mistério	0	noun	18839	29.594
2100	basicamente	0	adv	18837	29.591
2101	cruel	0	adj	18834	29.586
2102	transmitir	0	verb	18829	29.578
2103	facilmente	0	adv	18826	29.574
2104	asa	0	noun	18821	29.566
2105	afogar	0	verb	18813	29.553
2106	feitiço	0	noun	18807	29.544
2107	rock	0	noun	18803	29.537
2108	versão	0	noun	18801	29.534
2109	quartos	0	noun	18799	29.531
2110	espantoso	0	adj	18777	29.497
2111	questionar	0	verb	18777	29.497
2112	gentil	0	adj	18739	29.437
2113	refeição	0	noun	18731	29.424
2114	salto	0	noun	18720	29.407
2115	consequência	0	noun	18687	29.355
2116	santa	0	noun	18686	29.354
2117	sofá	0	noun	18684	29.350
2118	veneno	0	noun	18681	29.346
2119	francês	0	noun	18658	29.310
2120	recompensa	0	noun	18657	29.308
2121	aos outros	1	mwe	18615	29.242
2122	coincidência	0	noun	18615	29.242
2123	sessão	0	noun	18609	29.233
2124	sobrar	0	verb	18580	29.187
2125	atraso	0	noun	18572	29.175
2126	denunciar	0	verb	18571	29.173
2127	lenda	0	noun	18530	29.109
2128	celebrar	0	verb	18508	29.074
2129	nas mãos	1	mwe	18468	29.011
2130	produzir	0	verb	18468	29.011
2131	escuridão	0	noun	18467	29.010
2132	exercício	0	noun	18425	28.944
2133	estômago	0	noun	18419	28.934
2134	liderar	0	verb	18406	28.914
2135	aquecer	0	verb	18395	28.896
2136	querida	0	noun	18395	28.896
2137	testemunhar	0	verb	18375	28.865
2138	calhar	0	verb	18339	28.809
2139	inverno	0	noun	18339	28.809
2140	desenho	0	noun	18336	28.804
2141	aventura	0	noun	18326	28.788
2142	território	0	noun	18317	28.774
2143	suspeita	0	noun	18313	28.768
2144	acender	0	verb	18281	28.717
2145	irás	0	pron	18263	28.689
2146	abraçar	0	verb	18256	28.678
2147	madeira	0	noun	18188	28.571
2148	geração	0	noun	18177	28.554
2149	esforçar	0	verb	18166	28.537
2150	habilidade	0	noun	18154	28.518
2151	nacional	0	noun	18140	28.496
2152	lata	0	noun	18125	28.472
2153	circunstância	0	noun	18121	28.466
2154	presumo	0	verb	18116	28.458
2155	desviar	0	verb	18109	28.447
2156	coma	0	noun	18087	28.413
2157	joia	0	noun	18086	28.411
2158	encantador	0	adj	18074	28.392
2159	garagem	0	noun	18069	28.384
2160	delicioso	0	adj	18067	28.381
2161	alegria	0	noun	18055	28.362
2162	areia	0	noun	18041	28.340
2163	federal	0	adj	18039	28.337
2164	humor	0	noun	18038	28.336
2165	quantidade	0	noun	18037	28.334
2166	período	0	noun	18014	28.298
2167	amarrar	0	verb	17997	28.271
2168	remover	0	verb	17982	28.248
2169	especialista	0	noun	17976	28.238
2170	enlouquecer	0	verb	17971	28.230
2171	comprometer	0	verb	17951	28.199
2172	recente	0	adj	17950	28.197
2173	jornalista	0	noun	17928	28.163
2174	pulso	0	noun	17907	28.130
2175	explosivo	0	noun	17897	28.114
2176	sofrimento	0	noun	17893	28.108
2177	raça	0	noun	17892	28.106
2178	paciência	0	noun	17890	28.103
2179	ativo	0	adj	17888	28.100
2180	total	0	adj	17882	28.091
2181	professora	0	noun	17870	28.072
2182	daquelas	0	det	17864	28.062
2183	pila	0	noun	17855	28.048
2184	policial	0	adj	17854	28.047
2185	mental	0	adj	17842	28.028
2186	marinha	0	noun	17808	27.974
2187	boas notícias	1	mwe	17807	27.973
2188	atitude	0	noun	17763	27.904
2189	coelho	0	noun	17763	27.904
2190	transportar	0	verb	17736	27.861
2191	organização	0	noun	17695	27.797
2192	orelha	0	noun	17686	27.783
2193	publicar	0	verb	17678	27.770
2194	míssil	0	noun	17658	27.739
2195	ministro	0	noun	17652	27.729
2196	abrigo	0	noun	17637	27.706
2197	bem-vinda	0	adj	17616	27.673
2198	sacrifício	0	noun	17616	27.673
2199	audiência	0	noun	17586	27.626
2200	and	0	noun	17581	27.618
2201	gasolina	0	noun	17581	27.618
2202	colar	0	noun	17560	27.585
2203	vela	0	noun	17541	27.555
2204	alcance	0	noun	17537	27.549
2205	legendagem	0	noun	17530	27.538
2206	madame	0	noun	17530	27.538
2207	superar	0	verb	17503	27.495
2208	fada	0	noun	17502	27.494
2209	inspetor	0	noun	17494	27.481
2210	traficante	0	noun	17494	27.481
2211	firme	0	adj	17493	27.480
2212	anunciar	0	verb	17477	27.454
2213	instrução	0	noun	17471	27.445
2214	biblioteca	0	noun	17455	27.420
2215	piorar	0	verb	17454	27.418
2216	teatro	0	noun	17449	27.410
2217	propor	0	verb	17430	27.381
2218	pacote	0	noun	17362	27.274
2219	bateria	0	noun	17360	27.271
2220	demitir	0	verb	17353	27.260
2221	dama	0	noun	17323	27.212
2222	ambiente	0	noun	17321	27.209
2223	medida	0	noun	17299	27.175
2224	abaixar	0	verb	17292	27.164
2225	imperador	0	noun	17287	27.156
2226	chinês	0	adj	17251	27.099
2227	combustível	0	noun	17244	27.088
2228	acordado	0	adj	17238	27.079
2229	inteligência	0	noun	17225	27.059
2230	reforço	0	noun	17217	27.046
2231	milha	0	noun	17201	27.021
2232	fortuna	0	noun	17198	27.016
2233	metido	0	adj	17188	27.000
2234	suicidar	0	verb	17188	27.000
2235	bicicleta	0	noun	17158	26.953
2236	físico	0	adj	17142	26.928
2237	praticamente	0	adv	17142	26.928
2238	vestido	0	adj	17137	26.920
2239	escritor	0	noun	17131	26.911
2240	caber	0	verb	17118	26.890
2241	vingar	0	verb	17109	26.876
2242	jesus cristo	1	mwe	17107	26.873
2243	virgem	0	noun	17083	26.835
2244	sexy	0	adj	17062	26.802
2245	conquistar	0	verb	17059	26.798
2246	incidente	0	noun	17059	26.798
2247	rebelde	0	noun	17040	26.768
2248	aliança	0	noun	17037	26.763
2249	congelar	0	verb	17030	26.752
2250	motorista	0	noun	17023	26.741
2251	secção	0	noun	17017	26.732
2252	trabalhador	0	noun	16998	26.702
2253	costume	0	noun	16994	26.696
2254	quantas vezes	1	mwe	16989	26.688
2255	bandido	0	noun	16974	26.664
2256	pirata	0	noun	16974	26.664
2257	limpeza	0	noun	16958	26.639
2258	cassete	0	noun	16914	26.570
2259	pizza	0	noun	16913	26.568
2260	portar	0	verb	16905	26.556
2261	ativar	0	verb	16883	26.521
2262	moda	0	noun	16872	26.504
2263	gigante	0	adj	16843	26.458
2264	assaltar	0	verb	16842	26.457
2265	lábio	0	noun	16829	26.436
2266	convite	0	noun	16828	26.435
2267	lamento imenso	1	mwe	16828	26.435
2268	aplicar	0	verb	16821	26.424
2269	símbolo	0	noun	16817	26.418
2270	besta	0	noun	16811	26.408
2271	inacreditável	0	adj	16810	26.407
2272	prosseguir	0	verb	16801	26.392
2273	encerrar	0	verb	16776	26.353
2274	patrulha	0	noun	16771	26.345
2275	museu	0	noun	16768	26.341
2276	várias	0	det	16768	26.341
2277	torturar	0	verb	16759	26.327
2278	escudo	0	noun	16758	26.325
2279	conjunto	0	noun	16725	26.273
2280	selvagem	0	adj	16721	26.267
2281	lançamento	0	noun	16704	26.240
2282	precioso	0	adj	16676	26.196
2283	inglês	0	adj	16668	26.184
2284	clínica	0	noun	16624	26.114
2285	arranjo	0	noun	16623	26.113
2286	técnica	0	noun	16593	26.066
2287	x	0	noun	16584	26.052
2288	compensar	0	verb	16575	26.037
2289	pau	0	noun	16569	26.028
2290	meia hora	1	mwe	16546	25.992
2291	esquina	0	noun	16543	25.987
2292	asneira	0	noun	16528	25.964
2293	eh	0	intj	16524	25.957
2294	frequência	0	noun	16523	25.956
2295	recado	0	noun	16520	25.951
2296	produção	0	noun	16507	25.931
2297	metal	0	noun	16506	25.929
2298	adulto	0	noun	16494	25.910
2299	espacial	0	adj	16478	25.885
2300	somente	0	adv	16460	25.857
2301	conferência	0	noun	16437	25.821
2302	depósito	0	noun	16427	25.805
2303	proibir	0	verb	16426	25.803
2304	comissão	0	noun	16417	25.789
2305	comercial	0	adj	16416	25.788
2306	divórcio	0	noun	16392	25.750
2307	recomendar	0	verb	16380	25.731
2308	acelerar	0	verb	16372	25.719
2309	conceder	0	verb	16365	25.708
2310	nossas vidas	1	mwe	16352	25.687
2311	sobrevivente	0	noun	16349	25.682
2312	mato	0	noun	16344	25.675
2313	engolir	0	verb	16341	25.670
2314	amarelo	0	adj	16327	25.648
2315	palácio	0	noun	16314	25.627
2316	quilo	0	noun	16309	25.620
2317	reputação	0	noun	16276	25.568
2318	tender	0	noun	16265	25.550
2319	secreto	0	noun	16264	25.549
2320	estúdio	0	noun	16241	25.513
2321	júri	0	noun	16240	25.511
2322	superfície	0	noun	16229	25.494
2323	sitio	0	noun	16224	25.486
2324	fantasia	0	noun	16218	25.477
2325	instinto	0	noun	16206	25.458
2326	desastre	0	noun	16200	25.448
2327	criminoso	0	adj	16188	25.430
2328	mínimo	0	noun	16176	25.411
2329	assassínio	0	noun	16163	25.390
2330	brilhar	0	verb	16133	25.343
2331	engano	0	noun	16115	25.315
2332	plástico	0	noun	16112	25.310
2333	bravo	0	adj	16110	25.307
2334	render	0	verb	16099	25.290
2335	mato	0	intj	16093	25.280
2336	compromisso	0	noun	16092	25.279
2337	sono	0	noun	16091	25.277
2338	mínimo	0	adj	16088	25.272
2339	esclarecer	0	verb	16078	25.257
2340	grato	0	adj	16047	25.208
2341	passear	0	verb	16047	25.208
2342	lento	0	adj	16001	25.136
2343	mando	0	verb	15997	25.129
2344	educação	0	noun	15969	25.086
2345	paragem	0	noun	15969	25.086
2346	isolar	0	verb	15944	25.046
2347	ofender	0	verb	15931	25.026
2348	ferramenta	0	noun	15926	25.018
2349	obedecer	0	verb	15926	25.018
2350	tubarão	0	noun	15911	24.994
2351	instalar	0	verb	15907	24.988
2352	lê	0	intj	15891	24.963
2353	sacrificar	0	verb	15867	24.925
2354	pausa	0	noun	15865	24.922
2355	cobertura	0	noun	15864	24.921
2356	noutra	0	det	15863	24.919
2357	russo	0	adj	15857	24.910
2358	guia	0	noun	15844	24.889
2359	açúcar	0	noun	15833	24.872
2360	específico	0	adj	15832	24.870
2361	enforcar	0	verb	15827	24.862
2362	popular	0	adj	15824	24.858
2363	paixão	0	noun	15820	24.851
2364	traduzir	0	verb	15808	24.833
2365	leão	0	noun	15806	24.829
2366	traseiro	0	noun	15805	24.828
2367	adiantar	0	verb	15795	24.812
2368	molhar	0	verb	15783	24.793
2369	tonto	0	adj	15780	24.789
2370	demonstrar	0	verb	15778	24.785
2371	passageiro	0	noun	15768	24.770
2372	instalação	0	noun	15758	24.754
2373	progresso	0	noun	15754	24.748
2374	inspirar	0	verb	15751	24.743
2375	índio	0	noun	15738	24.723
2376	função	0	noun	15732	24.713
2377	pesado	0	adj	15726	24.704
2378	rico	0	noun	15722	24.698
2379	glória	0	noun	15717	24.690
2380	tatuagem	0	noun	15717	24.690
2381	temperatura	0	noun	15705	24.671
2382	protocolo	0	noun	15704	24.669
2383	frase	0	noun	15692	24.650
2384	mel	0	noun	15682	24.635
2385	personagem	0	noun	15679	24.630
2386	traição	0	noun	15675	24.624
2387	cretino	0	noun	15673	24.621
2388	boneca	0	noun	15664	24.606
2389	apressar	0	verb	15654	24.591
2390	perdoe	0	verb	15647	24.580
2391	tubo	0	noun	15643	24.573
2392	aborrecer	0	verb	15623	24.542
2393	cagar	0	verb	15621	24.539
2394	senão	0	conj	15609	24.520
2395	sopa	0	noun	15606	24.515
2396	violação	0	noun	15597	24.501
2397	paraíso	0	noun	15591	24.492
2398	ciúme	0	noun	15569	24.457
2399	remédio	0	noun	15545	24.419
2400	pousar	0	verb	15544	24.418
2401	célula	0	noun	15530	24.396
2402	cargo	0	noun	15519	24.379
2403	infeliz	0	adj	15516	24.374
2404	estacionamento	0	noun	15508	24.361
2405	gelado	0	noun	15490	24.333
2406	grito	0	noun	15478	24.314
2407	papa	0	noun	15474	24.308
2408	confundir	0	verb	15470	24.302
2409	munição	0	noun	15457	24.281
2410	frota	0	noun	15456	24.280
2411	aborrecido	0	adj	15453	24.275
2412	drogado	0	noun	15421	24.225
2413	origem	0	noun	15411	24.209
2414	império	0	noun	15408	24.204
2415	resistência	0	noun	15396	24.185
2416	meia-noite	0	noun	15377	24.156
2417	central	0	adj	15376	24.154
2418	civil	0	noun	15373	24.149
2419	imposto	0	noun	15371	24.146
2420	significado	0	noun	15371	24.146
2421	rocha	0	noun	15370	24.145
2422	método	0	noun	15355	24.121
2423	uniforme	0	noun	15355	24.121
2424	lealdade	0	noun	15348	24.110
2425	ferimento	0	noun	15292	24.022
2426	consertar	0	verb	15283	24.008
2427	afirmar	0	verb	15281	24.005
2428	inseto	0	noun	15273	23.992
2429	quarteirão	0	noun	15255	23.964
2430	robô	0	noun	15250	23.956
2431	ódio	0	noun	15236	23.934
2432	extremamente	0	adv	15232	23.928
2433	nesse caso	1	mwe	15229	23.923
2434	rota	0	noun	15223	23.914
2435	champanhe	0	noun	15204	23.884
2436	preencher	0	verb	15200	23.878
2437	fornecer	0	verb	15197	23.873
2438	explorar	0	verb	15167	23.826
2439	tencionar	0	verb	15149	23.797
2440	nuvem	0	noun	15147	23.794
2441	super	0	adj	15144	23.790
2442	chover	0	verb	15125	23.760
2443	resgate	0	noun	15121	23.753
2444	quão	0	pron	15120	23.752
2445	marco	0	noun	15097	23.716
2446	castigar	0	verb	15052	23.645
2447	destruição	0	noun	15047	23.637
2448	autorizar	0	verb	15044	23.632
2449	dispensar	0	verb	15041	23.628
2450	castigo	0	noun	15040	23.626
2451	absoluto	0	adj	15036	23.620
2452	barba	0	noun	15030	23.610
2453	empregada	0	noun	15029	23.609
2454	sensível	0	adj	15023	23.599
2455	barriga	0	noun	15021	23.596
2456	lágrima	0	noun	15020	23.595
2457	afundar	0	verb	14992	23.551
2458	sal	0	noun	14992	23.551
2459	misterioso	0	adj	14991	23.549
2460	trânsito	0	noun	14986	23.541
2461	mijar	0	verb	14985	23.540
2462	milhar	0	num	14982	23.535
2463	patético	0	adj	14970	23.516
2464	chinês	0	noun	14954	23.491
2465	rumor	0	noun	14952	23.488
2466	sexta	0	noun	14930	23.453
2467	nestas	0	det	14927	23.449
2468	sobretudo	0	adv	14926	23.447
2469	multidão	0	noun	14913	23.427
2470	ritmo	0	noun	14912	23.425
2471	bloco	0	noun	14901	23.408
2472	pormenor	0	noun	14891	23.392
2473	atual	0	adj	14875	23.367
2474	frango	0	noun	14865	23.351
2475	trair	0	verb	14865	23.351
2476	cachorro	0	noun	14862	23.347
2477	elemento	0	noun	14849	23.326
2478	medicina	0	noun	14837	23.307
2479	procedimento	0	noun	14837	23.307
2480	escondido	0	adj	14827	23.292
2481	desmaiar	0	verb	14786	23.227
2482	pénis	0	noun	14773	23.207
2483	ideal	0	adj	14771	23.204
2484	desafiar	0	verb	14764	23.193
2485	cerebral	0	adj	14758	23.183
2486	juízo	0	noun	14750	23.171
2487	aliás	0	adv	14722	23.127
2488	coroa	0	noun	14709	23.106
2489	prata	0	noun	14691	23.078
2490	atuar	0	verb	14689	23.075
2491	figura	0	noun	14686	23.070
2492	nestes	0	det	14674	23.051
2493	giro	0	noun	14670	23.045
2494	libra	0	noun	14666	23.039
2495	cerimónia	0	noun	14658	23.026
2496	chupar	0	verb	14646	23.007
2497	luva	0	noun	14646	23.007
2498	exagerar	0	verb	14628	22.979
2499	misturar	0	verb	14623	22.971
2500	neles	0	pron	14598	22.932
2501	funcionário	0	noun	14584	22.910
2502	molho	0	noun	14578	22.900
2503	estacionar	0	verb	14570	22.888
2504	hei-de	0	verb	14556	22.866
2505	posse	0	noun	14551	22.858
2506	pulmão	0	noun	14551	22.858
2507	impressões digitais	1	mwe	14544	22.847
2508	anormal	0	adj	14541	22.842
2509	valioso	0	adj	14535	22.833
2510	lucro	0	noun	14534	22.831
2511	dobrar	0	verb	14529	22.823
2512	fartar	0	verb	14529	22.823
2513	perturbar	0	verb	14524	22.816
2514	atento	0	adj	14517	22.805
2515	cobra	0	noun	14486	22.756
2516	ramo	0	noun	14480	22.746
2517	parto	0	noun	14479	22.745
2518	exceto	0	prep	14475	22.739
2519	vila	0	noun	14472	22.734
2520	clássico	0	adj	14469	22.729
2521	desesperar	0	verb	14466	22.724
2522	fico feliz	1	mwe	14462	22.718
2523	argumento	0	noun	14455	22.707
2524	gaja	0	noun	14445	22.691
2525	cueca	0	noun	14441	22.685
2526	parado	0	adj	14439	22.682
2527	you	0	noun	14439	22.682
2528	trinta	0	num	14432	22.671
2529	camisola	0	noun	14424	22.658
2530	romance	0	noun	14414	22.643
2531	financeiro	0	adj	14410	22.636
2532	atraente	0	adj	14402	22.624
2533	detetar	0	verb	14402	22.624
2534	decente	0	adj	14400	22.621
2535	comportar	0	verb	14386	22.599
2536	igualmente	0	adv	14383	22.594
2537	ave	0	noun	14377	22.585
2538	sumo	0	noun	14363	22.563
2539	abraço	0	noun	14356	22.552
2540	porém	0	conj	14341	22.528
2541	disfarce	0	noun	14331	22.512
2542	surpreendido	0	adj	14330	22.511
2543	corrigir	0	verb	14315	22.487
2544	expressão	0	noun	14306	22.473
2545	transmissão	0	noun	14305	22.472
2546	folga	0	noun	14301	22.465
2547	envenenar	0	verb	14247	22.380
2548	rejeitar	0	verb	14246	22.379
2549	templo	0	noun	14238	22.366
2550	desporto	0	noun	14234	22.360
2551	científico	0	adj	14215	22.330
2552	urgente	0	adj	14209	22.321
2553	oxigénio	0	noun	14195	22.299
2554	envergonhar	0	verb	14144	22.219
2555	heroína	0	noun	14140	22.212
2556	dose	0	noun	14134	22.203
2557	generoso	0	adj	14132	22.200
2558	concerto	0	noun	14131	22.198
2559	esquerdo	0	adj	14113	22.170
2560	distrair	0	verb	14108	22.162
2561	feminino	0	adj	14105	22.157
2562	bandeira	0	noun	14101	22.151
2563	gerente	0	noun	14088	22.131
2564	tecido	0	noun	14052	22.074
2565	culpado	0	noun	14049	22.069
2566	receita	0	noun	14033	22.044
2567	prioridade	0	noun	14030	22.040
2568	aparelho	0	noun	14026	22.033
2569	nacional	0	adj	13988	21.974
2570	condutor	0	noun	13971	21.947
2571	magnífico	0	adj	13958	21.926
2572	horário	0	noun	13951	21.915
2573	meritíssimo	0	adj	13934	21.889
2574	queixar	0	verb	13934	21.889
2575	chegada	0	noun	13929	21.881
2576	enfim	0	adv	13915	21.859
2577	prazo	0	noun	13903	21.840
2578	eleição	0	noun	13900	21.835
2579	impressionado	0	adj	13897	21.831
2580	bastardo	0	noun	13892	21.823
2581	azar	0	noun	13860	21.773
2582	passaporte	0	noun	13849	21.755
2583	calcular	0	verb	13843	21.746
2584	pasta	0	noun	13841	21.743
2585	habituar	0	verb	13840	21.741
2586	doze	0	num	13835	21.733
2587	sexta-feira	0	noun	13818	21.707
2588	sujeito	0	noun	13790	21.663
2589	aceder	0	verb	13782	21.650
2590	construção	0	noun	13774	21.637
2591	hábito	0	noun	13774	21.637
2592	pisar	0	verb	13769	21.630
2593	ceder	0	verb	13768	21.628
2594	febre	0	noun	13751	21.601
2595	sincronia	0	noun	13743	21.589
2596	uns tempos	1	mwe	13742	21.587
2597	time	0	noun	13740	21.584
2598	investir	0	verb	13734	21.575
2599	bíblia	0	noun	13730	21.568
2600	salão	0	noun	13728	21.565
2601	negativo	0	adj	13721	21.554
2602	extraterrestre	0	adj	13712	21.540
2603	show	0	noun	13709	21.535
2604	cabana	0	noun	13708	21.534
2605	caos	0	noun	13706	21.531
2606	pendurar	0	verb	13689	21.504
2607	tradição	0	noun	13687	21.501
2608	moderno	0	adj	13684	21.496
2609	face	0	noun	13679	21.488
2610	terapia	0	noun	13655	21.450
2611	eterno	0	adj	13631	21.413
2612	animar	0	verb	13620	21.395
2613	fabuloso	0	adj	13615	21.388
2614	despedida	0	noun	13613	21.385
2615	ficha	0	noun	13608	21.377
2616	reclamar	0	verb	13600	21.364
2617	estes tipos	1	mwe	13596	21.358
2618	brinde	0	noun	13593	21.353
2619	zangar	0	verb	13554	21.292
2620	caverna	0	noun	13503	21.212
2621	cento	0	num	13501	21.209
2622	interpretar	0	verb	13489	21.190
2623	leitura	0	noun	13471	21.161
2624	federal	0	noun	13470	21.160
2625	cruz	0	noun	13448	21.125
2626	capa	0	noun	13444	21.119
2627	cumprimento	0	noun	13441	21.114
2628	matemática	0	noun	13438	21.110
2629	caneta	0	noun	13437	21.108
2630	região	0	noun	13391	21.036
2631	vossa majestade	1	mwe	13390	21.034
2632	adequado	0	adj	13388	21.031
2633	tranquilo	0	adj	13383	21.023
2634	cultura	0	noun	13373	21.007
2635	concurso	0	noun	13361	20.989
2636	portal	0	noun	13358	20.984
2637	troco	0	noun	13348	20.968
2638	manipular	0	verb	13347	20.967
2639	saudades tuas	1	mwe	13340	20.956
2640	total	0	noun	13324	20.931
2641	custo	0	noun	13323	20.929
2642	yeah	0	noun	13303	20.898
2643	vigia	0	noun	13301	20.894
2644	adaptação	0	noun	13293	20.882
2645	psiquiatra	0	noun	13292	20.880
2646	tragédia	0	noun	13291	20.879
2647	encaixar	0	verb	13274	20.852
2648	curtir	0	verb	13272	20.849
2649	travar	0	verb	13261	20.832
2650	e-mail	0	noun	13256	20.824
2651	única maneira	1	mwe	13246	20.808
2652	gatilho	0	noun	13231	20.784
2653	acabado	0	adj	13226	20.777
2654	pneu	0	noun	13214	20.758
2655	perfil	0	noun	13206	20.745
2656	poço	0	noun	13200	20.736
2657	teria sido	1	mwe	13197	20.731
2658	desconhecer	0	verb	13183	20.709
2659	cinza	0	noun	13176	20.698
2660	egoísta	0	adj	13172	20.692
2661	salário	0	noun	13154	20.663
2662	nessa altura	1	mwe	13135	20.634
2663	assinatura	0	noun	13133	20.630
2664	interferir	0	verb	13122	20.613
2665	tema	0	noun	13103	20.583
2666	infância	0	noun	13100	20.579
2667	unha	0	noun	13099	20.577
2668	ensaio	0	noun	13094	20.569
2669	escuro	0	noun	13091	20.564
2670	bombeiro	0	noun	13090	20.563
2671	consumir	0	verb	13085	20.555
2672	tiroteio	0	noun	13085	20.555
2673	indústria	0	noun	13077	20.543
2674	média	0	noun	13074	20.538
2675	doutora	0	noun	13061	20.517
2676	transferência	0	noun	13058	20.513
2677	indivíduo	0	noun	13038	20.481
2678	selva	0	noun	13029	20.467
2679	dez minutos	1	mwe	13027	20.464
2680	pontapé	0	noun	13021	20.455
2681	leal	0	adj	13020	20.453
2682	felizmente	0	adv	13013	20.442
2683	encarar	0	verb	13012	20.440
2684	noturno	0	adj	13009	20.436
2685	divorciar	0	verb	12988	20.403
2686	oficialmente	0	adv	12985	20.398
2687	aconselhar	0	verb	12983	20.395
2688	político	0	noun	12982	20.393
2689	conde	0	noun	12964	20.365
2690	alteza	0	noun	12956	20.352
2691	cêntimo	0	noun	12953	20.348
2692	voluntário	0	noun	12949	20.341
2693	profissional	0	noun	12943	20.332
2694	requerer	0	verb	12941	20.329
2695	intervalo	0	noun	12934	20.318
2696	beco	0	noun	12931	20.313
2697	feliz natal	1	mwe	12902	20.268
2698	uns minutos	1	mwe	12901	20.266
2699	muro	0	noun	12889	20.247
2700	bosque	0	noun	12875	20.225
2701	casino	0	noun	12874	20.224
2702	primavera	0	noun	12855	20.194
2703	óleo	0	noun	12846	20.180
2704	custódia	0	noun	12844	20.176
2705	suspender	0	verb	12842	20.173
2706	tensão	0	noun	12842	20.173
2707	sincronizar	0	verb	12838	20.167
2708	gerir	0	verb	12831	20.156
2709	endereço	0	noun	12822	20.142
2710	trono	0	noun	12817	20.134
2711	existência	0	noun	12808	20.120
2712	ocasião	0	noun	12805	20.115
2713	união	0	noun	12805	20.115
2714	neto	0	noun	12803	20.112
2715	capital	0	noun	12789	20.090
2716	república	0	noun	12783	20.081
2717	tigre	0	noun	12783	20.081
2718	evacuar	0	verb	12782	20.079
2719	cicatriz	0	noun	12772	20.063
2720	altamente	0	adv	12746	20.023
2721	dali	0	adv	12744	20.019
2722	honrar	0	verb	12744	20.019
2723	palerma	0	noun	12738	20.010
2724	miserável	0	adj	12729	19.996
2725	básico	0	adj	12726	19.991
2726	promover	0	verb	12698	19.947
2727	invasão	0	noun	12695	19.942
2728	placa	0	noun	12676	19.913
2729	visto	0	noun	12675	19.911
2730	amado	0	adj	12651	19.873
2731	abrandar	0	verb	12648	19.869
2732	britânico	0	adj	12648	19.869
2733	apropriar	0	verb	12646	19.865
2734	vendedor	0	noun	12640	19.856
2735	nalgum	0	det	12639	19.854
2736	pintura	0	noun	12638	19.853
2737	neste caso	1	mwe	12635	19.848
2738	confissão	0	noun	12630	19.840
2739	recordação	0	noun	12628	19.837
2740	parente	0	noun	12622	19.828
2741	turma	0	noun	12622	19.828
2742	governar	0	verb	12617	19.820
2743	aparência	0	noun	12615	19.817
2744	renda	0	noun	12605	19.801
2745	influência	0	noun	12589	19.776
2746	tapar	0	verb	12573	19.751
2747	literalmente	0	adv	12563	19.735
2748	atropelar	0	verb	12557	19.726
2749	camarada	0	noun	12557	19.726
2750	amoroso	0	adj	12555	19.723
2751	sobrinho	0	noun	12547	19.710
2752	perímetro	0	noun	12530	19.683
2753	diminuir	0	verb	12525	19.675
2754	detrás	0	adv	12521	19.669
2755	adotar	0	verb	12507	19.647
2756	toalha	0	noun	12486	19.614
2757	adulto	0	adj	12485	19.613
2758	principalmente	0	adv	12483	19.609
2759	conclusão	0	noun	12482	19.608
2760	definir	0	verb	12470	19.589
2761	fraqueza	0	noun	12468	19.586
2762	imaginação	0	noun	12466	19.583
2763	estratégia	0	noun	12463	19.578
2764	convencido	0	adj	12455	19.565
2765	selar	0	verb	12449	19.556
2766	coluna	0	noun	12403	19.484
2767	urgência	0	noun	12401	19.481
2768	descoberta	0	noun	12382	19.451
2769	invisível	0	adj	12373	19.437
2770	temporada	0	noun	12366	19.426
2771	infiltrar	0	verb	12365	19.424
2772	histórico	0	adj	12353	19.405
2773	reservar	0	verb	12353	19.405
2774	candidato	0	noun	12351	19.402
2775	precisamente	0	adv	12345	19.393
2776	lance	0	noun	12338	19.382
2777	comandar	0	verb	12328	19.366
2778	suspeitar	0	verb	12319	19.352
2779	ala	0	noun	12317	19.349
2780	uísque	0	noun	12304	19.328
2781	impacto	0	noun	12301	19.323
2782	competição	0	noun	12292	19.309
2783	esquema	0	noun	12288	19.303
2784	estupidez	0	noun	12271	19.276
2785	chip	0	noun	12260	19.259
2786	taco	0	noun	12255	19.251
2787	colher	0	noun	12250	19.243
2788	internacional	0	adj	12242	19.231
2789	cobrar	0	verb	12241	19.229
2790	infeção	0	noun	12238	19.225
2791	imediato	0	adj	12207	19.176
2792	atrasado	0	verb	12192	19.152
2793	digno	0	adj	12191	19.151
2794	solto	0	noun	12179	19.132
2795	recomeçar	0	verb	12174	19.124
2796	noção	0	noun	12171	19.119
2797	tarte	0	noun	12169	19.116
2798	teto	0	noun	12168	19.115
2799	hum	0	intj	12160	19.102
2800	bestial	0	adj	12158	19.099
2801	falhado	0	noun	12152	19.089
2802	confidencial	0	adj	12151	19.088
2803	comentário	0	noun	12144	19.077
2804	senhorita	0	noun	12134	19.061
2805	estrangeiro	0	noun	12129	19.053
2806	tecnicamente	0	adv	12126	19.049
2807	insultar	0	verb	12125	19.047
2808	duche	0	noun	12124	19.045
2809	há-de	0	verb	12124	19.045
2810	mundial	0	adj	12121	19.041
2811	fraude	0	noun	12116	19.033
2812	feiticeiro	0	noun	12106	19.017
2813	fechado	0	adj	12094	18.998
2814	giro	0	adj	12084	18.983
2815	lixado	0	adj	12080	18.976
2816	sortudo	0	adj	12069	18.959
2817	estrutura	0	noun	12050	18.929
2818	disparo	0	noun	12047	18.924
2819	erguer	0	verb	12044	18.920
2820	físico	0	noun	12042	18.917
2821	golfe	0	noun	12039	18.912
2822	formação	0	noun	12034	18.904
2823	prazer conhecer	1	mwe	12023	18.887
2824	probabilidade	0	noun	12020	18.882
2825	aliado	0	noun	12012	18.870
2826	nomear	0	verb	12007	18.862
2827	comissário	0	noun	11992	18.838
2828	ofensa	0	noun	11987	18.830
2829	legítimo	0	adj	11982	18.822
2830	sintoma	0	noun	11974	18.810
2831	despir	0	verb	11960	18.788
2832	espingarda	0	noun	11950	18.772
2833	máximo	0	adj	11949	18.771
2834	motel	0	noun	11947	18.767
2835	revolução	0	noun	11930	18.741
2836	parvalhão	0	noun	11927	18.736
2837	presa	0	verb	11927	18.736
2838	absurdo	0	adj	11924	18.731
2839	possivelmente	0	adv	11918	18.722
2840	terror	0	noun	11887	18.673
2841	frigorífico	0	noun	11875	18.654
2842	espancar	0	verb	11856	18.624
2843	conhecido	0	adj	11835	18.591
2844	propriamente	0	adv	11835	18.591
2845	aranha	0	noun	11825	18.576
2846	administração	0	noun	11816	18.562
2847	raios partam	1	mwe	11816	18.562
2848	nazi	0	noun	11806	18.546
2849	fugitivo	0	noun	11801	18.538
2850	conspiração	0	noun	11790	18.521
2851	tapete	0	noun	11787	18.516
2852	feira	0	noun	11768	18.486
2853	coleção	0	noun	11763	18.478
2854	combinação	0	noun	11763	18.478
2855	estável	0	adj	11758	18.471
2856	encostar	0	verb	11754	18.464
2857	década	0	noun	11749	18.456
2858	medalha	0	noun	11724	18.417
2859	agitar	0	verb	11723	18.416
2860	genial	0	adj	11721	18.412
2861	lama	0	noun	11721	18.412
2862	juntas	0	adj	11718	18.408
2863	entusiasmado	0	adj	11707	18.390
2864	religião	0	noun	11704	18.386
2865	agulha	0	noun	11699	18.378
2866	amável	0	adj	11698	18.376
2867	hã	0	intj	11697	18.375
2868	cavar	0	verb	11693	18.368
2869	bife	0	noun	11680	18.348
2870	cocaína	0	noun	11677	18.343
2871	órgão	0	noun	11672	18.335
2872	relacionamento	0	noun	11669	18.331
2873	civil	0	adj	11665	18.324
2874	alô	0	intj	11663	18.321
2875	fruta	0	noun	11657	18.312
2876	adolescente	0	noun	11649	18.299
2877	personalidade	0	noun	11647	18.296
2878	setembro	0	noun	11643	18.290
2879	educar	0	verb	11642	18.288
2880	inconsciente	0	adj	11642	18.288
2881	emitir	0	verb	11640	18.285
2882	kg	0	noun	11640	18.285
2883	competir	0	verb	11632	18.273
2884	linguagem	0	noun	11631	18.271
2885	suceder	0	verb	11631	18.271
2886	piso	0	noun	11627	18.265
2887	pastor	0	noun	11625	18.262
2888	acontecimento	0	noun	11623	18.258
2889	interrogatório	0	noun	11620	18.254
2890	elevar	0	verb	11612	18.241
2891	manteiga	0	noun	11610	18.238
2892	exposição	0	noun	11600	18.222
2893	nascimento	0	noun	11598	18.219
2894	nojo	0	noun	11596	18.216
2895	trato disto	1	mwe	11596	18.216
2896	avaliar	0	verb	11594	18.213
2897	luxo	0	noun	11592	18.210
2898	satisfazer	0	verb	11592	18.210
2899	firma	0	noun	11559	18.158
2900	habitual	0	adj	11557	18.155
2901	religioso	0	adj	11554	18.150
2902	laranja	0	noun	11553	18.148
2903	canhão	0	noun	11531	18.114
2904	rumo	0	noun	11530	18.112
2905	adiar	0	verb	11519	18.095
2906	huh	0	intj	11515	18.089
2907	vice-presidente	0	noun	11513	18.086
2908	pescar	0	verb	11506	18.075
2909	detenção	0	noun	11496	18.059
2910	ritual	0	noun	11470	18.018
2911	apresentação	0	noun	11469	18.017
2912	encomenda	0	noun	11469	18.017
2913	ámen	0	intj	11462	18.006
2914	embaixador	0	noun	11455	17.995
2915	radiação	0	noun	11451	17.988
2916	colónia	0	noun	11447	17.982
2917	lesão	0	noun	11442	17.974
2918	depoimento	0	noun	11439	17.969
2919	selvagem	0	noun	11427	17.951
2920	caridade	0	noun	11426	17.949
2921	eletricidade	0	noun	11423	17.944
2922	pregar	0	verb	11415	17.932
2923	mochila	0	noun	11411	17.925
2924	cemitério	0	noun	11406	17.918
2925	velhote	0	noun	11400	17.908
2926	ripar	0	verb	11399	17.907
2927	respiração	0	noun	11391	17.894
2928	olhadela	0	noun	11377	17.872
2929	reconhecimento	0	noun	11368	17.858
2930	colina	0	noun	11365	17.853
2931	exceção	0	noun	11355	17.837
2932	caixão	0	noun	11343	17.819
2933	distante	0	adj	11341	17.815
2934	doloroso	0	adj	11340	17.814
2935	fascinante	0	adj	11339	17.812
2936	basebol	0	noun	11334	17.804
2937	lâmina	0	noun	11334	17.804
2938	vital	0	adj	11331	17.800
2939	sector	0	noun	11327	17.793
2940	parvo	0	adj	11311	17.768
2941	cenário	0	noun	11300	17.751
2942	abelha	0	noun	11289	17.734
2943	submarino	0	noun	11283	17.724
2944	lembrança	0	noun	11282	17.723
2945	prática	0	noun	11277	17.715
2946	conflito	0	noun	11274	17.710
2947	capítulo	0	noun	11263	17.693
2948	almirante	0	noun	11257	17.683
2949	email	0	noun	11254	17.679
2950	solitário	0	adj	11254	17.679
2951	descarregar	0	verb	11253	17.677
2952	receção	0	noun	11250	17.672
2953	rapto	0	noun	11249	17.671
2954	solar	0	adj	11249	17.671
2955	empréstimo	0	noun	11248	17.669
2956	ginásio	0	noun	11243	17.661
2957	barra	0	noun	11240	17.657
2958	típico	0	adj	11233	17.646
2959	academia	0	noun	11216	17.619
2960	petróleo	0	noun	11215	17.618
2961	cansar	0	verb	11211	17.611
2962	audição	0	noun	11201	17.596
2963	tribo	0	noun	11200	17.594
2964	excelência	0	noun	11194	17.585
2965	túmulo	0	noun	11182	17.566
2966	excitado	0	adj	11179	17.561
2967	sobrevivência	0	noun	11178	17.559
2968	músculo	0	noun	11177	17.558
2969	delicado	0	adj	11171	17.548
2970	mergulhar	0	verb	11156	17.525
2971	medir	0	verb	11147	17.511
2972	íntimo	0	adj	11140	17.500
2973	fiel	0	adj	11139	17.498
2974	população	0	noun	11114	17.459
2975	recorde	0	noun	11112	17.456
2976	gravidade	0	noun	11104	17.443
2977	vaga	0	noun	11101	17.438
2978	psicopata	0	noun	11089	17.420
2979	derreter	0	verb	11083	17.410
2980	habituado	0	adj	11071	17.391
2981	resgatar	0	verb	11051	17.360
2982	coordenada	0	noun	11039	17.341
2983	palpite	0	noun	11038	17.339
2984	excitante	0	adj	11036	17.336
2985	exterior	0	noun	11023	17.316
2986	aço	0	noun	11017	17.306
2987	ira	0	noun	11001	17.281
2988	contagem	0	noun	10999	17.278
2989	geralmente	0	adv	10997	17.275
2990	desagradável	0	adj	10995	17.272
2991	secretário	0	noun	10991	17.266
2992	site	0	noun	10988	17.261
2993	sensual	0	adj	10980	17.248
2994	biscoito	0	noun	10979	17.247
2995	pesquisar	0	verb	10966	17.226
2996	mentiroso	0	noun	10961	17.219
2997	oração	0	noun	10961	17.219
2998	fígado	0	noun	10960	17.217
2999	gravata	0	noun	10957	17.212
3000	infantil	0	adj	10950	17.201
3001	impressionar	0	verb	10946	17.195
3002	despertar	0	verb	10935	17.178
3003	inicial	0	adj	10932	17.173
3004	descanso	0	noun	10929	17.168
3005	elegante	0	adj	10916	17.148
3006	agradecido	0	adj	10910	17.138
3007	burro	0	noun	10908	17.135
3008	crânio	0	noun	10886	17.101
3009	descontrair	0	verb	10875	17.083
3010	deitado	0	adj	10865	17.068
3011	esquadrão	0	noun	10865	17.068
3012	reformar	0	verb	10858	17.057
3013	lutador	0	noun	10847	17.039
3014	hemorragia	0	noun	10846	17.038
3015	matéria	0	noun	10839	17.027
3016	percorrer	0	verb	10832	17.016
3017	guardião	0	noun	10826	17.006
3018	taça	0	noun	10817	16.992
3019	sai daí	1	mwe	10812	16.984
3020	concluir	0	verb	10810	16.981
3021	esconderijo	0	noun	10809	16.980
3022	cumprimentar	0	verb	10804	16.972
3023	agenda	0	noun	10800	16.966
3024	razoável	0	adj	10800	16.966
3025	gota	0	noun	10799	16.964
3026	via	0	prep	10799	16.964
3027	dona	0	noun	10794	16.956
3028	piano	0	noun	10790	16.950
3029	mancha	0	noun	10779	16.933
3030	terrorista	0	adj	10775	16.926
3031	protetor	0	noun	10774	16.925
3032	seco	0	adj	10770	16.918
3033	lutar contra	1	mwe	10762	16.906
3034	teus olhos	1	mwe	10762	16.906
3035	sensor	0	noun	10746	16.881
3036	verme	0	noun	10740	16.871
3037	circo	0	noun	10739	16.870
3038	completar	0	verb	10738	16.868
3039	honestamente	0	adv	10734	16.862
3040	anão	0	noun	10732	16.859
3041	telefónico	0	adj	10731	16.857
3042	tenda	0	noun	10722	16.843
3043	cercar	0	verb	10719	16.838
3044	revistar	0	verb	10717	16.835
3045	garantia	0	noun	10716	16.834
3046	treva	0	noun	10716	16.834
3047	emocional	0	adj	10710	16.824
3048	consulta	0	noun	10705	16.816
3049	dessa maneira	1	mwe	10695	16.801
3050	abanar	0	verb	10690	16.793
3051	tarado	0	noun	10688	16.790
3052	minhas mãos	1	mwe	10681	16.779
3053	taxa	0	noun	10679	16.776
3054	peru	0	noun	10677	16.772
3055	festejar	0	verb	10675	16.769
3056	bênção	0	noun	10672	16.765
3057	constar	0	verb	10664	16.752
3058	mamãe	0	noun	10663	16.750
3059	ferido	0	adj	10640	16.714
3060	sábio	0	adj	10638	16.711
3061	líquido	0	noun	10615	16.675
3062	fuzileiro	0	noun	10613	16.672
3063	torto	0	adj	10611	16.669
3064	embaixada	0	noun	10605	16.659
3065	redor	0	noun	10605	16.659
3066	luto	0	noun	10582	16.623
3067	verdadeiramente	0	adv	10582	16.623
3068	congresso	0	noun	10574	16.611
3069	instrumento	0	noun	10566	16.598
3070	cristal	0	noun	10558	16.585
3071	obcecado	0	adj	10529	16.540
3072	alimento	0	noun	10527	16.537
3073	julho	0	noun	10526	16.535
3074	distrito	0	noun	10525	16.534
3075	mira	0	noun	10523	16.530
3076	complexo	0	noun	10519	16.524
3077	cobarde	0	noun	10517	16.521
3078	laço	0	noun	10516	16.519
3079	aumento	0	noun	10512	16.513
3080	investimento	0	noun	10511	16.512
3081	criminal	0	adj	10500	16.494
3082	entretanto	0	conj	10493	16.483
3083	gelado	0	adj	10482	16.466
3084	gene	0	noun	10482	16.466
3085	meta	0	verb	10481	16.464
3086	amanhecer	0	noun	10478	16.460
3087	cuspir	0	verb	10429	16.383
3088	boneco	0	noun	10421	16.370
3089	misericórdia	0	noun	10417	16.364
3090	muralha	0	noun	10416	16.362
3091	italiano	0	adj	10411	16.355
3092	rotina	0	noun	10404	16.344
3093	banheira	0	noun	10392	16.325
3094	intenso	0	adj	10390	16.322
3095	adaptar	0	verb	10389	16.320
3096	privacidade	0	noun	10389	16.320
3097	tchau	0	intj	10386	16.315
3098	cirurgião	0	noun	10382	16.309
3099	palma	0	noun	10375	16.298
3100	bêbado	0	noun	10369	16.289
3101	bens	0	noun	10364	16.281
3102	punho	0	noun	10363	16.279
3103	equipe	0	noun	10356	16.268
3104	más notícias	1	mwe	10356	16.268
3105	dobro	0	noun	10354	16.265
3106	tortura	0	noun	10354	16.265
3107	curva	0	noun	10348	16.256
3108	alfa	0	noun	10340	16.243
3109	prejudicar	0	verb	10332	16.230
3110	mota	0	noun	10322	16.215
3111	sequência	0	noun	10302	16.183
3112	radar	0	noun	10300	16.180
3113	ambos sabemos	1	mwe	10299	16.179
3114	condução	0	noun	10296	16.174
3115	estender	0	verb	10293	16.169
3116	japonês	0	noun	10290	16.164
3117	escala	0	noun	10281	16.150
3118	tremer	0	noun	10271	16.135
3119	pato	0	noun	10266	16.127
3120	temporário	0	adj	10265	16.125
3121	dúzia	0	noun	10264	16.124
3122	ângulo	0	noun	10263	16.122
3123	esfaquear	0	verb	10259	16.116
3124	juramento	0	noun	10222	16.058
3125	hein	0	intj	10219	16.053
3126	economia	0	noun	10215	16.047
3127	feliz aniversário	1	mwe	10215	16.047
3128	engenheiro	0	noun	10213	16.043
3129	elefante	0	noun	10209	16.037
3130	encobrir	0	verb	10202	16.026
3131	margem	0	noun	10201	16.025
3132	burro	0	adj	10193	16.012
3133	recear	0	verb	10186	16.001
3134	cano	0	noun	10170	15.976
3135	focar	0	verb	10166	15.970
3136	naquilo	0	pron	10158	15.957
3137	fodido	0	verb	10155	15.952
3138	curiosidade	0	noun	10144	15.935
3139	converter	0	verb	10141	15.930
3140	profissão	0	noun	10131	15.915
3141	horror	0	noun	10130	15.913
3142	esgotar	0	verb	10121	15.899
3143	pata	0	noun	10107	15.877
3144	próxima semana	1	mwe	10107	15.877
3145	êxito	0	noun	10106	15.875
3146	execução	0	noun	10094	15.857
3147	sugestão	0	noun	10094	15.857
3148	distintivo	0	noun	10086	15.844
3149	reverendo	0	noun	10076	15.828
3150	corresponder	0	verb	10070	15.819
3151	obrigação	0	noun	10070	15.819
3152	pressentimento	0	noun	10069	15.817
3153	salada	0	noun	10067	15.814
3154	acorde	0	noun	10056	15.797
3155	ilusão	0	noun	10056	15.797
3156	viúva	0	noun	10049	15.786
3157	descrição	0	noun	10047	15.783
3158	beira	0	noun	10045	15.780
3159	católico	0	noun	10039	15.770
3160	acrescentar	0	verb	10038	15.769
3161	supremo	0	noun	10034	15.762
3162	incendiar	0	verb	10029	15.754
3163	nobre	0	noun	10028	15.753
3164	ex	0	noun	10027	15.751
3165	suas mãos	1	mwe	10022	15.743
3166	comité	0	noun	10017	15.736
3167	conduta	0	noun	10011	15.726
3168	sacar	0	verb	10011	15.726
3169	stress	0	noun	10005	15.717
3170	publicidade	0	noun	10001	15.710
3171	monsieur	0	noun	9997	15.704
3172	poema	0	noun	9996	15.703
3173	tumor	0	noun	9995	15.701
3174	semente	0	noun	9993	15.698
3175	suave	0	adj	9991	15.695
3176	vestígio	0	noun	9988	15.690
3177	senado	0	noun	9986	15.687
3178	masculino	0	adj	9974	15.668
3179	espiar	0	verb	9963	15.651
3180	quinze	0	num	9963	15.651
3181	rasgar	0	verb	9955	15.638
3182	apertado	0	adj	9953	15.635
3183	destinado	0	adj	9952	15.633
3184	lamber	0	verb	9925	15.591
3185	advogada	0	noun	9924	15.589
3186	global	0	adj	9920	15.583
3187	trancado	0	adj	9920	15.583
3188	campeonato	0	noun	9910	15.568
3189	mundial	0	noun	9908	15.564
3190	espanhol	0	adj	9905	15.560
3191	bêbedo	0	adj	9900	15.552
3192	agressivo	0	adj	9898	15.549
3193	arrasar	0	verb	9878	15.517
3194	mistura	0	noun	9878	15.517
3195	àquele	0	det	9872	15.508
3196	tática	0	noun	9869	15.503
3197	ninho	0	noun	9865	15.497
3198	garra	0	noun	9856	15.483
3199	hambúrguer	0	noun	9856	15.483
3200	espetar	0	verb	9844	15.464
3201	meta	0	noun	9822	15.429
3202	mosca	0	noun	9811	15.412
3203	sentença	0	noun	9803	15.399
3204	restante	0	noun	9802	15.398
3205	frasco	0	noun	9798	15.392
3206	francamente	0	adv	9796	15.388
3207	olhada	0	noun	9793	15.384
3208	ministério	0	noun	9789	15.377
3209	rodear	0	verb	9786	15.373
3210	algema	0	noun	9780	15.363
3211	murro	0	noun	9771	15.349
3212	bebê	0	noun	9770	15.348
3213	circuito	0	noun	9769	15.346
3214	naturalmente	0	adv	9751	15.318
3215	eleger	0	verb	9744	15.307
3216	benefício	0	noun	9732	15.288
3217	segunda-feira	0	noun	9725	15.277
3218	matrícula	0	noun	9717	15.264
3219	atriz	0	noun	9716	15.263
3220	armado	0	adj	9715	15.261
3221	vários	0	pron	9696	15.231
3222	estrangeiro	0	adj	9695	15.230
3223	semelhante	0	adj	9694	15.228
3224	inveja	0	noun	9688	15.219
3225	entretanto	0	adv	9685	15.214
3226	repórter	0	noun	9685	15.214
3227	adquirir	0	verb	9684	15.212
3228	inferior	0	adj	9669	15.189
3229	tristeza	0	noun	9662	15.178
3230	detestar	0	verb	9658	15.172
3231	desfrutar	0	verb	9651	15.161
3232	papelada	0	noun	9649	15.158
3233	médio	0	noun	9639	15.142
3234	injeção	0	noun	9637	15.139
3235	impulso	0	noun	9621	15.114
3236	granada	0	noun	9620	15.112
3237	recrutar	0	verb	9614	15.103
3238	eternidade	0	noun	9613	15.101
3239	elogio	0	noun	9611	15.098
3240	surdo	0	adj	9600	15.081
3241	moral	0	adj	9594	15.071
3242	malvado	0	adj	9589	15.063
3243	avaliação	0	noun	9581	15.051
3244	flash	0	noun	9579	15.048
3245	duque	0	noun	9570	15.033
3246	abertura	0	noun	9564	15.024
3247	raiz	0	noun	9564	15.024
3248	bolacha	0	noun	9557	15.013
3249	conselheiro	0	noun	9552	15.005
3250	implicar	0	verb	9545	14.994
3251	ténis	0	noun	9532	14.974
3252	bordo	0	prep	9529	14.969
3253	envelhecer	0	verb	9527	14.966
3254	gado	0	noun	9509	14.938
3255	nervo	0	noun	9506	14.933
3256	maricas	0	noun	9477	14.887
3257	perseguição	0	noun	9473	14.881
3258	lógica	0	noun	9467	14.872
3259	adiante	0	adv	9462	14.864
3260	sereno	0	noun	9462	14.864
3261	relacionar	0	verb	9460	14.861
3262	associar	0	verb	9458	14.857
3263	criação	0	noun	9457	14.856
3264	enrolar	0	verb	9457	14.856
3265	ruim	0	adj	9430	14.813
3266	grátis	0	adj	9427	14.809
3267	gerar	0	verb	9418	14.795
3268	pesca	0	noun	9415	14.790
3269	meio-dia	0	noun	9410	14.782
3270	parada	0	noun	9404	14.773
3271	disposição	0	noun	9402	14.769
3272	baleia	0	noun	9394	14.757
3273	plataforma	0	noun	9389	14.749
3274	pilotar	0	verb	9384	14.741
3275	colaborar	0	verb	9381	14.737
3276	agressão	0	noun	9378	14.732
3277	automático	0	adj	9363	14.708
3278	creme	0	noun	9360	14.704
3279	encomendar	0	verb	9360	14.704
3280	galáxia	0	noun	9356	14.697
3281	almofada	0	noun	9343	14.677
3282	dica	0	noun	9340	14.672
3283	desgraça	0	noun	9333	14.661
3284	rim	0	noun	9330	14.656
3285	álbum	0	noun	9329	14.655
3286	sandes	0	noun	9325	14.649
3287	cúmplice	0	noun	9324	14.647
3288	gémeo	0	noun	9315	14.633
3289	ajoelhar	0	verb	9313	14.630
3290	hóspede	0	noun	9311	14.627
3291	lanterna	0	noun	9311	14.627
3292	reforma	0	noun	9309	14.623
3293	presumir	0	verb	9303	14.614
3294	estátua	0	noun	9286	14.587
3295	capacete	0	noun	9285	14.586
3296	cinquenta	0	num	9282	14.581
3297	super	0	adv	9281	14.579
3298	fechadura	0	noun	9274	14.568
3299	distribuir	0	verb	9272	14.565
3300	salvador	0	noun	9262	14.550
3301	crítico	0	adj	9257	14.542
3302	ajustar	0	verb	9251	14.532
3303	sólido	0	adj	9244	14.521
3304	vulnerável	0	adj	9237	14.510
3305	autêntico	0	adj	9232	14.502
3306	águia	0	noun	9222	14.487
3307	apuro	0	noun	9217	14.479
3308	técnico	0	noun	9215	14.476
3309	fico contente	1	mwe	9213	14.473
3310	aliviar	0	verb	9212	14.471
3311	injetar	0	verb	9212	14.471
3312	miolo	0	noun	9210	14.468
3313	alegar	0	verb	9199	14.451
3314	lentamente	0	adv	9195	14.444
3315	adversário	0	noun	9194	14.443
3316	alemão	0	adj	9193	14.441
3317	boas-vindas	0	noun	9191	14.438
3318	tímido	0	adj	9191	14.438
3319	relacionado	0	adj	9182	14.424
3320	drama	0	noun	9170	14.405
3321	justificar	0	verb	9159	14.388
3322	facilitar	0	verb	9158	14.386
3323	papai	0	noun	9155	14.381
3324	tuas mãos	1	mwe	9152	14.377
3325	praga	0	noun	9148	14.370
3326	referência	0	noun	9146	14.367
3327	macho	0	noun	9143	14.363
3328	discreto	0	adj	9138	14.355
3329	gerador	0	noun	9136	14.352
3330	velhos tempos	1	mwe	9125	14.334
3331	romano	0	noun	9120	14.327
3332	biológico	0	adj	9118	14.323
3333	piedade	0	noun	9115	14.319
3334	marte	0	noun	9112	14.314
3335	permanente	0	adj	9105	14.303
3336	sobremesa	0	noun	9103	14.300
3337	paranoico	0	adj	9102	14.298
3338	abusar	0	verb	9101	14.297
3339	frito	0	adj	9099	14.294
3340	divino	0	adj	9096	14.289
3341	procurador	0	noun	9093	14.284
3342	eventualmente	0	adv	9088	14.276
3343	negociação	0	noun	9083	14.268
3344	testamento	0	noun	9082	14.267
3345	evidência	0	noun	9076	14.257
3346	laser	0	noun	9074	14.254
3347	sanduíche	0	noun	9072	14.251
3348	àquela	0	det	9066	14.242
3349	desarmar	0	verb	9065	14.240
3350	outubro	0	noun	9063	14.237
3351	banana	0	noun	9061	14.234
3352	desativar	0	verb	9048	14.213
3353	oxalá	0	adv	9040	14.201
3354	autópsia	0	noun	9038	14.198
3355	derramar	0	verb	9029	14.184
3356	seguida	0	noun	9028	14.182
3357	pastilha	0	noun	9027	14.180
3358	informador	0	noun	9022	14.173
3359	independente	0	adj	8999	14.136
3360	anotar	0	verb	8998	14.135
3361	civilização	0	noun	8991	14.124
3362	cápsula	0	noun	8991	14.124
3363	solitária	0	noun	8985	14.114
3364	cego	0	noun	8981	14.108
3365	plantar	0	verb	8979	14.105
3366	cooperar	0	verb	8977	14.102
3367	falecido	0	adj	8975	14.099
3368	portátil	0	noun	8974	14.097
3369	profundamente	0	adv	8969	14.089
3370	aberração	0	noun	8967	14.086
3371	protesto	0	noun	8960	14.075
3372	consultar	0	verb	8959	14.074
3373	despesa	0	noun	8953	14.064
3374	japonês	0	adj	8953	14.064
3375	embaraçoso	0	adj	8949	14.058
3376	gancho	0	noun	8942	14.047
3377	incapaz	0	adj	8937	14.039
3378	leia	0	noun	8929	14.026
3379	residência	0	noun	8917	14.008
3380	esticar	0	verb	8913	14.001
3381	condado	0	noun	8907	13.992
3382	bagagem	0	noun	8904	13.987
3383	rapazinho	0	noun	8902	13.984
3384	seca	0	noun	8902	13.984
3385	cortina	0	noun	8895	13.973
3386	intercetar	0	verb	8894	13.971
3387	testemunho	0	noun	8894	13.971
3388	marinheiro	0	noun	8883	13.954
3389	bravo	0	intj	8869	13.932
3390	navegar	0	verb	8863	13.923
3391	sincronização	0	noun	8852	13.906
3392	hesitar	0	verb	8851	13.904
3393	briga	0	noun	8850	13.902
3394	cowboy	0	intj	8846	13.896
3395	criado	0	noun	8843	13.891
3396	perspetiva	0	noun	8843	13.891
3397	martelo	0	noun	8838	13.884
3398	convocar	0	verb	8836	13.880
3399	ácido	0	noun	8835	13.879
3400	lençol	0	noun	8827	13.866
3401	desgraçado	0	adj	8823	13.860
3402	disfarçar	0	verb	8823	13.860
3403	desaparecimento	0	noun	8820	13.855
3404	servidor	0	noun	8818	13.852
3405	proprietário	0	noun	8814	13.846
3406	lobisomem	0	noun	8813	13.844
3407	algumas perguntas	1	mwe	8808	13.836
3408	balão	0	noun	8801	13.825
3409	ocidental	0	adj	8799	13.822
3410	sensato	0	adj	8798	13.821
3411	otário	0	noun	8794	13.814
3412	desiludir	0	verb	8791	13.810
3413	corrupto	0	adj	8789	13.807
3414	subestimar	0	verb	8781	13.794
3415	tardar	0	verb	8779	13.791
3416	zombie	0	noun	8771	13.778
3417	fode	0	verb	8769	13.775
3418	norma	0	noun	8766	13.770
3419	abril	0	noun	8758	13.758
3420	essencial	0	adj	8757	13.756
3421	judeu	0	adj	8751	13.747
3422	desenvolvimento	0	noun	8747	13.741
3423	capitã	0	noun	8745	13.737
3424	gay	0	noun	8742	13.733
3425	encarregar	0	verb	8729	13.712
3426	fogueira	0	noun	8728	13.711
3427	ecrã	0	noun	8722	13.701
3428	gémeo	0	adj	8721	13.700
3429	presa	0	noun	8716	13.692
3430	juntamente	0	adv	8715	13.690
3431	brutal	0	adj	8712	13.686
3432	sabedoria	0	noun	8710	13.682
3433	constante	0	adj	8709	13.681
3434	exausto	0	adj	8706	13.676
3435	atualmente	0	adv	8703	13.671
3436	excitar	0	verb	8702	13.670
3437	privilégio	0	noun	8700	13.667
3438	distração	0	noun	8688	13.648
3439	cinzento	0	adj	8686	13.645
3440	operacional	0	adj	8684	13.642
3441	divulgar	0	verb	8682	13.638
3442	bilião	0	num	8681	13.637
3443	colete	0	noun	8678	13.632
3444	sugar	0	verb	8675	13.627
3445	visitante	0	noun	8673	13.624
3446	boato	0	noun	8668	13.616
3447	compor	0	verb	8668	13.616
3448	ovelha	0	noun	8663	13.609
3449	bates	0	noun	8662	13.607
3450	gigante	0	noun	8660	13.604
3451	promoção	0	noun	8658	13.601
3452	riqueza	0	noun	8658	13.601
3453	suite	0	noun	8656	13.598
3454	massagem	0	noun	8649	13.587
3455	excluir	0	verb	8646	13.582
3456	online	0	adj	8642	13.576
3457	apelido	0	noun	8620	13.541
3458	sóbrio	0	adj	8615	13.533
3459	jaula	0	noun	8598	13.506
3460	alegre	0	adj	8592	13.497
3461	comemorar	0	verb	8587	13.489
3462	produtor	0	noun	8584	13.485
3463	bancário	0	adj	8580	13.478
3464	multa	0	noun	8579	13.477
3465	gesto	0	noun	8575	13.470
3466	agente especial	1	mwe	8567	13.458
3467	danificar	0	verb	8567	13.458
3468	representante	0	noun	8564	13.453
3469	refletir	0	verb	8558	13.444
3470	coca	0	noun	8551	13.433
3471	álibi	0	noun	8550	13.431
3472	crítico	0	noun	8547	13.426
3473	feijão	0	noun	8543	13.420
3474	teimoso	0	adj	8537	13.411
3475	monitor	0	noun	8530	13.400
3476	nobre	0	adj	8528	13.397
3477	captar	0	verb	8525	13.392
3478	tonelada	0	noun	8524	13.390
3479	recuperação	0	noun	8523	13.389
3480	engravidar	0	verb	8521	13.386
3481	avanço	0	noun	8518	13.381
3482	baby	0	noun	8517	13.379
3483	alteração	0	noun	8516	13.378
3484	maçã	0	noun	8512	13.371
3485	italiano	0	noun	8507	13.364
3486	marcha	0	noun	8504	13.359
3487	flutuar	0	verb	8503	13.357
3488	romano	0	adj	8498	13.349
3489	desaparecida	0	noun	8497	13.348
3490	reconstruir	0	verb	8484	13.327
3491	equilíbrio	0	noun	8483	13.326
3492	dourar	0	verb	8481	13.323
3493	juventude	0	noun	8475	13.313
3494	grego	0	adj	8471	13.307
3495	padrinho	0	noun	8465	13.298
3496	expressar	0	verb	8458	13.287
3497	arrogante	0	adj	8456	13.283
3498	carruagem	0	noun	8455	13.282
3499	ausência	0	noun	8448	13.271
3500	seduzir	0	verb	8432	13.246
3501	solto	0	adj	8432	13.246
3502	onze	0	num	8431	13.244
3503	cauda	0	noun	8428	13.239
3504	observação	0	noun	8425	13.235
3505	salsicha	0	noun	8425	13.235
3506	barreira	0	noun	8424	13.233
3507	barril	0	noun	8423	13.232
3508	inesperado	0	adj	8421	13.228
3509	trauma	0	noun	8421	13.228
3510	centímetro	0	noun	8420	13.227
3511	tolerar	0	verb	8415	13.219
3512	medicação	0	noun	8414	13.217
3513	valente	0	adj	8412	13.214
3514	automóvel	0	noun	8399	13.194
3515	junho	0	noun	8395	13.188
3516	emocionante	0	adj	8394	13.186
3517	esvaziar	0	verb	8393	13.184
3518	conceber	0	verb	8371	13.150
3519	coisinha	0	noun	8368	13.145
3520	sufocar	0	verb	8367	13.144
3521	câmera	0	noun	8362	13.136
3522	enterrado	0	adj	8360	13.133
3523	resumir	0	verb	8360	13.133
3524	abordar	0	verb	8359	13.131
3525	estimar	0	verb	8359	13.131
3526	podre	0	adj	8357	13.128
3527	nora	0	noun	8349	13.115
3528	superior	0	noun	8345	13.109
3529	balear	0	verb	8343	13.106
3530	citar	0	verb	8343	13.106
3531	máfia	0	noun	8336	13.095
3532	reportar	0	verb	8331	13.087
3533	maio	0	noun	8329	13.084
3534	topar	0	verb	8324	13.076
3535	realização	0	noun	8315	13.062
3536	coberto	0	adj	8308	13.051
3537	apetite	0	noun	8306	13.048
3538	jato	0	noun	8306	13.048
3539	apodrecer	0	verb	8304	13.045
3540	enfermaria	0	noun	8300	13.038
3541	kit	0	noun	8300	13.038
3542	núcleo	0	noun	8300	13.038
3543	embarcar	0	verb	8297	13.034
3544	clã	0	noun	8294	13.029
3545	encosta	0	noun	8283	13.012
3546	fabricar	0	verb	8280	13.007
3547	imprimir	0	verb	8279	13.005
3548	serviços secretos	1	mwe	8278	13.004
3549	veia	0	noun	8274	12.998
3550	magro	0	adj	8271	12.993
3551	ousar	0	verb	8261	12.977
3552	amendoim	0	noun	8258	12.972
3553	aterragem	0	noun	8258	12.972
3554	humilhar	0	verb	8258	12.972
3555	tartaruga	0	noun	8258	12.972
3556	sino	0	noun	8257	12.971
3557	castanho	0	adj	8254	12.966
3558	confiante	0	adj	8253	12.965
3559	extrair	0	verb	8234	12.935
3560	animado	0	adj	8231	12.930
3561	remoto	0	adj	8223	12.917
3562	herdeiro	0	noun	8222	12.916
3563	vinda	0	noun	8221	12.914
3564	fiança	0	noun	8220	12.913
3565	moto	0	noun	8220	12.913
3566	deslocar	0	verb	8213	12.902
3567	espiritual	0	adj	8213	12.902
3568	perfume	0	noun	8203	12.886
3569	inclinar	0	verb	8199	12.880
3570	ataque cardíaco	1	mwe	8196	12.875
3571	isco	0	noun	8191	12.867
3572	mansão	0	noun	8187	12.861
3573	chatice	0	noun	8186	12.859
3574	festival	0	noun	8179	12.848
3575	caravana	0	noun	8170	12.834
3576	esfregar	0	verb	8169	12.833
3577	bondade	0	noun	8168	12.831
3578	cola	0	noun	8159	12.817
3579	cabine	0	noun	8143	12.792
3580	romper	0	verb	8137	12.782
3581	piscar	0	noun	8132	12.774
3582	colégio	0	noun	8131	12.773
3583	incrivelmente	0	adv	8129	12.770
3584	gps	0	noun	8128	12.768
3585	atrapalhar	0	verb	8125	12.763
3586	cobertor	0	noun	8125	12.763
3587	gangue	0	noun	8121	12.757
3588	arco	0	noun	8116	12.749
3589	carregamento	0	noun	8111	12.741
3590	liderança	0	noun	8110	12.740
3591	escorregar	0	verb	8107	12.735
3592	celeiro	0	noun	8101	12.726
3593	despejar	0	verb	8092	12.712
3594	auto-estrada	0	noun	8088	12.705
3595	pátio	0	noun	8088	12.705
3596	gang	0	noun	8086	12.702
3597	marchar	0	verb	8084	12.699
3598	poesia	0	noun	8082	12.696
3599	investigador	0	noun	8073	12.682
3600	punir	0	verb	8073	12.682
3601	atmosfera	0	noun	8072	12.680
3602	microfone	0	noun	8072	12.680
3603	encurralar	0	verb	8071	12.679
3604	falecer	0	verb	8071	12.679
3605	milho	0	noun	8068	12.674
3606	bingo	0	noun	8067	12.672
3607	sustentar	0	verb	8067	12.672
3608	desperdício	0	noun	8066	12.671
3609	chávena	0	noun	8054	12.652
3610	oficina	0	noun	8046	12.639
3611	torneio	0	noun	8042	12.633
3612	concentração	0	noun	8039	12.628
3613	exibir	0	verb	8034	12.621
3614	esgoto	0	noun	8032	12.617
3615	ciente	0	adj	8025	12.606
3616	seca	0	adj	8025	12.606
3617	secar	0	verb	8024	12.605
3618	ciclo	0	noun	8017	12.594
3619	vulgar	0	adj	8017	12.594
3620	gaveta	0	noun	8015	12.591
3621	dieta	0	noun	8014	12.589
3622	pro	0	prep	8014	12.589
3623	selo	0	noun	8011	12.584
3624	forense	0	adj	8010	12.583
3625	fardo	0	noun	8008	12.580
3626	pancada	0	noun	8008	12.580
3627	autor	0	noun	8007	12.578
3628	delegado	0	noun	8005	12.575
3629	comentar	0	verb	8000	12.567
3630	vagina	0	noun	7997	12.562
3631	compartilhar	0	verb	7985	12.544
3632	pelotão	0	noun	7981	12.537
3633	trágico	0	adj	7975	12.528
3634	rígido	0	adj	7974	12.526
3635	coco	0	noun	7973	12.525
3636	potência	0	noun	7963	12.509
3637	herdar	0	verb	7958	12.501
3638	pacífico	0	noun	7958	12.501
3639	terça-feira	0	noun	7954	12.495
3640	dinossauro	0	noun	7950	12.489
3641	ensino	0	noun	7946	12.482
3642	hall	0	noun	7937	12.468
3643	oriente	0	noun	7930	12.457
3644	novembro	0	noun	7923	12.446
3645	pilha	0	noun	7923	12.446
3646	segurança nacional	1	mwe	7921	12.443
3647	relva	0	noun	7915	12.434
3648	formidável	0	adj	7909	12.424
3649	cadela	0	noun	7903	12.415
3650	instituição	0	noun	7898	12.407
3651	quinta-feira	0	noun	7898	12.407
3652	pensa nisso	1	mwe	7897	12.405
3653	complicar	0	verb	7896	12.404
3654	turista	0	noun	7890	12.394
3655	conosco	0	adj	7879	12.377
3656	comprador	0	noun	7874	12.369
3657	mandato	0	noun	7866	12.357
3658	mexicano	0	adj	7864	12.353
3659	solicitar	0	verb	7860	12.347
3660	injusto	0	adj	7855	12.339
3661	amigável	0	adj	7852	12.335
3662	conceito	0	noun	7851	12.333
3663	fecho	0	noun	7850	12.331
3664	nessas	0	det	7849	12.330
3665	sobrinha	0	noun	7834	12.306
3666	soco	0	noun	7828	12.297
3667	sapo	0	noun	7822	12.287
3668	boy	0	noun	7820	12.284
3669	genético	0	adj	7820	12.284
3670	constantemente	0	adv	7817	12.280
3671	programar	0	verb	7816	12.278
3672	retrato	0	noun	7809	12.267
3673	soprar	0	verb	7808	12.265
3674	sindicato	0	noun	7800	12.253
3675	criador	0	noun	7798	12.250
3676	desconto	0	noun	7796	12.247
3677	defeito	0	noun	7793	12.242
3678	franco	0	adj	7791	12.239
3679	manobra	0	noun	7790	12.237
3680	manual	0	noun	7787	12.233
3681	pegada	0	noun	7782	12.225
3682	vizinhança	0	noun	7777	12.217
3683	doca	0	noun	7776	12.215
3684	mercadoria	0	noun	7774	12.212
3685	colheita	0	noun	7762	12.193
3686	adicionar	0	verb	7760	12.190
3687	autorizado	0	adj	7760	12.190
3688	flecha	0	noun	7752	12.178
3689	ensaiar	0	verb	7748	12.171
3690	brasa	0	noun	7744	12.165
3691	decerto	0	adv	7744	12.165
3692	desconhecido	0	adj	7743	12.163
3693	magoado	0	adj	7742	12.162
3694	painel	0	noun	7738	12.156
3695	ajudante	0	noun	7736	12.152
3696	filmagem	0	noun	7735	12.151
3697	tenso	0	adj	7734	12.149
3698	pleno	0	adj	7732	12.146
3699	xadrez	0	noun	7726	12.137
3700	intervenção	0	noun	7719	12.126
3701	mensageiro	0	noun	7713	12.116
3702	restaurar	0	verb	7710	12.112
3703	cm	0	noun	7708	12.108
3704	deprimido	0	adj	7706	12.105
3705	distinguir	0	verb	7696	12.090
3706	precaução	0	noun	7694	12.086
3707	alertar	0	verb	7691	12.082
3708	sotaque	0	noun	7690	12.080
3709	terrestre	0	adj	7685	12.072
3710	contentor	0	noun	7684	12.071
3711	extremo	0	adj	7680	12.064
3712	financiar	0	verb	7677	12.060
3713	tomas	0	noun	7674	12.055
3714	pensão	0	noun	7673	12.053
3715	estragado	0	adj	7672	12.052
3716	panqueca	0	noun	7667	12.044
3717	substituto	0	noun	7667	12.044
3718	dignidade	0	noun	7665	12.041
3719	fama	0	noun	7665	12.041
3720	donut	0	noun	7662	12.036
3721	estrago	0	noun	7662	12.036
3722	assar	0	verb	7659	12.031
3723	associação	0	noun	7653	12.022
3724	arca	0	noun	7649	12.016
3725	entrevistar	0	verb	7644	12.008
3726	abuso	0	noun	7643	12.006
3727	pequenino	0	adj	7641	12.003
3728	incriminar	0	verb	7634	11.992
3729	mago	0	noun	7632	11.989
3730	confrontar	0	verb	7630	11.986
3731	penetrar	0	verb	7630	11.986
3732	quintal	0	noun	7629	11.984
3733	bófia	0	noun	7627	11.981
3734	recorrer	0	verb	7616	11.964
3735	delta	0	noun	7615	11.962
3736	dentista	0	noun	7615	11.962
3737	consciente	0	adj	7609	11.953
3738	domínio	0	noun	7607	11.950
3739	mero	0	adj	7600	11.939
3740	whisky	0	noun	7595	11.931
3741	moça	0	noun	7580	11.907
3742	armadura	0	noun	7576	11.901
3743	fundação	0	noun	7576	11.901
3744	robot	0	noun	7574	11.898
3745	ida	0	noun	7570	11.892
3746	atribuir	0	verb	7566	11.885
3747	português	0	noun	7566	11.885
3748	órbita	0	noun	7565	11.884
3749	reflexo	0	noun	7558	11.873
3750	cálculo	0	noun	7552	11.863
3751	sombrio	0	adj	7540	11.844
3752	diagnóstico	0	noun	7539	11.843
3753	fino	0	adj	7538	11.841
3754	imobiliário	0	noun	7532	11.832
3755	tampa	0	noun	7532	11.832
3756	agosto	0	noun	7530	11.829
3757	manga	0	noun	7530	11.829
3758	canalha	0	noun	7528	11.826
3759	psicológico	0	adj	7527	11.824
3760	touro	0	noun	7522	11.816
3761	sermão	0	noun	7521	11.815
3762	frágil	0	adj	7519	11.812
3763	lenço	0	noun	7518	11.810
3764	compaixão	0	noun	7515	11.805
3765	importe	0	verb	7514	11.804
3766	torcer	0	verb	7514	11.804
3767	balde	0	noun	7512	11.801
3768	escondida	0	noun	7510	11.797
3769	conforto	0	noun	7503	11.786
3770	von	0	noun	7502	11.785
3771	porrada	0	noun	7499	11.780
3772	machado	0	noun	7498	11.779
3773	praça	0	noun	7495	11.774
3774	terminal	0	noun	7495	11.774
3775	antepassado	0	noun	7493	11.771
3776	fracasso	0	noun	7487	11.761
3777	opor	0	unk	7487	11.761
3778	espreitar	0	verb	7486	11.760
3779	potencial	0	noun	7481	11.752
3780	circular	0	verb	7477	11.746
3781	fratura	0	noun	7473	11.739
3782	batota	0	noun	7468	11.731
3783	ruivo	0	adj	7466	11.728
3784	iluminar	0	verb	7465	11.727
3785	susto	0	noun	7465	11.727
3786	envelope	0	noun	7461	11.720
3787	seio	0	noun	7458	11.716
3788	dimensão	0	noun	7451	11.705
3789	protegido	0	adj	7447	11.698
3790	intacto	0	adj	7441	11.689
3791	amiguinho	0	noun	7434	11.678
3792	fruto	0	noun	7430	11.672
3793	vilão	0	noun	7430	11.672
3794	retirada	0	noun	7429	11.670
3795	to	0	pron	7429	11.670
3796	gorjeta	0	noun	7426	11.665
3797	fêmea	0	noun	7411	11.642
3798	postal	0	adj	7407	11.636
3799	arroz	0	noun	7400	11.625
3800	evacuação	0	noun	7397	11.620
3801	introduzir	0	verb	7394	11.615
3802	one	0	noun	7394	11.615
3803	senso	0	noun	7393	11.614
3804	costela	0	noun	7391	11.610
3805	anular	0	verb	7390	11.609
3806	vagabundo	0	noun	7390	11.609
3807	acenar	0	verb	7381	11.595
3808	desconfortável	0	adj	7379	11.592
3809	serpente	0	noun	7374	11.584
3810	iá	0	adv	7371	11.579
3811	lavagem	0	noun	7367	11.573
3812	doentio	0	adj	7361	11.563
3813	morgue	0	noun	7355	11.554
3814	mito	0	noun	7353	11.551
3815	orçamento	0	noun	7353	11.551
3816	debate	0	noun	7352	11.549
3817	tornozelo	0	noun	7347	11.541
3818	crença	0	noun	7341	11.532
3819	volante	0	noun	7339	11.529
3820	salvação	0	noun	7334	11.521
3821	hostil	0	adj	7315	11.491
3822	instável	0	adj	7315	11.491
3823	irritante	0	adj	7312	11.486
3824	quarenta	0	num	7312	11.486
3825	parceira	0	noun	7309	11.482
3826	t-shirt	0	noun	7309	11.482
3827	pântano	0	noun	7308	11.480
3828	potencial	0	adj	7307	11.478
3829	quinto	0	adj	7306	11.477
3830	rude	0	adj	7304	11.474
3831	predador	0	noun	7303	11.472
3832	saudação	0	noun	7300	11.467
3833	arriscado	0	adj	7295	11.460
3834	guitarra	0	noun	7295	11.460
3835	fatal	0	adj	7294	11.458
3836	mi	0	noun	7293	11.456
3837	copiar	0	verb	7291	11.453
3838	escavar	0	verb	7291	11.453
3839	pornografia	0	noun	7286	11.445
3840	fúria	0	noun	7285	11.444
3841	dai	0	intj	7279	11.434
3842	executivo	0	adj	7278	11.433
3843	vadia	0	noun	7275	11.428
3844	fralda	0	noun	7268	11.417
3845	armada	0	noun	7265	11.413
3846	acampar	0	verb	7262	11.408
3847	bigode	0	noun	7259	11.403
3848	maquilhagem	0	noun	7254	11.395
3849	estrangular	0	verb	7253	11.394
3850	esquilo	0	noun	7252	11.392
3851	loira	0	noun	7244	11.380
3852	teres vindo	1	mwe	7243	11.378
3853	rata	0	noun	7242	11.376
3854	ruína	0	noun	7238	11.370
3855	nesses	0	det	7235	11.365
3856	assentar	0	verb	7233	11.362
3857	bico	0	noun	7228	11.354
3858	tráfico	0	noun	7227	11.353
3859	múltiplo	0	adj	7218	11.339
3860	sujar	0	verb	7213	11.331
3861	escândalo	0	noun	7206	11.320
3862	cartaz	0	noun	7205	11.318
3863	ronda	0	noun	7189	11.293
3864	careca	0	adj	7179	11.277
3865	nu	0	noun	7176	11.273
3866	bloqueio	0	noun	7175	11.271
3867	promotor	0	noun	7175	11.271
3868	avariar	0	verb	7173	11.268
3869	rancho	0	noun	7171	11.265
3870	ex-mulher	0	noun	7168	11.260
3871	drone	0	noun	7162	11.251
3872	sanguíneo	0	adj	7162	11.251
3873	arrombar	0	verb	7161	11.249
3874	estupor	0	noun	7158	11.244
3875	avenida	0	noun	7156	11.241
3876	glorioso	0	adj	7155	11.240
3877	varrer	0	verb	7153	11.237
3878	queca	0	noun	7151	11.233
3879	gatinho	0	noun	7148	11.229
3880	vodka	0	noun	7148	11.229
3881	carrinho	0	noun	7140	11.216
3882	fórmula	0	noun	7130	11.200
3883	perturbado	0	verb	7125	11.193
3884	libertação	0	noun	7120	11.185
3885	cartel	0	noun	7108	11.166
3886	media	0	noun	7108	11.166
3887	maricas	0	adj	7107	11.164
3888	ladrar	0	verb	7105	11.161
3889	soviético	0	adj	7105	11.161
3890	espanhol	0	noun	7103	11.158
3891	independentemente	0	adv	7100	11.153
3892	vasculhar	0	verb	7100	11.153
3893	brigar	0	noun	7099	11.152
3894	abortar	0	verb	7096	11.147
3895	balcão	0	noun	7094	11.144
3896	condicional	0	adj	7090	11.138
3897	profecia	0	noun	7088	11.134
3898	suar	0	verb	7086	11.131
3899	inscrever	0	verb	7082	11.125
3900	mergulho	0	noun	7081	11.123
3901	troféu	0	noun	7077	11.117
3902	encorajar	0	verb	7073	11.111
3903	candidatar	0	verb	7066	11.100
3904	guião	0	noun	7066	11.100
3905	negativo	0	noun	7063	11.095
3906	dramático	0	adj	7058	11.087
3907	expandir	0	verb	7055	11.083
3908	março	0	noun	7052	11.078
3909	desapontar	0	verb	7051	11.076
3910	especialidade	0	noun	7051	11.076
3911	cozinheiro	0	noun	7045	11.067
3912	raptor	0	noun	7043	11.064
3913	preservativo	0	noun	7038	11.056
3914	congressista	0	noun	7030	11.043
3915	impor	0	verb	7025	11.035
3916	talentoso	0	adj	7016	11.021
3917	arrependido	0	adj	7015	11.020
3918	traçar	0	verb	7012	11.015
3919	brevemente	0	adv	7011	11.013
3920	legado	0	noun	7011	11.013
3921	boxe	0	noun	7009	11.010
3922	massacre	0	noun	7009	11.010
3923	euro	0	noun	7006	11.006
3924	pulseira	0	noun	6998	10.993
3925	assistência	0	noun	6994	10.987
3926	texto	0	noun	6989	10.979
3927	diretora	0	noun	6979	10.963
3928	convés	0	noun	6972	10.952
3929	testa	0	noun	6965	10.941
3930	disciplina	0	noun	6961	10.935
3931	emboscada	0	noun	6956	10.927
3932	edição	0	noun	6953	10.922
3933	ambição	0	noun	6943	10.907
3934	externo	0	adj	6940	10.902
3935	brinco	0	noun	6936	10.896
3936	borboleta	0	noun	6935	10.894
3937	supostamente	0	adv	6934	10.893
3938	galeria	0	noun	6929	10.885
3939	evoluir	0	verb	6928	10.883
3940	centro comercial	1	mwe	6927	10.882
3941	profundidade	0	noun	6922	10.874
3942	amaldiçoar	0	verb	6917	10.866
3943	manutenção	0	noun	6917	10.866
3944	morta	0	noun	6917	10.866
3945	cereal	0	noun	6909	10.853
3946	demonstração	0	noun	6906	10.849
3947	humilde	0	adj	6906	10.849
3948	precipitar	0	verb	6906	10.849
3949	ressuscitar	0	verb	6901	10.841
3950	mutante	0	noun	6900	10.839
3951	agredir	0	verb	6899	10.838
3952	foguete	0	noun	6895	10.831
3953	alistar	0	verb	6894	10.830
3954	honrado	0	adj	6894	10.830
3955	terça	0	noun	6894	10.830
3956	barão	0	noun	6889	10.822
3957	dispor	0	noun	6888	10.820
3958	quantia	0	noun	6876	10.801
3959	queixo	0	noun	6868	10.789
3960	grandalhão	0	noun	6864	10.783
3961	inevitável	0	adj	6861	10.778
3962	irlandês	0	adj	6859	10.775
3963	janeiro	0	noun	6858	10.773
3964	gordura	0	noun	6855	10.768
3965	queima	0	noun	6855	10.768
3966	despistar	0	verb	6854	10.767
3967	consideração	0	noun	6850	10.761
3968	encantar	0	verb	6842	10.748
3969	lavandaria	0	noun	6840	10.745
3970	monge	0	noun	6838	10.742
3971	assombrar	0	verb	6832	10.732
3972	agricultor	0	noun	6831	10.731
3973	gravidez	0	noun	6828	10.726
3974	frequentar	0	verb	6827	10.724
3975	seres humanos	1	mwe	6827	10.724
3976	expectativa	0	noun	6825	10.721
3977	sanita	0	noun	6825	10.721
3978	irmandade	0	noun	6820	10.713
3979	colo	0	noun	6818	10.710
3980	convenção	0	noun	6813	10.702
3981	ego	0	noun	6809	10.696
3982	forno	0	noun	6804	10.688
3983	supervisor	0	noun	6803	10.687
3984	aturar	0	verb	6801	10.684
3985	vacina	0	noun	6800	10.682
3986	bacon	0	noun	6799	10.680
3987	preguiçoso	0	adj	6795	10.674
3988	outono	0	noun	6793	10.671
3989	alívio	0	noun	6792	10.669
3990	servo	0	noun	6790	10.666
3991	recompensar	0	verb	6784	10.657
3992	inserir	0	verb	6781	10.652
3993	afiar	0	verb	6777	10.646
3994	pelos vistos	1	mwe	6777	10.646
3995	tendência	0	noun	6776	10.644
3996	grade	0	noun	6775	10.643
3997	profeta	0	noun	6769	10.633
3998	imitar	0	verb	6768	10.632
3999	químico	0	adj	6766	10.629
4000	caminhada	0	noun	6764	10.625
4001	anónimo	0	adj	6762	10.622
4002	perfeição	0	noun	6762	10.622
4003	cesto	0	noun	6760	10.619
4004	nesta sala	1	mwe	6755	10.611
4005	contudo	0	adv	6752	10.607
4006	vaguear	0	verb	6749	10.602
4007	detonar	0	verb	6747	10.599
4008	fortaleza	0	noun	6747	10.599
4009	poção	0	noun	6742	10.591
4010	volume	0	noun	6742	10.591
4011	psiquiátrico	0	adj	6741	10.589
4012	empatar	0	verb	6720	10.556
4013	mm	0	noun	6719	10.555
4014	atuação	0	noun	6717	10.552
4015	clima	0	noun	6712	10.544
4016	pirar	0	verb	6697	10.520
4017	hmm	0	intj	6694	10.516
4018	poeta	0	noun	6690	10.509
4019	sob controlo	1	mwe	6685	10.501
4020	chocar	0	verb	6684	10.500
4021	editor	0	noun	6682	10.497
4022	exterior	0	adj	6681	10.495
4023	concentrado	0	adj	6679	10.492
4024	reter	0	verb	6679	10.492
4025	corvo	0	noun	6670	10.478
4026	veado	0	noun	6669	10.476
4027	astronauta	0	noun	6667	10.473
4028	continente	0	noun	6666	10.472
4029	dezembro	0	noun	6666	10.472
4030	instituto	0	noun	6664	10.468
4031	viajante	0	noun	6662	10.465
4032	partícula	0	noun	6659	10.461
4033	travão	0	noun	6657	10.457
4034	descolar	0	verb	6654	10.453
4035	terem vindo	1	mwe	6652	10.450
4036	decifrar	0	verb	6651	10.448
4037	aquecimento	0	noun	6650	10.446
4038	medida	0	prep	6647	10.442
4039	litro	0	noun	6644	10.437
4040	desconfiar	0	verb	6643	10.435
4041	comércio	0	noun	6621	10.401
4042	ópera	0	noun	6621	10.401
4043	eficaz	0	adj	6619	10.398
4044	atleta	0	noun	6615	10.391
4045	comes	0	verb	6610	10.384
4046	júnior	0	noun	6609	10.382
4047	reabilitação	0	noun	6600	10.368
4048	espere espere	1	mwe	6599	10.366
4049	reator	0	noun	6598	10.365
4050	deusa	0	intj	6586	10.346
4051	embebedar	0	verb	6586	10.346
4052	discoteca	0	noun	6584	10.343
4053	pérola	0	noun	6583	10.341
4054	carroça	0	noun	6579	10.335
4055	projetar	0	verb	6578	10.333
4056	surpreendente	0	adj	6578	10.333
4057	obstáculo	0	noun	6576	10.330
4058	alérgico	0	adj	6575	10.329
4059	modificar	0	verb	6575	10.329
4060	britânico	0	noun	6572	10.324
4061	cais	0	noun	6572	10.324
4062	hong kong	1	mwe	6569	10.319
4063	aprovação	0	noun	6565	10.313
4064	arena	0	noun	6565	10.313
4065	fatia	0	noun	6564	10.311
4066	banir	0	verb	6563	10.310
4067	calibre	0	noun	6563	10.310
4068	cardeal	0	noun	6562	10.308
4069	correspondência	0	noun	6562	10.308
4070	pronunciar	0	verb	6550	10.289
4071	relatar	0	verb	6547	10.285
4072	liberdade condicional	1	mwe	6545	10.281
4073	visual	0	adj	6539	10.272
4074	queimadura	0	noun	6538	10.270
4075	envergonhado	0	adj	6535	10.266
4076	primeiro-ministro	0	noun	6532	10.261
4077	fotógrafo	0	noun	6530	10.258
4078	tomado	0	adj	6527	10.253
4079	intrometer	0	verb	6518	10.239
4080	bispo	0	noun	6511	10.228
4081	ocultar	0	verb	6510	10.226
4082	desespero	0	noun	6500	10.211
4083	rodar	0	verb	6496	10.204
4084	submeter	0	verb	6494	10.201
4085	músico	0	noun	6493	10.200
4086	invulgar	0	adj	6491	10.197
4087	retribuir	0	verb	6491	10.197
4088	cobra	0	verb	6489	10.193
4089	absorver	0	verb	6487	10.190
4090	recruta	0	noun	6487	10.190
4091	orientação	0	noun	6486	10.189
4092	veterano	0	noun	6486	10.189
4093	regular	0	adj	6485	10.187
4094	depressão	0	noun	6484	10.186
4095	insignificante	0	adj	6483	10.184
4096	morcego	0	noun	6480	10.179
4097	bang	0	noun	6464	10.154
4098	acompanhante	0	noun	6463	10.153
4099	proibido	0	adj	6462	10.151
4100	contato	0	noun	6458	10.145
4101	faixa	0	noun	6454	10.139
4102	suporte	0	noun	6449	10.131
4103	alienígena	0	adj	6447	10.128
4104	machucar	0	verb	6444	10.123
4105	cadastro	0	noun	6443	10.121
4106	substância	0	noun	6433	10.106
4107	secundária	0	noun	6432	10.104
4108	bicho	0	noun	6431	10.102
4109	cuidadoso	0	adj	6431	10.102
4110	exigência	0	noun	6431	10.102
4111	tareia	0	noun	6431	10.102
4112	magnético	0	adj	6429	10.099
4113	confirmação	0	noun	6428	10.098
4114	sepultura	0	noun	6428	10.098
4115	recibo	0	noun	6426	10.095
4116	ruído	0	noun	6422	10.088
4117	cavalgar	0	verb	6419	10.084
4118	desaparecido	0	adj	6419	10.084
4119	decorrer	0	verb	6418	10.082
4120	lindo menino	1	mwe	6416	10.079
4121	escolar	0	adj	6414	10.076
4122	fibra	0	noun	6412	10.073
4123	rolar	0	verb	6412	10.073
4124	pedrado	0	adj	6407	10.065
4125	renunciar	0	verb	6407	10.065
4126	gruta	0	noun	6406	10.063
4127	jornada	0	noun	6403	10.058
4128	quarentena	0	noun	6403	10.058
4129	preservar	0	verb	6402	10.057
4130	brilho	0	noun	6401	10.055
4131	parvoíce	0	noun	6401	10.055
4132	fósforo	0	noun	6390	10.038
4133	tijolo	0	noun	6387	10.033
4134	corretamente	0	adv	6384	10.029
4135	gelar	0	verb	6378	10.019
4136	freira	0	noun	6375	10.014
4137	inspiração	0	noun	6375	10.014
4138	intruso	0	noun	6373	10.011
4139	limão	0	noun	6371	10.008
4140	polo	0	noun	6367	10.002
4141	comprido	0	adj	6366	10.000
4142	narcótico	0	noun	6366	10.000
4143	soro	0	noun	6362	9.994
4144	fotografar	0	verb	6360	9.991
4145	parasita	0	noun	6352	9.978
4146	notável	0	adj	6349	9.974
4147	aposento	0	noun	6347	9.970
4148	rastrear	0	verb	6343	9.964
4149	contribuir	0	verb	6340	9.959
4150	paramédico	0	noun	6340	9.959
4151	celebridade	0	noun	6338	9.956
4152	atentado	0	noun	6337	9.955
4153	suplicar	0	verb	6337	9.955
4154	guarda-costas	0	noun	6336	9.953
4155	bolha	0	noun	6332	9.947
4156	evidente	0	adj	6330	9.944
4157	louvar	0	verb	6330	9.944
4158	ordenado	0	verb	6327	9.939
4159	senha	0	noun	6326	9.937
4160	picar	0	verb	6324	9.934
4161	terrorismo	0	noun	6323	9.933
4162	quarta-feira	0	noun	6318	9.925
4163	exclusivo	0	adj	6315	9.920
4164	raramente	0	adv	6313	9.917
4165	ficção	0	noun	6312	9.915
4166	retornar	0	verb	6312	9.915
4167	temporal	0	adj	6305	9.904
4168	variar	0	verb	6304	9.903
4169	anomalia	0	noun	6300	9.897
4170	borla	0	noun	6299	9.895
4171	rastejar	0	verb	6298	9.893
4172	antecipar	0	verb	6293	9.886
4173	cortesia	0	noun	6292	9.884
4174	alucinação	0	noun	6291	9.882
4175	leilão	0	noun	6287	9.876
4176	vício	0	noun	6281	9.867
4177	bolinho	0	noun	6279	9.864
4178	camada	0	noun	6279	9.864
4179	chanceler	0	noun	6276	9.859
4180	conferir	0	verb	6276	9.859
4181	bónus	0	noun	6275	9.857
4182	municipal	0	adj	6273	9.854
4183	prego	0	noun	6261	9.835
4184	secundário	0	adj	6260	9.834
4185	charuto	0	noun	6255	9.826
4186	lâmpada	0	noun	6253	9.823
4187	escrito	0	noun	6248	9.815
4188	torno	0	noun	6246	9.812
4189	captura	0	noun	6245	9.810
4190	fenda	0	noun	6245	9.810
4191	sofisticado	0	adj	6241	9.804
4192	casa-de-banho	0	noun	6234	9.793
4193	perito	0	adj	6231	9.788
4194	tolice	0	noun	6228	9.783
4195	tornado	0	noun	6227	9.782
4196	juntas	0	noun	6225	9.779
4197	crescimento	0	noun	6224	9.777
4198	fusão	0	noun	6223	9.776
4199	arranhão	0	noun	6222	9.774
4200	discordar	0	verb	6217	9.766
4201	preferido	0	adj	6217	9.766
4202	atar	0	verb	6216	9.765
4203	tinhas dito	1	mwe	6213	9.760
4204	véspera	0	noun	6212	9.758
4205	avatar	0	noun	6205	9.747
4206	invenção	0	noun	6205	9.747
4207	prevenir	0	verb	6200	9.740
4208	lindamente	0	adv	6198	9.736
4209	caseiro	0	adj	6197	9.735
4210	totó	0	noun	6196	9.733
4211	pólvora	0	noun	6192	9.727
4212	fluxo	0	noun	6191	9.725
4213	habitante	0	noun	6189	9.722
4214	lápis	0	noun	6188	9.721
4215	club	0	noun	6181	9.710
4216	batatas fritas	1	mwe	6180	9.708
4217	aluna	0	noun	6176	9.702
4218	subornar	0	verb	6170	9.692
4219	tradicional	0	adj	6170	9.692
4220	silencioso	0	adj	6165	9.685
4221	ninja	0	noun	6162	9.680
4222	descansado	0	adj	6159	9.675
4223	elevado	0	adj	6158	9.674
4224	mercenário	0	noun	6158	9.674
4225	estádio	0	noun	6152	9.664
4226	franco	0	noun	6147	9.656
4227	amador	0	noun	6146	9.655
4228	engenharia	0	noun	6143	9.650
4229	sótão	0	noun	6143	9.650
4230	blá	0	intj	6139	9.644
4231	especificamente	0	adv	6135	9.637
4232	terapeuta	0	noun	6133	9.634
4233	vapor	0	noun	6132	9.633
4234	conveniente	0	adj	6131	9.631
4235	anoitecer	0	verb	6130	9.630
4236	donde	0	adv	6128	9.626
4237	bêbedo	0	noun	6127	9.625
4238	mole	0	adj	6122	9.617
4239	conforme	0	prep	6117	9.609
4240	democracia	0	noun	6109	9.597
4241	gripe	0	noun	6107	9.593
4242	fixo	0	adj	6099	9.581
4243	quite	0	adj	6099	9.581
4244	evolução	0	noun	6091	9.568
4245	passarinho	0	noun	6089	9.565
4246	dezena	0	det	6076	9.545
4247	letal	0	adj	6076	9.545
4248	ratazana	0	noun	6071	9.537
4249	abdicar	0	verb	6069	9.534
4250	bizarro	0	adj	6069	9.534
4251	sms	0	noun	6069	9.534
4252	criticar	0	verb	6061	9.521
4253	insulto	0	noun	6058	9.516
4254	mecanismo	0	noun	6057	9.515
4255	operador	0	noun	6054	9.510
4256	whoa	0	noun	6054	9.510
4257	chuveiro	0	noun	6053	9.509
4258	arrefecer	0	verb	6051	9.505
4259	okay	0	intj	6049	9.502
4260	crocodilo	0	noun	6048	9.501
4261	doar	0	verb	6047	9.499
4262	furacão	0	noun	6042	9.491
4263	ofensivo	0	adj	6041	9.490
4264	mês passado	1	mwe	6040	9.488
4265	colapso	0	noun	6033	9.477
4266	pirâmide	0	noun	6033	9.477
4267	gratidão	0	noun	6032	9.476
4268	oposto	0	adj	6032	9.476
4269	correção	0	noun	6029	9.471
4270	guardado	0	adj	6020	9.457
4271	separação	0	noun	6015	9.449
4272	obsessão	0	noun	6012	9.444
4273	insinuar	0	verb	6011	9.443
4274	aproximadamente	0	adv	6009	9.439
4275	bastão	0	noun	6009	9.439
4276	macio	0	adj	6003	9.430
4277	faminto	0	adj	6002	9.428
4278	fisicamente	0	adv	6001	9.427
4279	fofinho	0	adj	5999	9.424
4280	centavo	0	noun	5992	9.413
4281	fator	0	noun	5992	9.413
4282	aluguer	0	noun	5991	9.411
4283	software	0	noun	5988	9.406
4284	carácter	0	noun	5987	9.405
4285	rolo	0	noun	5986	9.403
4286	grama	0	noun	5984	9.400
4287	atração	0	noun	5981	9.395
4288	sequestrar	0	verb	5978	9.391
4289	brindar	0	verb	5973	9.383
4290	acolher	0	verb	5971	9.380
4291	couro	0	noun	5966	9.372
4292	urina	0	noun	5964	9.369
4293	detido	0	adj	5960	9.362
4294	formulário	0	noun	5960	9.362
4295	chocado	0	adj	5957	9.358
4296	mexicano	0	noun	5956	9.356
4297	campainha	0	noun	5953	9.351
4298	to	0	unk	5943	9.336
4299	devorar	0	verb	5942	9.334
4300	tropeçar	0	verb	5941	9.333
4301	cd	0	noun	5940	9.331
4302	roupa interior	1	mwe	5936	9.325
4303	camarão	0	noun	5931	9.317
4304	artéria	0	noun	5914	9.290
4305	tóxico	0	adj	5912	9.287
4306	turco	0	noun	5910	9.284
4307	maré	0	noun	5909	9.282
4308	facial	0	adj	5896	9.262
4309	sujeitar	0	verb	5896	9.262
4310	administrar	0	verb	5886	9.246
4311	distinto	0	adj	5886	9.246
4312	cor-de-rosa	0	adj	5885	9.245
4313	tronco	0	noun	5885	9.245
4314	batalhão	0	noun	5883	9.242
4315	desfile	0	noun	5883	9.242
4316	empresário	0	noun	5881	9.238
4317	degrau	0	noun	5880	9.237
4318	iniciativa	0	noun	5880	9.237
4319	decidido	0	adj	5879	9.235
4320	noivado	0	noun	5875	9.229
4321	torpedo	0	noun	5875	9.229
4322	organismo	0	noun	5872	9.224
4323	oriental	0	noun	5863	9.210
4324	vigilante	0	noun	5861	9.207
4325	fragmento	0	noun	5858	9.202
4326	atormentar	0	verb	5856	9.199
4327	hospedeiro	0	noun	5856	9.199
4328	farda	0	noun	5855	9.198
4329	dvd	0	noun	5854	9.196
4330	vegetal	0	noun	5854	9.196
4331	desgraçado	0	noun	5853	9.194
4332	furar	0	verb	5851	9.191
4333	raposa	0	noun	5848	9.187
4334	pijama	0	noun	5847	9.185
4335	sonda	0	noun	5847	9.185
4336	marcial	0	adj	5840	9.174
4337	irrelevante	0	adj	5838	9.171
4338	bombardear	0	verb	5836	9.168
4339	desligado	0	adj	5835	9.166
4340	póquer	0	noun	5835	9.166
4341	votação	0	noun	5832	9.161
4342	lua-de-mel	0	noun	5829	9.157
4343	inofensivo	0	adj	5828	9.155
4344	planar	0	verb	5823	9.147
4345	pular	0	verb	5823	9.147
4346	tramado	0	adj	5821	9.144
4347	esfomeado	0	adj	5818	9.139
4348	retomar	0	verb	5817	9.138
4349	adeusinho	0	noun	5815	9.135
4350	sétimo	0	adj	5815	9.135
4351	sumir	0	verb	5810	9.127
4352	perfurar	0	verb	5808	9.124
4353	perpétuo	0	adj	5808	9.124
4354	brigar	0	verb	5804	9.117
4355	estimação	0	noun	5802	9.114
4356	relembrar	0	verb	5794	9.102
4357	peço imensa	1	mwe	5793	9.100
4358	farol	0	noun	5792	9.099
4359	transmissor	0	noun	5789	9.094
4360	depor	0	verb	5787	9.091
4361	ligeiro	0	adj	5786	9.089
4362	polegar	0	noun	5782	9.083
4363	escova	0	noun	5780	9.080
4364	churrasco	0	noun	5779	9.078
4365	depositar	0	verb	5779	9.078
4366	desportivo	0	adj	5774	9.070
4367	anedota	0	noun	5769	9.062
4368	merdoso	0	noun	5767	9.059
4369	orientar	0	verb	5767	9.059
4370	cúpula	0	noun	5766	9.058
4371	informado	0	adj	5764	9.055
4372	love	0	noun	5762	9.051
4373	tabaco	0	noun	5762	9.051
4374	aperto	0	noun	5753	9.037
4375	alegrar	0	verb	5752	9.036
4376	contudo	0	conj	5752	9.036
4377	relevante	0	adj	5750	9.033
4378	fixar	0	verb	5749	9.031
4379	duplicar	0	verb	5748	9.029
4380	escalar	0	verb	5748	9.029
4381	conteúdo	0	noun	5747	9.028
4382	clone	0	noun	5745	9.025
4383	subterrâneo	0	adj	5745	9.025
4384	lésbico	0	adj	5741	9.018
4385	assustaste	0	unk	5737	9.012
4386	comédia	0	noun	5735	9.009
4387	herança	0	noun	5732	9.004
4388	assento	0	noun	5728	8.998
4389	interferência	0	noun	5722	8.989
4390	influenciar	0	verb	5721	8.987
4391	antídoto	0	noun	5719	8.984
4392	reforçar	0	verb	5717	8.981
4393	batedor	0	noun	5715	8.978
4394	homossexual	0	adj	5713	8.974
4395	autógrafo	0	noun	5708	8.967
4396	paizinho	0	noun	5705	8.962
4397	supermercado	0	noun	5705	8.962
4398	forjar	0	verb	5704	8.960
4399	convincente	0	adj	5698	8.951
4400	excesso	0	noun	5698	8.951
4401	refúgio	0	noun	5697	8.949
4402	destacar	0	verb	5692	8.941
4403	político	0	adj	5690	8.938
4404	ativado	0	verb	5688	8.935
4405	cogumelo	0	noun	5688	8.935
4406	fofo	0	adj	5687	8.934
4407	gaita	0	noun	5682	8.926
4408	pico	0	noun	5682	8.926
4409	ringue	0	noun	5678	8.920
4410	minúsculo	0	adj	5677	8.918
4411	caçada	0	noun	5675	8.915
4412	pequenino	0	noun	5673	8.912
4413	obscuro	0	adj	5665	8.899
4414	culto	0	noun	5662	8.894
4415	prateleira	0	noun	5661	8.893
4416	combinado	0	adj	5660	8.891
4417	química	0	noun	5659	8.890
4418	somar	0	verb	5657	8.887
4419	económico	0	adj	5652	8.879
4420	top	0	noun	5650	8.876
4421	senhoria	0	noun	5649	8.874
4422	santuário	0	noun	5646	8.869
4423	imediato	0	noun	5645	8.868
4424	case	0	noun	5644	8.866
4425	calculo	0	noun	5638	8.857
4426	observador	0	noun	5634	8.850
4427	pipoca	0	noun	5633	8.849
4428	optar	0	verb	5630	8.844
4429	racista	0	adj	5630	8.844
4430	gabar	0	verb	5621	8.830
4431	expedição	0	noun	5619	8.827
4432	pentágono	0	noun	5618	8.825
4433	masturbar	0	verb	5616	8.822
4434	preferido	0	verb	5616	8.822
4435	agradecimento	0	noun	5614	8.819
4436	categoria	0	noun	5613	8.817
4437	comunista	0	adj	5610	8.813
4438	cacifo	0	noun	5607	8.808
4439	basquetebol	0	noun	5603	8.802
4440	conservar	0	verb	5602	8.800
4441	embaixo	0	adv	5592	8.784
4442	pacto	0	noun	5587	8.777
4443	suborno	0	noun	5587	8.777
4444	relato	0	noun	5586	8.775
4445	feito	0	noun	5584	8.772
4446	apoderar	0	verb	5579	8.764
4447	sangrento	0	adj	5579	8.764
4448	nelas	0	pron	5577	8.761
4449	ho	0	noun	5576	8.759
4450	seguidor	0	noun	5574	8.756
4451	finanças	0	noun	5568	8.747
4452	particularmente	0	adv	5566	8.744
4453	designar	0	verb	5558	8.731
4454	fazenda	0	noun	5558	8.731
4455	mayor	0	noun	5554	8.725
4456	perverso	0	adj	5554	8.725
4457	varanda	0	noun	5554	8.725
4458	detonador	0	noun	5550	8.718
4459	sussurrar	0	verb	5548	8.715
4460	fax	0	noun	5546	8.712
4461	cultivar	0	verb	5544	8.709
4462	pálido	0	adj	5544	8.709
4463	porteiro	0	noun	5543	8.707
4464	transplante	0	noun	5540	8.703
4465	acostumar	0	verb	5538	8.700
4466	relâmpago	0	noun	5538	8.700
4467	gentileza	0	noun	5536	8.696
4468	velhote	0	adj	5535	8.695
4469	c'um	0	unk	5533	8.692
4470	muitíssimo	0	adv	5533	8.692
4471	investidor	0	noun	5532	8.690
4472	leitor	0	noun	5527	8.682
4473	química	0	adj	5527	8.682
4474	pop	0	noun	5525	8.679
4475	cocktail	0	noun	5516	8.665
4476	caixote	0	noun	5514	8.662
4477	orgulhar	0	verb	5510	8.656
4478	vaso	0	noun	5510	8.656
4479	cavalaria	0	noun	5507	8.651
4480	rival	0	noun	5504	8.646
4481	idêntico	0	adj	5502	8.643
4482	qualificar	0	verb	5499	8.638
4483	vedação	0	noun	5493	8.629
4484	monitorizar	0	verb	5492	8.627
4485	envolvimento	0	noun	5490	8.624
4486	filosofia	0	noun	5487	8.619
4487	páscoa	0	noun	5487	8.619
4488	quartel	0	noun	5483	8.613
4489	invocar	0	verb	5482	8.612
4490	arbusto	0	noun	5481	8.610
4491	chutar	0	verb	5480	8.608
4492	vasto	0	adj	5479	8.607
4493	realista	0	adj	5478	8.605
4494	artificial	0	adj	5476	8.602
4495	desiludido	0	adj	5475	8.601
4496	objeção	0	noun	5474	8.599
4497	cebola	0	noun	5471	8.594
4498	embrulhar	0	verb	5470	8.593
4499	sun	0	noun	5470	8.593
4500	enigma	0	noun	5466	8.586
4501	metralhadora	0	noun	5466	8.586
4502	antigamente	0	adv	5464	8.583
4503	adoecer	0	verb	5463	8.582
4504	ora ora	1	mwe	5461	8.579
4505	desapontado	0	adj	5459	8.575
4506	peste	0	noun	5455	8.569
4507	carbono	0	noun	5452	8.564
4508	viciado	0	noun	5452	8.564
4509	apunhalar	0	verb	5451	8.563
4510	integridade	0	noun	5449	8.560
4511	corporal	0	adj	5448	8.558
4512	noticiário	0	noun	5448	8.558
4513	entusiasmo	0	noun	5445	8.553
4514	resolvido	0	adj	5441	8.547
4515	ya	0	intj	5440	8.546
4516	coincidir	0	verb	5439	8.544
4517	confiscar	0	verb	5439	8.544
4518	federação	0	noun	5438	8.542
4519	decorar	0	verb	5434	8.536
4520	deslizar	0	verb	5433	8.535
4521	inspeção	0	noun	5430	8.530
4522	distraído	0	adj	5428	8.527
4523	intimidar	0	verb	5425	8.522
4524	bruto	0	noun	5423	8.519
4525	necessariamente	0	adv	5422	8.517
4526	altitude	0	noun	5421	8.516
4527	motim	0	noun	5419	8.513
4528	elfo	0	noun	5417	8.510
4529	pescador	0	noun	5414	8.505
4530	seda	0	noun	5413	8.503
4531	adolescente	0	adj	5412	8.502
4532	adrenalina	0	noun	5410	8.499
4533	formiga	0	noun	5404	8.489
4534	legião	0	noun	5404	8.489
4535	sexto	0	adj	5404	8.489
4536	triplo	0	adj	5404	8.489
4537	ralar	0	verb	5403	8.488
4538	serra	0	noun	5401	8.484
4539	aleijar	0	verb	5397	8.478
4540	rodada	0	noun	5393	8.472
4541	escolta	0	noun	5389	8.466
4542	acumular	0	verb	5388	8.464
4543	morro	0	noun	5383	8.456
4544	falcão	0	noun	5382	8.455
4545	solidão	0	noun	5381	8.453
4546	atendar	0	verb	5377	8.447
4547	efetuar	0	verb	5375	8.444
4548	extensão	0	noun	5375	8.444
4549	mona	0	noun	5371	8.437
4550	alemã	0	noun	5369	8.434
4551	mastigar	0	verb	5369	8.434
4552	vizinha	0	noun	5368	8.433
4553	chumbo	0	noun	5366	8.429
4554	jazz	0	noun	5364	8.426
4555	broche	0	noun	5362	8.423
4556	cristão	0	adj	5362	8.423
4557	complicação	0	noun	5360	8.420
4558	missa	0	noun	5360	8.420
4559	elite	0	noun	5359	8.418
4560	bebes	0	noun	5357	8.415
4561	mamilo	0	noun	5354	8.411
4562	engatar	0	verb	5353	8.409
4563	okay	0	noun	5350	8.404
4564	fôlego	0	noun	5348	8.401
4565	realizador	0	noun	5347	8.400
4566	sem-abrigo	0	noun	5347	8.400
4567	presta atenção	1	mwe	5345	8.396
4568	encanto	0	noun	5344	8.395
4569	neutralizar	0	verb	5344	8.395
4570	cubo	0	noun	5343	8.393
4571	man	0	intj	5342	8.392
4572	jurisdição	0	noun	5337	8.384
4573	desmoronar	0	verb	5325	8.365
4574	drive	0	noun	5325	8.365
4575	fracassar	0	verb	5325	8.365
4576	borracha	0	noun	5324	8.363
4577	inocência	0	noun	5321	8.359
4578	salvamento	0	noun	5318	8.354
4579	câmbio	0	noun	5317	8.352
4580	percurso	0	noun	5317	8.352
4581	detetor	0	noun	5316	8.351
4582	improvisar	0	verb	5316	8.351
4583	ancião	0	noun	5315	8.349
4584	obrigatório	0	adj	5312	8.345
4585	avariado	0	adj	5304	8.332
4586	contabilista	0	noun	5300	8.326
4587	vermelhas	0	noun	5298	8.323
4588	fornecedor	0	noun	5296	8.319
4589	afirmativo	0	adj	5291	8.312
4590	improvável	0	adj	5285	8.302
4591	intervir	0	verb	5285	8.302
4592	anca	0	noun	5280	8.294
4593	aparar	0	verb	5278	8.291
4594	perito	0	noun	5278	8.291
4595	judicial	0	adj	5276	8.288
4596	abordagem	0	noun	5274	8.285
4597	aborto	0	noun	5271	8.280
4598	desesperado	0	adj	5271	8.280
4599	aliviado	0	adj	5268	8.275
4600	válvula	0	noun	5268	8.275
4601	modesto	0	adj	5265	8.271
4602	gata	0	noun	5262	8.266
4603	censurar	0	verb	5257	8.258
4604	invés	0	noun	5257	8.258
4605	pílula	0	noun	5251	8.249
4606	xixi	0	noun	5248	8.244
4607	bowling	0	noun	5243	8.236
4608	corporação	0	noun	5241	8.233
4609	maldade	0	noun	5240	8.231
4610	consultório	0	noun	5238	8.228
4611	demissão	0	noun	5237	8.227
4612	cessar	0	verb	5235	8.224
4613	cocó	0	noun	5234	8.222
4614	imundo	0	adj	5232	8.219
4615	recluso	0	noun	5232	8.219
4616	duende	0	noun	5230	8.216
4617	orfanato	0	noun	5227	8.211
4618	bluff	0	noun	5224	8.206
4619	remorso	0	noun	5223	8.205
4620	inúmero	0	adj	5222	8.203
4621	ansiedade	0	noun	5218	8.197
4622	lateral	0	adj	5212	8.187
4623	esperma	0	noun	5211	8.186
4624	desobedecer	0	verb	5209	8.183
4625	localizador	0	noun	5206	8.178
4626	perdedor	0	noun	5206	8.178
4627	golo	0	noun	5201	8.170
4628	aplauso	0	noun	5197	8.164
4629	madrugada	0	noun	5197	8.164
4630	aceso	0	adj	5196	8.162
4631	chulo	0	noun	5194	8.159
4632	sentimental	0	adj	5193	8.158
4633	desvio	0	noun	5192	8.156
4634	eficiente	0	adj	5191	8.154
4635	porca	0	noun	5185	8.145
4636	tesoura	0	noun	5184	8.143
4637	bacano	0	intj	5183	8.142
4638	irlandês	0	noun	5182	8.140
4639	currículo	0	noun	5180	8.137
4640	fevereiro	0	noun	5179	8.136
4641	desnecessário	0	adj	5178	8.134
4642	baía	0	noun	5171	8.123
4643	deduzir	0	verb	5170	8.121
4644	lareira	0	noun	5169	8.120
4645	resíduo	0	noun	5168	8.118
4646	greve	0	noun	5159	8.104
4647	legista	0	noun	5158	8.103
4648	esplêndido	0	adj	5156	8.099
4649	grandioso	0	adj	5156	8.099
4650	morfina	0	noun	5156	8.099
4651	ferver	0	verb	5155	8.098
4652	condenação	0	noun	5154	8.096
4653	senadora	0	noun	5153	8.095
4654	abrigar	0	verb	5146	8.084
4655	estaca	0	noun	5146	8.084
4656	suor	0	noun	5146	8.084
4657	lente	0	noun	5142	8.078
4658	conquista	0	noun	5140	8.074
4659	noz	0	noun	5139	8.073
4660	muçulmano	0	adj	5136	8.068
4661	recompor	0	verb	5136	8.068
4662	marcação	0	noun	5133	8.063
4663	quebra	0	noun	5131	8.060
4664	aplicação	0	noun	5126	8.052
4665	elaborar	0	verb	5125	8.051
4666	colchão	0	noun	5123	8.048
4667	escocês	0	noun	5123	8.048
4668	verificação	0	noun	5120	8.043
4669	primária	0	noun	5119	8.041
4670	dourado	0	noun	5118	8.040
4671	kung	0	noun	5117	8.038
4672	pera	0	noun	5117	8.038
4673	casco	0	noun	5116	8.037
4674	imunidade	0	noun	5108	8.024
4675	espantar	0	verb	5106	8.021
4676	arqueiro	0	noun	5105	8.019
4677	reparação	0	noun	5104	8.018
4678	definição	0	noun	5093	8.001
4679	transação	0	noun	5084	7.986
4680	sesta	0	noun	5083	7.985
4681	reconsiderar	0	verb	5082	7.983
4682	restringir	0	adj	5082	7.983
4683	ingrediente	0	noun	5081	7.982
4684	concorrer	0	verb	5078	7.977
4685	endireitar	0	verb	5078	7.977
4686	altar	0	noun	5073	7.969
4687	recomendação	0	noun	5073	7.969
4688	massacrar	0	verb	5071	7.966
4689	chef	0	noun	5070	7.964
4690	empregar	0	verb	5070	7.964
4691	patife	0	noun	5070	7.964
4692	honestidade	0	noun	5069	7.963
4693	indefeso	0	adj	5066	7.958
4694	visual	0	noun	5066	7.958
4695	ooh	0	intj	5061	7.950
4696	alcunha	0	noun	5060	7.949
4697	gaiola	0	noun	5059	7.947
4698	consultor	0	noun	5058	7.946
4699	adoção	0	noun	5056	7.942
4700	ponto final	1	mwe	5056	7.942
4701	porão	0	noun	5048	7.930
4702	riso	0	noun	5047	7.928
4703	refugiado	0	noun	5046	7.927
4704	frequentemente	0	adv	5038	7.914
4705	primitivo	0	adj	5038	7.914
4706	inchar	0	verb	5032	7.905
4707	hipoteca	0	noun	5026	7.895
4708	maduro	0	adj	5026	7.895
4709	terramoto	0	noun	5021	7.887
4710	fulano	0	noun	5017	7.881
4711	patente	0	noun	5015	7.878
4712	formal	0	adj	5013	7.875
4713	claque	0	noun	5011	7.872
4714	cobarde	0	adj	5011	7.872
4715	estabilizar	0	verb	5011	7.872
4716	mobília	0	noun	5011	7.872
4717	alienígena	0	noun	5009	7.869
4718	escotilha	0	noun	5007	7.865
4719	aleatório	0	adj	5005	7.862
4720	feriado	0	noun	5005	7.862
4721	húmido	0	adj	5003	7.859
4722	etiqueta	0	noun	4999	7.853
4723	fundador	0	noun	4998	7.851
4724	artilharia	0	noun	4996	7.848
4725	vestida	0	noun	4994	7.845
4726	marijuana	0	noun	4993	7.843
4727	escrito	0	adj	4990	7.839
4728	indicação	0	noun	4990	7.839
4729	criativo	0	adj	4989	7.837
4730	morango	0	noun	4986	7.832
4731	estreia	0	noun	4982	7.826
4732	providenciar	0	verb	4973	7.812
4733	pontaria	0	noun	4971	7.809
4734	sabotar	0	verb	4971	7.809
4735	atualizar	0	verb	4968	7.804
4736	revelação	0	noun	4958	7.788
4737	coro	0	noun	4957	7.787
4738	farmácia	0	noun	4957	7.787
4739	super-herói	0	noun	4957	7.787
4740	amargo	0	adj	4954	7.782
4741	poeira	0	noun	4951	7.777
4742	urinar	0	verb	4948	7.773
4743	fenómeno	0	noun	4946	7.770
4744	lunático	0	noun	4942	7.763
4745	virtude	0	noun	4937	7.755
4746	bateste	0	intj	4930	7.744
4747	trégua	0	noun	4930	7.744
4748	atalho	0	noun	4927	7.740
4749	interruptor	0	noun	4925	7.737
4750	del	0	noun	4924	7.735
4751	passatempo	0	noun	4924	7.735
4752	corrupção	0	noun	4923	7.733
4753	aceitável	0	adj	4920	7.729
4754	jipe	0	noun	4920	7.729
4755	beneficiar	0	verb	4919	7.727
4756	estadual	0	adj	4917	7.724
4757	legalmente	0	adv	4915	7.721
4758	cãozinho	0	noun	4913	7.718
4759	carvão	0	noun	4911	7.715
4760	telegrama	0	noun	4911	7.715
4761	pendurado	0	adj	4910	7.713
4762	preparação	0	noun	4910	7.713
4763	escrava	0	noun	4909	7.711
4764	moral	0	noun	4909	7.711
4765	overdose	0	noun	4904	7.704
4766	marado	0	adj	4896	7.691
4767	genuíno	0	adj	4894	7.688
4768	piquenique	0	noun	4892	7.685
4769	culpado	0	verb	4891	7.683
4770	riscar	0	verb	4890	7.682
4771	desprezar	0	verb	4887	7.677
4772	inclusive	0	adv	4885	7.674
4773	mantimento	0	noun	4885	7.674
4774	velhota	0	noun	4882	7.669
4775	cantor	0	noun	4880	7.666
4776	eletrónico	0	adj	4880	7.666
4777	enfraquecer	0	verb	4880	7.666
4778	relativamente	0	adv	4877	7.661
4779	viciado	0	adj	4873	7.655
4780	corno	0	noun	4872	7.653
4781	revolta	0	noun	4867	7.646
4782	cimo	0	noun	4865	7.642
4783	simpatia	0	noun	4864	7.641
4784	morde	0	noun	4861	7.636
4785	picante	0	adj	4859	7.633
4786	ta	0	noun	4859	7.633
4787	pilar	0	noun	4854	7.625
4788	all	0	noun	4850	7.619
4789	extração	0	noun	4848	7.616
4790	horizonte	0	noun	4846	7.613
4791	encantado	0	adj	4843	7.608
4792	conspirar	0	verb	4841	7.605
4793	escrita	0	noun	4839	7.602
4794	tambor	0	noun	4837	7.598
4795	doméstica	0	noun	4836	7.597
4796	arranhar	0	verb	4835	7.595
4797	antecedente	0	noun	4833	7.592
4798	cadete	0	noun	4833	7.592
4799	asiático	0	adj	4832	7.591
4800	camponês	0	noun	4832	7.591
4801	sacerdote	0	noun	4830	7.587
4802	aplaudir	0	verb	4829	7.586
4803	ausente	0	adj	4829	7.586
4804	exercer	0	verb	4829	7.586
4805	to	0	noun	4829	7.586
4806	avistar	0	verb	4825	7.580
4807	apocalipse	0	noun	4823	7.576
4808	irónico	0	adj	4819	7.570
4809	vendemos	0	unk	4818	7.569
4810	perturbador	0	adj	4814	7.562
4811	grão	0	noun	4811	7.558
4812	semestre	0	noun	4802	7.543
4813	chantagear	0	verb	4798	7.537
4814	homenzinho	0	noun	4798	7.537
4815	auto	0	adj	4795	7.532
4816	iludir	0	verb	4788	7.521
4817	compartimento	0	noun	4786	7.518
4818	ignorante	0	adj	4786	7.518
4819	artefacto	0	noun	4785	7.517
4820	fachada	0	noun	4785	7.517
4821	severo	0	adj	4785	7.517
4822	musical	0	noun	4784	7.515
4823	calendário	0	noun	4783	7.514
4824	mérito	0	noun	4781	7.510
4825	despenhar	0	verb	4780	7.509
4826	caluda	0	noun	4778	7.506
4827	reportagem	0	noun	4775	7.501
4828	lotaria	0	noun	4772	7.496
4829	indício	0	noun	4769	7.492
4830	ria	0	verb	4769	7.492
4831	arquiteto	0	noun	4766	7.487
4832	pica	0	noun	4766	7.487
4833	girl	0	noun	4765	7.485
4834	moreno	0	noun	4764	7.484
4835	movimentar	0	verb	4764	7.484
4836	mana	0	noun	4760	7.477
4837	racional	0	adj	4760	7.477
4838	antiguidade	0	noun	4756	7.471
4839	condicionado	0	adj	4755	7.470
4840	grosso	0	adj	4754	7.468
4841	impecável	0	adj	4754	7.468
4842	rum	0	noun	4754	7.468
4843	companheira	0	noun	4753	7.466
4844	mal-entendido	0	noun	4751	7.463
4845	paradeiro	0	noun	4751	7.463
4846	arruinado	0	adj	4750	7.462
4847	escoltar	0	verb	4748	7.459
4848	subtil	0	adj	4748	7.459
4849	representação	0	noun	4747	7.457
4850	venenoso	0	adj	4746	7.455
4851	hilariante	0	adj	4745	7.454
4852	significativo	0	adj	4743	7.451
4853	artístico	0	adj	4740	7.446
4854	gorila	0	noun	4739	7.444
4855	pateta	0	noun	4739	7.444
4856	coordenar	0	verb	4736	7.440
4857	anfitrião	0	noun	4735	7.438
4858	distúrbio	0	noun	4733	7.435
4859	is	0	noun	4732	7.433
4860	dádiva	0	noun	4730	7.430
4861	décimo	0	adj	4730	7.430
4862	recolha	0	noun	4730	7.430
4863	dúzia	0	num	4729	7.429
4864	outrora	0	adv	4729	7.429
4865	banquete	0	noun	4725	7.422
4866	preferido	0	noun	4724	7.421
4867	samurai	0	noun	4724	7.421
4868	secundário	0	noun	4724	7.421
4869	rufia	0	noun	4723	7.419
4870	acidentalmente	0	adv	4722	7.418
4871	proteína	0	noun	4718	7.411
4872	constituir	0	verb	4714	7.405
4873	algemar	0	verb	4712	7.402
4874	cenoura	0	noun	4712	7.402
4875	inverter	0	verb	4712	7.402
4876	arrependimento	0	noun	4711	7.400
4877	réu	0	noun	4710	7.399
4878	sob custódia	1	mwe	4710	7.399
4879	essência	0	noun	4709	7.397
4880	analista	0	noun	4708	7.396
4881	engordar	0	verb	4707	7.394
4882	choro	0	noun	4700	7.383
4883	ambicioso	0	adj	4698	7.380
4884	simulação	0	noun	4695	7.375
4885	crucial	0	adj	4691	7.369
4886	hipócrita	0	adj	4691	7.369
4887	satisfação	0	noun	4690	7.367
4888	desconhecida	0	noun	4689	7.366
4889	pombo	0	noun	4688	7.364
4890	seta	0	noun	4688	7.364
4891	nó	0	noun	4684	7.358
4892	calção	0	noun	4683	7.356
4893	sabão	0	noun	4683	7.356
4894	internacional	0	noun	4680	7.352
4895	fundamental	0	adj	4675	7.344
4896	hóquei	0	noun	4674	7.342
4897	martini	0	noun	4673	7.341
4898	surpreso	0	adj	4672	7.339
4899	cimento	0	noun	4664	7.327
4900	enervar	0	verb	4664	7.327
4901	pecador	0	noun	4664	7.327
4902	homenagem	0	noun	4662	7.323
4903	inteiramente	0	adv	4655	7.312
4904	refrigerante	0	noun	4652	7.308
4905	bode	0	noun	4651	7.306
4906	contínuo	0	adj	4650	7.305
4907	santidade	0	noun	4650	7.305
4908	entreter	0	verb	4649	7.303
4909	cruzeiro	0	noun	4646	7.298
4910	decoração	0	noun	4645	7.297
4911	galo	0	noun	4644	7.295
4912	fluido	0	noun	4643	7.294
4913	radical	0	adj	4643	7.294
4914	caderno	0	noun	4639	7.287
4915	peruca	0	noun	4639	7.287
4916	árabe	0	noun	4632	7.276
4917	menu	0	noun	4631	7.275
4918	boas vindas	1	mwe	4629	7.272
4919	sova	0	noun	4629	7.272
4920	poste	0	noun	4628	7.270
4921	cromo	0	noun	4626	7.267
4922	editora	0	noun	4626	7.267
4923	estábulo	0	noun	4620	7.258
4924	lagosta	0	noun	4619	7.256
4925	pano	0	noun	4619	7.256
4926	violador	0	noun	4618	7.254
4927	historial	0	noun	4617	7.253
4928	estatuto	0	noun	4616	7.251
4929	seleção	0	noun	4613	7.247
4930	armamento	0	noun	4607	7.237
4931	miséria	0	noun	4607	7.237
4932	implante	0	noun	4606	7.236
4933	intestino	0	noun	4606	7.236
4934	visível	0	adj	4600	7.226
4935	cruzamento	0	noun	4597	7.221
4936	item	0	noun	4596	7.220
4937	seriamente	0	adv	4596	7.220
4938	tráfego	0	noun	4595	7.218
4939	ressentimento	0	noun	4590	7.210
4940	trilho	0	noun	4589	7.209
4941	novato	0	adj	4586	7.204
4942	emenda	0	noun	4584	7.201
4943	garanhão	0	noun	4584	7.201
4944	limusina	0	noun	4584	7.201
4945	camioneta	0	noun	4582	7.198
4946	inaceitável	0	adj	4581	7.196
4947	dentada	0	noun	4572	7.182
4948	veredicto	0	noun	4572	7.182
4949	partilha	0	noun	4569	7.177
4950	desenterrar	0	verb	4566	7.173
4951	atualização	0	noun	4565	7.171
4952	escurecer	0	verb	4564	7.170
4953	civilizado	0	adj	4563	7.168
4954	antena	0	noun	4561	7.165
4955	trepar	0	verb	4561	7.165
4956	palavrinha	0	noun	4560	7.163
4957	escumalha	0	noun	4559	7.162
4958	zoo	0	noun	4558	7.160
4959	síndrome	0	noun	4557	7.159
4960	universitário	0	noun	4557	7.159
4961	dispersar	0	verb	4553	7.152
4962	ansiar	0	verb	4550	7.148
4963	celebração	0	noun	4550	7.148
4964	diplomático	0	adj	4550	7.148
4965	supervisionar	0	verb	4550	7.148
4966	residente	0	noun	4549	7.146
4967	voz alta	1	mwe	4549	7.146
4968	etc	0	adv	4548	7.144
4969	isolamento	0	noun	4546	7.141
4970	cooperação	0	noun	4545	7.140
4971	algodão	0	noun	4544	7.138
4972	embalar	0	verb	4543	7.137
4973	componente	0	noun	4541	7.133
4974	ex-marido	0	noun	4539	7.130
4975	coxa	0	noun	4537	7.127
4976	proceder	0	verb	4537	7.127
4977	constituição	0	noun	4534	7.122
4978	pôr-do-sol	0	noun	4534	7.122
4979	corretor	0	noun	4532	7.119
4980	naqueles	0	det	4529	7.115
4981	reiniciar	0	verb	4528	7.113
4982	paisagem	0	noun	4527	7.111
4983	inundar	0	verb	4524	7.107
4984	latim	0	noun	4524	7.107
4985	restrição	0	noun	4521	7.102
4986	vaivém	0	noun	4516	7.094
4987	entendido	0	adj	4510	7.085
4988	wow	0	noun	4510	7.085
4989	renovar	0	verb	4509	7.083
4990	antibiótico	0	noun	4507	7.080
4991	psicologia	0	noun	4507	7.080
4992	irritado	0	adj	4505	7.077
4993	acostumado	0	adj	4503	7.074
4994	espionagem	0	noun	4503	7.074
4995	neta	0	noun	4502	7.072
4996	bicha	0	noun	4500	7.069
4997	traço	0	noun	4497	7.064
4998	nevoeiro	0	noun	4496	7.063
4999	integrar	0	verb	4495	7.061
5000	campus	0	noun	4494	7.060
