rank,lemma,is_mwe,pos,raw_freq,freq_per_million
5001,equilibrar,0,verb,4490,7.053
5002,tentação,0,noun,4489,7.052
5003,ética,0,noun,4489,7.052
5004,regimento,0,noun,4488,7.050
5005,zoológico,0,noun,4486,7.047
5006,disputa,0,noun,4485,7.045
5007,happy,0,noun,4485,7.045
5008,falsificar,0,verb,4483,7.042
5009,labirinto,0,noun,4482,7.041
5010,saborear,0,verb,4482,7.041
5011,distribuição,0,noun,4481,7.039
5012,literatura,0,noun,4480,7.038
5013,lote,0,noun,4475,7.030
5014,vigarista,0,noun,4474,7.028
5015,costeiro,0,noun,4473,7.027
5016,peludo,0,adj,4473,7.027
5017,carregador,0,noun,4472,7.025
5018,descontrolado,0,adj,4472,7.025
5019,oposto,0,noun,4472,7.025
5020,patriota,0,noun,4470,7.022
5021,doçura,0,noun,4469,7.020
5022,abalar,0,verb,4465,7.014
5023,criada,0,noun,4465,7.014
5024,punhal,0,noun,4465,7.014
5025,ranger,0,noun,4465,7.014
5026,rebelião,0,noun,4462,7.009
5027,província,0,noun,4461,7.008
5028,reinar,0,verb,4460,7.006
5029,prolongar,0,verb,4457,7.001
5030,chantagem,0,noun,4455,6.998
5031,equação,0,noun,4455,6.998
5032,expirar,0,verb,4455,6.998
5033,desmontar,0,verb,4451,6.992
5034,vibração,0,noun,4449,6.989
5035,colmeia,0,noun,4447,6.986
5036,aproximação,0,noun,4444,6.981
5037,retorno,0,noun,4442,6.978
5038,psicólogo,0,noun,4440,6.975
5039,nódoa,0,noun,4437,6.970
5040,ingénuo,0,adj,4434,6.965
5041,vulcão,0,noun,4434,6.965
5042,compreensão,0,noun,4433,6.964
5043,infetado,0,verb,4433,6.964
5044,contornar,0,verb,4432,6.962
5045,falência,0,noun,4432,6.962
5046,imortal,0,adj,4432,6.962
5047,cunhado,0,noun,4431,6.961
5048,escuteiro,0,noun,4431,6.961
5049,docinho,0,noun,4430,6.959
5050,esqueleto,0,noun,4430,6.959
5051,gigantesco,0,adj,4429,6.957
5052,roll,0,noun,4429,6.957
5053,vómito,0,noun,4426,6.953
5054,debater,0,verb,4422,6.946
5055,previsão,0,noun,4422,6.946
5056,cócegas,0,noun,4419,6.942
5057,ironia,0,noun,4418,6.940
5058,asilo,0,noun,4413,6.932
5059,cabina,0,noun,4413,6.932
5060,protótipo,0,noun,4413,6.932
5061,sossegado,0,adj,4411,6.929
5062,amaldiçoado,0,adj,4408,6.924
5063,adotivo,0,adj,4404,6.918
5064,contaminar,0,verb,4403,6.917
5065,marine,0,noun,4401,6.913
5066,pacífico,0,adj,4400,6.912
5067,gozo,0,noun,4399,6.910
5068,imprevisível,0,adj,4399,6.910
5069,parafuso,0,noun,4399,6.910
5070,iate,0,noun,4397,6.907
5071,próximo passo,1,mwe,4397,6.907
5072,ganancioso,0,adj,4389,6.895
5073,mula,0,noun,4388,6.893
5074,desatar,0,verb,4387,6.891
5075,descartar,0,verb,4387,6.891
5076,respira fundo,1,mwe,4387,6.891
5077,batida,0,noun,4383,6.885
5078,bazar,0,noun,4382,6.884
5079,valorizar,0,verb,4381,6.882
5080,ventilação,0,noun,4381,6.882
5081,independência,0,noun,4377,6.876
5082,borda,0,noun,4374,6.871
5083,uva,0,noun,4374,6.871
5084,canja,0,noun,4370,6.865
5085,pelas traseiras,1,mwe,4370,6.865
5086,leme,0,noun,4369,6.863
5087,preferência,0,noun,4369,6.863
5088,assaltante,0,noun,4365,6.857
5089,covarde,0,adj,4362,6.852
5090,alergia,0,noun,4356,6.843
5091,ressaca,0,noun,4353,6.838
5092,puzzle,0,noun,4351,6.835
5093,condicional,0,noun,4345,6.826
5094,àqueles,0,det,4345,6.826
5095,treze,0,num,4337,6.813
5096,fundar,0,verb,4335,6.810
5097,infetar,0,verb,4331,6.804
5098,amém,0,intj,4324,6.793
5099,pintor,0,noun,4323,6.791
5100,prisioneira,0,noun,4321,6.788
5101,cachorrinho,0,noun,4317,6.782
5102,resistente,0,adj,4317,6.782
5103,maligno,0,adj,4316,6.780
5104,estágio,0,noun,4314,6.777
5105,lógico,0,adj,4314,6.777
5106,condenado,0,adj,4313,6.775
5107,móvel,0,noun,4311,6.772
5108,lume,0,noun,4309,6.769
5109,ripar,0,noun,4309,6.769
5110,toxina,0,noun,4308,6.767
5111,renascer,0,verb,4307,6.766
5112,fotográfico,0,adj,4303,6.760
5113,strip,0,noun,4302,6.758
5114,chique,0,adj,4301,6.756
5115,cona,0,noun,4301,6.756
5116,marina,0,noun,4298,6.752
5117,berço,0,noun,4295,6.747
5118,fulo,0,adj,4293,6.744
5119,golfinho,0,noun,4293,6.744
5120,notificar,0,verb,4292,6.742
5121,traje,0,noun,4292,6.742
5122,tabuleiro,0,noun,4290,6.739
5123,aspirina,0,noun,4288,6.736
5124,reverter,0,verb,4286,6.733
5125,exibição,0,noun,4285,6.731
5126,exótico,0,adj,4285,6.731
5127,cartucho,0,noun,4284,6.730
5128,capela,0,noun,4283,6.728
5129,hobbit,0,noun,4282,6.727
5130,orgasmo,0,noun,4282,6.727
5131,comunicado,0,noun,4280,6.723
5132,diversos,0,det,4280,6.723
5133,registro,0,noun,4280,6.723
5134,farsa,0,noun,4275,6.716
5135,precisão,0,noun,4275,6.716
5136,brandy,0,noun,4273,6.712
5137,carinho,0,noun,4273,6.712
5138,chichi,0,noun,4268,6.705
5139,experiente,0,adj,4268,6.705
5140,progredir,0,verb,4268,6.705
5141,papagaio,0,noun,4267,6.703
5142,despedido,0,adj,4265,6.700
5143,crack,0,noun,4264,6.698
5144,cereja,0,noun,4263,6.697
5145,recarregar,0,verb,4260,6.692
5146,sarar,0,verb,4256,6.686
5147,viciar,0,verb,4256,6.686
5148,mordomo,0,noun,4255,6.684
5149,regulamento,0,noun,4255,6.684
5150,vidente,0,noun,4255,6.684
5151,implacável,0,adj,4254,6.683
5152,comprimento,0,noun,4252,6.679
5153,musical,0,adj,4250,6.676
5154,ogiva,0,noun,4249,6.675
5155,dormitório,0,noun,4248,6.673
5156,atum,0,noun,4244,6.667
5157,fluir,0,verb,4243,6.665
5158,insensível,0,adj,4243,6.665
5159,encontrado,0,verb,4242,6.664
5160,doação,0,noun,4237,6.656
5161,ditado,0,noun,4234,6.651
5162,encolher,0,verb,4233,6.650
5163,cilada,0,noun,4231,6.646
5164,chocante,0,adj,4230,6.645
5165,bunker,0,noun,4228,6.642
5166,cintura,0,noun,4228,6.642
5167,estelar,0,adj,4224,6.635
5168,aparentar,0,verb,4220,6.629
5169,terço,0,adj,4217,6.624
5170,transformação,0,noun,4213,6.618
5171,afeto,0,noun,4210,6.613
5172,hálito,0,noun,4208,6.610
5173,retaguarda,0,noun,4207,6.609
5174,stripper,0,noun,4204,6.604
5175,adicional,0,adj,4201,6.599
5176,imaginário,0,adj,4199,6.596
5177,coitar,0,verb,4197,6.593
5178,desempenho,0,noun,4197,6.593
5179,fritar,0,verb,4195,6.590
5180,dificilmente,0,adv,4192,6.585
5181,tipa,0,noun,4191,6.584
5182,malandro,0,noun,4187,6.577
5183,mantem,0,verb,4186,6.576
5184,oitavo,0,adj,4186,6.576
5185,sedativo,0,noun,4185,6.574
5186,tábua,0,noun,4185,6.574
5187,camelo,0,noun,4184,6.573
5188,inscrição,0,noun,4183,6.571
5189,falir,0,verb,4182,6.569
5190,cera,0,noun,4179,6.565
5191,tequila,0,noun,4177,6.562
5192,ginger,0,noun,4176,6.560
5193,condenado,0,noun,4174,6.557
5194,infringir,0,verb,4173,6.555
5195,estadia,0,noun,4172,6.554
5196,arsenal,0,noun,4171,6.552
5197,protestar,0,verb,4171,6.552
5198,ballet,0,noun,4169,6.549
5199,trovão,0,noun,4169,6.549
5200,linhagem,0,noun,4168,6.547
5201,desvendar,0,verb,4166,6.544
5202,dinamite,0,noun,4163,6.540
5203,san diego,1,mwe,4163,6.540
5204,concretizar,0,verb,4161,6.536
5205,médio oriente,1,mwe,4155,6.527
5206,triângulo,0,noun,4153,6.524
5207,donzela,0,noun,4152,6.522
5208,grego,0,noun,4150,6.519
5209,aurora,0,noun,4149,6.518
5210,esfera,0,noun,4149,6.518
5211,enjoado,0,adj,4148,6.516
5212,deficiente,0,noun,4147,6.514
5213,pelas costas,1,mwe,4144,6.510
5214,psíquico,0,adj,4144,6.510
5215,mascarar,0,verb,4143,6.508
5216,prancha,0,noun,4142,6.507
5217,aterrorizar,0,verb,4140,6.503
5218,destroço,0,noun,4138,6.500
5219,manifestar,0,verb,4138,6.500
5220,gravador,0,noun,4135,6.496
5221,aleluia,0,intj,4134,6.494
5222,extinguir,0,verb,4134,6.494
5223,confronto,0,noun,4133,6.492
5224,pátria,0,noun,4129,6.486
5225,superficial,0,adj,4129,6.486
5226,metáfora,0,noun,4128,6.485
5227,novato,0,noun,4124,6.478
5228,pudim,0,noun,4124,6.478
5229,vitamina,0,noun,4124,6.478
5230,abóbora,0,noun,4121,6.474
5231,coiro,0,noun,4121,6.474
5232,sintético,0,adj,4119,6.470
5233,banqueiro,0,noun,4118,6.469
5234,estatal,0,adj,4117,6.467
5235,mineiro,0,noun,4116,6.466
5236,cotovelo,0,noun,4114,6.463
5237,pimenta,0,noun,4114,6.463
5238,pulsação,0,noun,4112,6.459
5239,contrabando,0,noun,4110,6.456
5240,desrespeitar,0,verb,4109,6.455
5241,biologia,0,noun,4107,6.452
5242,mãezinha,0,noun,4106,6.450
5243,contabilidade,0,noun,4102,6.444
5244,cristão,0,noun,4101,6.442
5245,mangueira,0,noun,4101,6.442
5246,quadrado,0,adj,4099,6.439
5247,proporcionar,0,verb,4098,6.437
5248,súbito,0,adj,4096,6.434
5249,penteado,0,noun,4095,6.433
5250,ciumento,0,adj,4089,6.423
5251,testículo,0,noun,4089,6.423
5252,lendário,0,adj,4084,6.416
5253,infinito,0,noun,4077,6.405
5254,invencível,0,adj,4073,6.398
5255,arredores,0,noun,4072,6.397
5256,condessa,0,noun,4071,6.395
5257,extinção,0,noun,4070,6.394
5258,alegação,0,noun,4066,6.387
5259,áudio,0,noun,4065,6.386
5260,atencioso,0,adj,4064,6.384
5261,apalpar,0,verb,4058,6.375
5262,insuportável,0,adj,4058,6.375
5263,mação,0,noun,4058,6.375
5264,sobrenatural,0,adj,4055,6.370
5265,técnico,0,adj,4052,6.365
5266,dane,0,noun,4048,6.359
5267,confiar nele,1,mwe,4045,6.354
5268,desilusão,0,noun,4045,6.354
5269,módulo,0,noun,4044,6.353
5270,campa,0,noun,4043,6.351
5271,boné,0,noun,4040,6.346
5272,pecar,0,verb,4040,6.346
5273,caneca,0,noun,4039,6.345
5274,diagnosticar,0,verb,4039,6.345
5275,feroz,0,adj,4039,6.345
5276,iminente,0,adj,4039,6.345
5277,classificar,0,verb,4037,6.342
5278,colateral,0,adj,4036,6.340
5279,bordel,0,noun,4033,6.335
5280,complexo,0,adj,4029,6.329
5281,reitor,0,noun,4029,6.329
5282,repugnante,0,adj,4028,6.328
5283,contemplar,0,verb,4027,6.326
5284,pára-quedas,0,noun,4024,6.321
5285,gestão,0,noun,4023,6.320
5286,chui,0,noun,4019,6.313
5287,juíza,0,noun,4019,6.313
5288,reproduzir,0,verb,4018,6.312
5289,marcador,0,noun,4017,6.310
5290,elogiar,0,verb,4016,6.309
5291,refrescar,0,verb,4016,6.309
5292,posicionar,0,verb,4011,6.301
5293,padrasto,0,noun,4010,6.299
5294,compatível,0,adj,4009,6.298
5295,emocionalmente,0,adv,4008,6.296
5296,potente,0,adj,4006,6.293
5297,lsso,0,adv,4005,6.291
5298,contentar,0,verb,4004,6.290
5299,peão,0,noun,4003,6.288
5300,sexualmente,0,adv,4002,6.287
5301,pequenote,0,noun,3999,6.282
5302,coser,0,verb,3998,6.280
5303,patroa,0,noun,3998,6.280
5304,blusa,0,noun,3996,6.277
5305,imóvel,0,noun,3995,6.276
5306,batom,0,noun,3994,6.274
5307,lindíssimo,0,adj,3992,6.271
5308,tanga,0,noun,3992,6.271
5309,vossas vidas,1,mwe,3990,6.268
5310,digressão,0,noun,3988,6.265
5311,saudar,0,verb,3988,6.265
5312,charme,0,noun,3986,6.262
5313,veterinário,0,noun,3986,6.262
5314,certificado,0,noun,3985,6.260
5315,ligeiramente,0,adv,3985,6.260
5316,barulhento,0,adj,3984,6.258
5317,desenrascar,0,verb,3983,6.257
5318,imigrante,0,noun,3979,6.251
5319,caranguejo,0,noun,3978,6.249
5320,comunitário,0,adj,3978,6.249
5321,respeitável,0,adj,3976,6.246
5322,namoro,0,noun,3975,6.244
5323,cordeiro,0,noun,3973,6.241
5324,fabricante,0,noun,3969,6.235
5325,incomum,0,adj,3968,6.233
5326,bondoso,0,adj,3967,6.232
5327,fino,0,noun,3966,6.230
5328,arame,0,noun,3965,6.229
5329,casca,0,noun,3965,6.229
5330,internar,0,verb,3963,6.225
5331,man,0,noun,3963,6.225
5332,bloqueado,0,adj,3960,6.221
5333,cova,0,noun,3960,6.221
5334,sub,0,noun,3960,6.221
5335,pira,0,intj,3959,6.219
5336,lisonjeado,0,adj,3955,6.213
5337,pobreza,0,noun,3955,6.213
5338,arrebentar,0,verb,3954,6.211
5339,suspensão,0,noun,3952,6.208
5340,piza,0,noun,3950,6.205
5341,duelo,0,noun,3949,6.203
5342,estatística,0,noun,3948,6.202
5343,maltratar,0,verb,3947,6.200
5344,covarde,0,noun,3944,6.196
5345,dá-mo,0,noun,3944,6.196
5346,prece,0,noun,3944,6.196
5347,motivação,0,noun,3943,6.194
5348,nata,0,noun,3943,6.194
5349,clandestino,0,adj,3942,6.192
5350,terrivelmente,0,adv,3942,6.192
5351,matança,0,noun,3940,6.189
5352,palestra,0,noun,3939,6.188
5353,deparar,0,verb,3937,6.185
5354,impressão digital,1,mwe,3934,6.180
5355,saboroso,0,adj,3934,6.180
5356,enfermeiro,0,noun,3933,6.178
5357,ignição,0,noun,3933,6.178
5358,mademoiselle,0,noun,3933,6.178
5359,aterrorizado,0,adj,3932,6.177
5360,estibordo,0,noun,3932,6.177
5361,gama,0,noun,3932,6.177
5362,individual,0,adj,3932,6.177
5363,funerário,0,adj,3930,6.174
5364,min,0,noun,3929,6.172
5365,contacto visual,1,mwe,3924,6.164
5366,rendimento,0,noun,3924,6.164
5367,lua cheia,1,mwe,3921,6.159
5368,coça,0,noun,3920,6.158
5369,concha,0,noun,3918,6.155
5370,entretenimento,0,noun,3915,6.150
5371,crachá,0,noun,3913,6.147
5372,mijo,0,noun,3911,6.144
5373,democrata,0,noun,3908,6.139
5374,espinha,0,noun,3908,6.139
5375,apreender,0,verb,3906,6.136
5376,composto,0,noun,3906,6.136
5377,finalista,0,noun,3904,6.133
5378,hospitalidade,0,noun,3904,6.133
5379,lanche,0,noun,3904,6.133
5380,plasma,0,noun,3904,6.133
5381,alho,0,noun,3899,6.125
5382,descarga,0,noun,3899,6.125
5383,inconveniente,0,adj,3899,6.125
5384,africano,0,adj,3898,6.123
5385,consolo,0,noun,3897,6.122
5386,globo,0,noun,3893,6.115
5387,divertimento,0,noun,3892,6.114
5388,inseguro,0,adj,3892,6.114
5389,responsabilizar,0,verb,3892,6.114
5390,comporta,0,noun,3891,6.112
5391,cozer,0,verb,3891,6.112
5392,candeeiro,0,noun,3887,6.106
5393,diploma,0,noun,3887,6.106
5394,provisão,0,noun,3886,6.104
5395,carniceiro,0,noun,3884,6.101
5396,banda desenhada,1,mwe,3883,6.100
5397,formatura,0,noun,3882,6.098
5398,mercearia,0,noun,3882,6.098
5399,arquivar,0,verb,3881,6.097
5400,hangar,0,noun,3878,6.092
5401,mutação,0,noun,3877,6.090
5402,fundir,0,verb,3876,6.089
5403,harmonia,0,noun,3876,6.089
5404,exceder,0,verb,3873,6.084
5405,imigração,0,noun,3873,6.084
5406,cantora,0,noun,3872,6.082
5407,ancestral,0,noun,3867,6.075
5408,resolução,0,noun,3867,6.075
5409,conviver,0,verb,3866,6.073
5410,humilhação,0,noun,3865,6.071
5411,problemático,0,adj,3865,6.071
5412,confiável,0,adj,3863,6.068
5413,metanfetamina,0,noun,3861,6.065
5414,viking,0,noun,3861,6.065
5415,ferido,0,noun,3858,6.060
5416,flanco,0,noun,3856,6.057
5417,gin,0,noun,3856,6.057
5418,brisa,0,noun,3853,6.053
5419,transição,0,noun,3852,6.051
5420,assembleia,0,noun,3850,6.048
5421,faraó,0,noun,3849,6.046
5422,seminário,0,noun,3849,6.046
5423,eternamente,0,adv,3848,6.045
5424,filhote,0,noun,3848,6.045
5425,universal,0,adj,3844,6.038
5426,ente,0,noun,3843,6.037
5427,mútuo,0,adj,3842,6.035
5428,plantação,0,noun,3840,6.032
5429,poupança,0,noun,3840,6.032
5430,scanner,0,noun,3839,6.031
5431,rebanho,0,noun,3838,6.029
5432,exagerado,0,adj,3835,6.024
5433,ajuste,0,noun,3833,6.021
5434,doméstico,0,adj,3832,6.020
5435,candidatura,0,noun,3830,6.017
5436,consistente,0,adj,3828,6.013
5437,manifestação,0,noun,3826,6.010
5438,excepcional,0,adj,3825,6.009
5439,p'ra,0,conj,3823,6.006
5440,diariamente,0,adv,3822,6.004
5441,batimento,0,noun,3821,6.002
5442,imitação,0,noun,3821,6.002
5443,varinha,0,noun,3819,5.999
5444,radioativo,0,adj,3818,5.998
5445,atómico,0,adj,3816,5.995
5446,esperem esperem,1,mwe,3815,5.993
5447,parecias,0,intj,3815,5.993
5448,panfleto,0,noun,3814,5.991
5449,balançar,0,verb,3812,5.988
5450,fraternidade,0,noun,3812,5.988
5451,participação,0,noun,3812,5.988
5452,perceção,0,noun,3810,5.985
5453,temor,0,noun,3809,5.984
5454,idoso,0,noun,3807,5.980
5455,citação,0,noun,3802,5.973
5456,enterro,0,noun,3802,5.973
5457,espírito santo,1,mwe,3802,5.973
5458,isqueiro,0,noun,3802,5.973
5459,ocupação,0,noun,3802,5.973
5460,bem-estar,0,noun,3801,5.971
5461,comparação,0,noun,3800,5.969
5462,deprimente,0,adj,3796,5.963
5463,árabe,0,adj,3795,5.962
5464,remar,0,verb,3794,5.960
5465,catástrofe,0,noun,3793,5.958
5466,verso,0,noun,3793,5.958
5467,your,0,noun,3793,5.958
5468,induzir,0,verb,3792,5.957
5469,desesperadamente,0,adv,3791,5.955
5470,viatura,0,noun,3791,5.955
5471,averiguar,0,verb,3790,5.954
5472,penhasco,0,noun,3790,5.954
5473,mauzão,0,noun,3786,5.947
5474,bússola,0,noun,3785,5.946
5475,adjunto,0,noun,3784,5.944
5476,dançarina,0,noun,3784,5.944
5477,faísca,0,noun,3780,5.938
5478,estourar,0,verb,3779,5.936
5479,urbano,0,adj,3779,5.936
5480,órfão,0,noun,3778,5.935
5481,transcrição,0,noun,3776,5.932
5482,hás-de,0,noun,3774,5.929
5483,semelhança,0,noun,3774,5.929
5484,negativa,0,noun,3773,5.927
5485,explorador,0,noun,3772,5.925
5486,navegação,0,noun,3772,5.925
5487,violino,0,noun,3771,5.924
5488,ames,0,noun,3770,5.922
5489,exterminar,0,verb,3770,5.922
5490,magoaste,0,intj,3770,5.922
5491,pouquinho,0,noun,3770,5.922
5492,terminado,0,adj,3769,5.921
5493,traficar,0,verb,3768,5.919
5494,desempregado,0,adj,3767,5.918
5495,oculto,0,adj,3765,5.914
5496,sida,0,noun,3765,5.914
5497,bailarina,0,noun,3763,5.911
5498,garfo,0,noun,3763,5.911
5499,regime,0,noun,3762,5.910
5500,sushi,0,noun,3760,5.907
5501,bochecha,0,noun,3757,5.902
5502,mecânica,0,noun,3757,5.902
5503,resync,0,noun,3757,5.902
5504,soletrar,0,verb,3755,5.899
5505,vassoura,0,noun,3753,5.896
5506,comichão,0,noun,3752,5.894
5507,inventário,0,noun,3751,5.892
5508,paneleiro,0,noun,3750,5.891
5509,desandar,0,verb,3749,5.889
5510,pontuação,0,noun,3749,5.889
5511,eco,0,noun,3748,5.888
5512,bactéria,0,noun,3746,5.885
5513,fera,0,noun,3746,5.885
5514,inquérito,0,noun,3746,5.885
5515,concorrência,0,noun,3744,5.881
5516,filtro,0,noun,3744,5.881
5517,dificultar,0,verb,3742,5.878
5518,vedar,0,verb,3741,5.877
5519,mentor,0,noun,3740,5.875
5520,utilidade,0,noun,3740,5.875
5521,expresso,0,noun,3737,5.870
5522,maroto,0,adj,3735,5.867
5523,quântico,0,adj,3734,5.866
5524,arco-íris,0,noun,3732,5.863
5525,excitação,0,noun,3731,5.861
5526,invasor,0,noun,3730,5.859
5527,reles,0,adj,3728,5.856
5528,balança,0,noun,3727,5.855
5529,bufo,0,noun,3727,5.855
5530,castor,0,noun,3727,5.855
5531,escritura,0,noun,3724,5.850
5532,memorial,0,noun,3721,5.845
5533,moço,0,noun,3721,5.845
5534,ocular,0,adj,3721,5.845
5535,térmico,0,adj,3720,5.844
5536,infiel,0,adj,3716,5.837
5537,lenha,0,noun,3714,5.834
5538,arterial,0,adj,3713,5.833
5539,colorir,0,verb,3711,5.830
5540,forças especiais,1,mwe,3708,5.825
5541,señor,0,noun,3708,5.825
5542,torrada,0,noun,3708,5.825
5543,cobaia,0,noun,3706,5.822
5544,manada,0,noun,3706,5.822
5545,rã,0,noun,3702,5.815
5546,aah,0,intj,3701,5.814
5547,barraca,0,noun,3701,5.814
5548,administrador,0,noun,3700,5.812
5549,oposição,0,noun,3700,5.812
5550,tela,0,noun,3700,5.812
5551,convulsão,0,noun,3697,5.808
5552,cuidadosamente,0,adv,3695,5.804
5553,simular,0,verb,3692,5.800
5554,bosta,0,noun,3691,5.798
5555,barbear,0,verb,3686,5.790
5556,habitar,0,verb,3684,5.787
5557,invejar,0,verb,3681,5.782
5558,repleto,0,adj,3681,5.782
5559,ambiental,0,adj,3680,5.781
5560,acelerador,0,noun,3679,5.779
5561,zecacurto,0,noun,3679,5.779
5562,guardanapo,0,noun,3674,5.771
5563,consulado,0,noun,3673,5.770
5564,percentagem,0,noun,3673,5.770
5565,hão-de,0,noun,3672,5.768
5566,defensor,0,noun,3668,5.762
5567,ligadura,0,noun,3667,5.760
5568,espetador,0,noun,3666,5.759
5569,refazer,0,verb,3664,5.756
5570,deveras,0,adv,3663,5.754
5571,dispensado,0,adj,3663,5.754
5572,recetor,0,noun,3663,5.754
5573,académico,0,adj,3661,5.751
5574,gladiador,0,noun,3657,5.745
5575,emissão,0,noun,3656,5.743
5576,capuz,0,noun,3654,5.740
5577,irresponsável,0,adj,3654,5.740
5578,rancor,0,noun,3654,5.740
5579,sinais vitais,1,mwe,3653,5.738
5580,be,0,unk,3648,5.731
5581,seringa,0,noun,3645,5.726
5582,raça humana,1,mwe,3644,5.724
5583,republicano,0,noun,3642,5.721
5584,beta,0,noun,3641,5.720
5585,manchar,0,verb,3640,5.718
5586,mecânico,0,adj,3640,5.718
5587,viola,0,noun,3640,5.718
5588,raio-x,0,noun,3638,5.715
5589,regional,0,adj,3638,5.715
5590,alimentação,0,noun,3637,5.713
5591,conservador,0,adj,3637,5.713
5592,duzentos,0,num,3637,5.713
5593,mania,0,noun,3637,5.713
5594,presidência,0,noun,3636,5.712
5595,nordeste,0,noun,3634,5.709
5596,destruído,0,adj,3632,5.705
5597,rampa,0,noun,3632,5.705
5598,sequestro,0,noun,3631,5.704
5599,generosidade,0,noun,3629,5.701
5600,livraria,0,noun,3629,5.701
5601,governamental,0,adj,3627,5.698
5602,agressor,0,noun,3626,5.696
5603,promissor,0,adj,3626,5.696
5604,revestir,0,verb,3624,5.693
5605,frito,0,noun,3622,5.690
5606,imprudente,0,adj,3622,5.690
5607,gratuito,0,adj,3621,5.688
5608,elo,0,noun,3620,5.687
5609,milícia,0,noun,3620,5.687
5610,útero,0,noun,3620,5.687
5611,astuto,0,adj,3619,5.685
5612,ex-namorada,0,noun,3618,5.683
5613,soberano,0,noun,3618,5.683
5614,reboque,0,noun,3617,5.682
5615,exploração,0,noun,3615,5.679
5616,dançarino,0,noun,3613,5.676
5617,imune,0,adj,3613,5.676
5618,oral,0,adj,3613,5.676
5619,chi,0,noun,3608,5.668
5620,certidão,0,noun,3607,5.666
5621,judio,0,adj,3605,5.663
5622,pergaminho,0,noun,3605,5.663
5623,colaboração,0,noun,3601,5.657
5624,profundeza,0,noun,3598,5.652
5625,coral,0,noun,3595,5.647
5626,tríade,0,noun,3595,5.647
5627,proveito,0,noun,3593,5.644
5628,descontrolar,0,verb,3592,5.643
5629,net,0,noun,3592,5.643
5630,propaganda,0,noun,3592,5.643
5631,apagado,0,adj,3591,5.641
5632,ocidente,0,noun,3591,5.641
5633,longo prazo,1,mwe,3590,5.639
5634,precedente,0,noun,3587,5.635
5635,convicção,0,noun,3585,5.632
5636,projeção,0,noun,3585,5.632
5637,bobo,0,noun,3584,5.630
5638,desvantagem,0,noun,3584,5.630
5639,ganância,0,noun,3584,5.630
5640,reaver,0,verb,3584,5.630
5641,cultural,0,adj,3583,5.628
5642,agentes federais,1,mwe,3580,5.624
5643,consumo,0,noun,3580,5.624
5644,moldar,0,verb,3579,5.622
5645,teia,0,noun,3577,5.619
5646,genético,0,noun,3575,5.616
5647,higiénico,0,adj,3575,5.616
5648,that,0,noun,3574,5.614
5649,crucificar,0,verb,3573,5.613
5650,desgosto,0,noun,3570,5.608
5651,eletromagnético,0,adj,3568,5.605
5652,salmão,0,noun,3567,5.603
5653,bum,0,noun,3565,5.600
5654,equipar,0,verb,3564,5.599
5655,mimar,0,verb,3564,5.599
5656,ova,0,noun,3564,5.599
5657,ascensão,0,noun,3563,5.597
5658,diabólico,0,adj,3559,5.591
5659,grandeza,0,noun,3558,5.589
5660,boom,0,noun,3557,5.588
5661,desonrar,0,verb,3554,5.583
5662,estabelecimento,0,noun,3553,5.581
5663,nave espacial,1,mwe,3553,5.581
5664,concreto,0,adj,3550,5.577
5665,aquário,0,noun,3549,5.575
5666,noroeste,0,noun,3547,5.572
5667,desfiladeiro,0,noun,3546,5.570
5668,avaria,0,noun,3542,5.564
5669,comediante,0,noun,3542,5.564
5670,documentário,0,noun,3542,5.564
5671,pónei,0,noun,3542,5.564
5672,parcial,0,adj,3541,5.563
5673,protegido,0,verb,3541,5.563
5674,entendido,0,noun,3538,5.558
5675,pulga,0,noun,3538,5.558
5676,punição,0,noun,3538,5.558
5677,mártir,0,noun,3536,5.555
5678,pen,0,noun,3535,5.553
5679,espertalhão,0,noun,3534,5.552
5680,subúrbio,0,noun,3532,5.548
5681,aperitivo,0,noun,3531,5.547
5682,esfolar,0,verb,3530,5.545
5683,preliminar,0,noun,3530,5.545
5684,analgésico,0,noun,3528,5.542
5685,válido,0,adj,3527,5.541
5686,irmãozinho,0,noun,3526,5.539
5687,charro,0,noun,3525,5.537
5688,meigo,0,adj,3525,5.537
5689,desejoso,0,adj,3521,5.531
5690,ex-namorado,0,noun,3520,5.530
5691,karma,0,noun,3520,5.530
5692,eixo,0,noun,3519,5.528
5693,crueldade,0,noun,3518,5.526
5694,esteroide,0,noun,3517,5.525
5695,leito,0,noun,3517,5.525
5696,grelha,0,noun,3516,5.523
5697,home,0,unk,3515,5.522
5698,medula,0,noun,3515,5.522
5699,alcoólico,0,noun,3514,5.520
5700,chumbar,0,verb,3512,5.517
5701,porno,0,noun,3512,5.517
5702,estagiário,0,noun,3511,5.515
5703,tesão,0,noun,3511,5.515
5704,cru,0,adj,3510,5.514
5705,industrial,0,adj,3509,5.512
5706,escorpião,0,noun,3508,5.511
5707,sereia,0,noun,3506,5.508
5708,disfarçado,0,adj,3505,5.506
5709,pêssego,0,noun,3505,5.506
5710,maço,0,noun,3503,5.503
5711,tango,0,noun,3503,5.503
5712,admirador,0,noun,3502,5.501
5713,poça,0,noun,3501,5.500
5714,rebuçado,0,noun,3500,5.498
5715,instruir,0,verb,3499,5.497
5716,trincheira,0,noun,3499,5.497
5717,ajudinha,0,noun,3498,5.495
5718,despedaçar,0,verb,3498,5.495
5719,humilhante,0,adj,3498,5.495
5720,colisão,0,noun,3496,5.492
5721,mini,0,adj,3496,5.492
5722,facada,0,noun,3495,5.490
5723,furo,0,noun,3495,5.490
5724,perverter,0,verb,3494,5.489
5725,âncora,0,noun,3494,5.489
5726,traiçoeiro,0,adj,3493,5.487
5727,lema,0,noun,3492,5.486
5728,vereador,0,noun,3492,5.486
5729,aleijado,0,noun,3491,5.484
5730,comerciante,0,noun,3491,5.484
5731,comparecer,0,verb,3490,5.482
5732,remo,0,noun,3490,5.482
5733,sensibilidade,0,noun,3489,5.481
5734,destroçar,0,verb,3488,5.479
5735,discrição,0,noun,3488,5.479
5736,noutras,0,det,3488,5.479
5737,sudoeste,0,adj,3485,5.475
5738,vala,0,noun,3483,5.471
5739,bastidor,0,noun,3482,5.470
5740,experimental,0,adj,3482,5.470
5741,sondagem,0,noun,3481,5.468
5742,apagão,0,noun,3480,5.467
5743,subitamente,0,adv,3480,5.467
5744,tropical,0,adj,3480,5.467
5745,coçar,0,verb,3477,5.462
5746,salgado,0,adj,3476,5.460
5747,concorrente,0,noun,3472,5.454
5748,cruzada,0,noun,3472,5.454
5749,light,0,noun,3471,5.453
5750,cirúrgico,0,adj,3469,5.449
5751,maléfico,0,adj,3469,5.449
5752,asteroide,0,noun,3466,5.445
5753,relativo,0,adj,3466,5.445
5754,rima,0,noun,3466,5.445
5755,emergir,0,verb,3465,5.443
5756,pratear,0,verb,3461,5.437
5757,definitivo,0,adj,3460,5.435
5758,recipiente,0,noun,3460,5.435
5759,persuadir,0,verb,3459,5.434
5760,sessenta,0,num,3459,5.434
5761,intuição,0,noun,3458,5.432
5762,high,0,noun,3457,5.431
5763,facilidade,0,noun,3456,5.429
5764,compreensível,0,adj,3453,5.424
5765,dardo,0,noun,3450,5.420
5766,epidemia,0,noun,3450,5.420
5767,europeu,0,noun,3450,5.420
5768,caloiro,0,noun,3449,5.418
5769,consentimento,0,noun,3448,5.416
5770,rapar,0,verb,3448,5.416
5771,solucionar,0,verb,3448,5.416
5772,medalhão,0,noun,3447,5.415
5773,previsível,0,adj,3445,5.412
5774,venerar,0,verb,3444,5.410
5775,injustiça,0,noun,3443,5.409
5776,negação,0,noun,3443,5.409
5777,utilizador,0,noun,3443,5.409
5778,florescer,0,verb,3441,5.405
5779,mercado negro,1,mwe,3440,5.404
5780,extremo,0,noun,3439,5.402
5781,ingrato,0,adj,3438,5.401
5782,decapitar,0,verb,3437,5.399
5783,hippie,0,noun,3436,5.398
5784,contagioso,0,adj,3432,5.391
5785,dissolver,0,verb,3432,5.391
5786,desprezível,0,adj,3429,5.387
5787,foco,0,noun,3429,5.387
5788,submundo,0,noun,3429,5.387
5789,warp,0,noun,3428,5.385
5790,shot,0,noun,3425,5.380
5791,infernal,0,adj,3424,5.379
5792,odor,0,noun,3424,5.379
5793,lunar,0,adj,3423,5.377
5794,panda,0,noun,3422,5.376
5795,virtual,0,adj,3422,5.376
5796,alcoólico,0,adj,3419,5.371
5797,abafar,0,verb,3417,5.368
5798,corromper,0,verb,3417,5.368
5799,vara,0,noun,3417,5.368
5800,bonitão,0,adj,3415,5.365
5801,gole,0,noun,3414,5.363
5802,teta,0,noun,3414,5.363
5803,preparativo,0,noun,3413,5.361
5804,abismo,0,noun,3412,5.360
5805,enfurecer,0,verb,3412,5.360
5806,shh,0,intj,3412,5.360
5807,mosquito,0,noun,3411,5.358
5808,sucata,0,noun,3410,5.357
5809,contexto,0,noun,3409,5.355
5810,orgânico,0,adj,3404,5.347
5811,peido,0,noun,3403,5.346
5812,europeu,0,adj,3402,5.344
5813,maca,0,noun,3402,5.344
5814,operário,0,noun,3402,5.344
5815,papai,0,intj,3400,5.341
5816,salva-vidas,0,adj,3400,5.341
5817,milionário,0,noun,3399,5.339
5818,rendição,0,noun,3399,5.339
5819,fortalecer,0,verb,3398,5.338
5820,repentino,0,adj,3398,5.338
5821,traumatismo,0,noun,3394,5.332
5822,mafioso,0,noun,3391,5.327
5823,carteiro,0,noun,3390,5.325
5824,foguetão,0,noun,3390,5.325
5825,rapidez,0,noun,3390,5.325
5826,fornicar,0,verb,3388,5.322
5827,charmoso,0,adj,3386,5.319
5828,jardineiro,0,noun,3384,5.316
5829,redimir,0,verb,3383,5.314
5830,desempenhar,0,verb,3382,5.313
5831,espontâneo,0,adj,3382,5.313
5832,bin,0,noun,3381,5.311
5833,abutre,0,noun,3380,5.310
5834,químico,0,noun,3380,5.310
5835,parceria,0,noun,3379,5.308
5836,estupendo,0,adj,3378,5.306
5837,vago,0,adj,3378,5.306
5838,saca,0,verb,3377,5.305
5839,composição,0,noun,3375,5.302
5840,espertinho,0,noun,3375,5.302
5841,espuma,0,noun,3375,5.302
5842,parlamento,0,noun,3375,5.302
5843,grávida,0,noun,3374,5.300
5844,característica,0,noun,3373,5.299
5845,jurado,0,noun,3373,5.299
5846,pressentir,0,verb,3371,5.295
5847,arrepio,0,noun,3370,5.294
5848,determinação,0,noun,3370,5.294
5849,masmorra,0,noun,3370,5.294
5850,cozinheira,0,noun,3368,5.291
5851,erupção,0,noun,3368,5.291
5852,jeitoso,0,adj,3367,5.289
5853,interrupção,0,noun,3366,5.288
5854,memorizar,0,verb,3366,5.288
5855,amear,0,verb,3365,5.286
5856,inapropriado,0,adj,3365,5.286
5857,pote,0,noun,3365,5.286
5858,aperfeiçoar,0,verb,3363,5.283
5859,abastecer,0,verb,3361,5.280
5860,inquilino,0,noun,3361,5.280
5861,arrogância,0,noun,3360,5.278
5862,grosseiro,0,adj,3360,5.278
5863,marcado,0,adj,3360,5.278
5864,descida,0,noun,3359,5.277
5865,spray,0,noun,3355,5.270
5866,amassar,0,verb,3354,5.269
5867,temporariamente,0,adv,3354,5.269
5868,entidade,0,noun,3352,5.266
5869,codificar,0,verb,3351,5.264
5870,ração,0,noun,3351,5.264
5871,contribuição,0,noun,3349,5.261
5872,prático,0,adj,3349,5.261
5873,apelar,0,verb,3348,5.259
5874,ampliar,0,verb,3346,5.256
5875,impaciente,0,adj,3345,5.255
5876,trajetória,0,noun,3345,5.255
5877,mutilar,0,verb,3343,5.251
5878,saldo,0,noun,3343,5.251
5879,tostão,0,noun,3342,5.250
5880,holandês,0,adj,3341,5.248
5881,variedade,0,noun,3341,5.248
5882,naquelas,0,det,3339,5.245
5883,pinguim,0,adj,3338,5.244
5884,hormona,0,noun,3335,5.239
5885,energético,0,adj,3334,5.237
5886,sobrancelha,0,noun,3333,5.236
5887,abastecimento,0,noun,3332,5.234
5888,infantaria,0,noun,3332,5.234
5889,avance,0,verb,3330,5.231
5890,argumentar,0,verb,3329,5.229
5891,orar,0,verb,3329,5.229
5892,cauteloso,0,adj,3327,5.226
5893,cerco,0,noun,3327,5.226
5894,espia,0,noun,3326,5.225
5895,quartel-general,0,noun,3326,5.225
5896,admissão,0,noun,3323,5.220
5897,encenar,0,verb,3323,5.220
5898,ginástica,0,noun,3322,5.218
5899,bombista,0,noun,3319,5.214
5900,sossegar,0,verb,3319,5.214
5901,amuleto,0,noun,3318,5.212
5902,manual,0,adj,3315,5.207
5903,curvar,0,verb,3313,5.204
5904,perícia,0,noun,3313,5.204
5905,publicamente,0,adv,3313,5.204
5906,auxiliar,0,adj,3311,5.201
5907,mecânico,0,noun,3309,5.198
5908,portador,0,noun,3309,5.198
5909,vagão,0,noun,3307,5.195
5910,indiana,0,noun,3305,5.192
5911,entornar,0,verb,3303,5.189
5912,propulsor,0,noun,3303,5.189
5913,nuca,0,noun,3302,5.187
5914,ganso,0,noun,3301,5.186
5915,rap,0,noun,3301,5.186
5916,revólver,0,noun,3301,5.186
5917,tributo,0,noun,3301,5.186
5918,bronze,0,noun,3300,5.184
5919,reviver,0,verb,3299,5.182
5920,clínico,0,adj,3298,5.181
5921,limonada,0,noun,3298,5.181
5922,ânimo,0,noun,3298,5.181
5923,rogar,0,verb,3297,5.179
5924,alargar,0,verb,3295,5.176
5925,porquinho,0,noun,3294,5.175
5926,paranoia,0,noun,3293,5.173
5927,picada,0,noun,3292,5.171
5928,saia daí,1,mwe,3290,5.168
5929,spa,0,noun,3289,5.167
5930,emocionado,0,adj,3288,5.165
5931,lsto,0,intj,3286,5.162
5932,sutiã,0,noun,3286,5.162
5933,ousado,0,adj,3285,5.160
5934,presunto,0,noun,3285,5.160
5935,residir,0,verb,3285,5.160
5936,ventre,0,noun,3285,5.160
5937,costeleta,0,noun,3283,5.157
5938,virgindade,0,noun,3281,5.154
5939,fry,0,noun,3277,5.148
5940,tocha,0,noun,3277,5.148
5941,night,0,noun,3276,5.146
5942,sentinela,0,noun,3276,5.146
5943,comunista,0,noun,3275,5.145
5944,round,0,noun,3275,5.145
5945,minhoca,0,noun,3273,5.142
5946,motivar,0,verb,3271,5.138
5947,educado,0,adj,3268,5.134
5948,secretamente,0,adv,3266,5.131
5949,combatente,0,adj,3265,5.129
5950,trocado,0,verb,3265,5.129
5951,destruidor,0,noun,3264,5.127
5952,antiquar,0,verb,3262,5.124
5953,bisbilhotar,0,verb,3262,5.124
5954,boi,0,noun,3260,5.121
5955,vampira,0,noun,3260,5.121
5956,ordinário,0,adj,3259,5.120
5957,proximidade,0,noun,3258,5.118
5958,chiça,0,noun,3257,5.116
5959,velar,0,pron,3255,5.113
5960,alavanca,0,noun,3254,5.112
5961,novinho,0,adj,3254,5.112
5962,terraço,0,noun,3252,5.109
5963,contenção,0,noun,3251,5.107
5964,fedor,0,noun,3250,5.105
5965,histérico,0,adj,3249,5.104
5966,suposição,0,noun,3246,5.099
5967,feder,0,verb,3245,5.098
5968,coruja,0,noun,3243,5.094
5969,montagem,0,noun,3242,5.093
5970,alfândega,0,noun,3241,5.091
5971,aniquilar,0,verb,3241,5.091
5972,rigoroso,0,adj,3241,5.091
5973,andamento,0,noun,3240,5.090
5974,senhorio,0,noun,3239,5.088
5975,tosse,0,noun,3239,5.088
5976,bárbaro,0,noun,3237,5.085
5977,parir,0,verb,3237,5.085
5978,admirável,0,adj,3234,5.080
5979,armazenar,0,verb,3234,5.080
5980,incómodo,0,noun,3232,5.077
5981,cachimbo,0,noun,3231,5.076
5982,impostor,0,noun,3231,5.076
5983,quadrante,0,noun,3229,5.072
5984,rijo,0,adj,3228,5.071
5985,panela,0,noun,3226,5.068
5986,sudeste,0,adj,3225,5.066
5987,afirmação,0,noun,3224,5.065
5988,enriquecer,0,verb,3223,5.063
5989,geleia,0,noun,3221,5.060
5990,vergonhoso,0,adj,3221,5.060
5991,brando,0,adj,3220,5.058
5992,apelo,0,noun,3219,5.057
5993,escape,0,noun,3219,5.057
5994,demoníaco,0,adj,3218,5.055
5995,empenhado,0,adj,3218,5.055
5996,coleira,0,noun,3217,5.054
5997,postura,0,noun,3216,5.052
5998,denso,0,adj,3214,5.049
5999,excessivo,0,adj,3214,5.049
6000,estranhamente,0,adv,3213,5.047
6001,avozinha,0,noun,3212,5.046
6002,taxista,0,noun,3212,5.046
6003,desembarcar,0,verb,3211,5.044
6004,ohh,0,intj,3211,5.044
6005,cume,0,noun,3210,5.043
6006,doador,0,noun,3210,5.043
6007,multiplicar,0,verb,3208,5.039
6008,lucrar,0,verb,3206,5.036
6009,nato,0,noun,3206,5.036
6010,chicote,0,noun,3205,5.035
6011,neutro,0,adj,3205,5.035
6012,canalizador,0,noun,3204,5.033
6013,condolência,0,noun,3202,5.030
6014,embalagem,0,noun,3202,5.030
6015,construtor,0,noun,3200,5.027
6016,crescente,0,adj,3200,5.027
6017,espectro,0,noun,3198,5.024
6018,falsificação,0,noun,3198,5.024
6019,rochedo,0,noun,3197,5.022
6020,carvalho,0,noun,3196,5.021
6021,coca-cola,0,noun,3196,5.021
6022,bora,0,verb,3195,5.019
6023,ressonância,0,noun,3195,5.019
6024,apto,0,adj,3194,5.017
6025,caçadeira,0,noun,3193,5.016
6026,embarque,0,verb,3193,5.016
6027,remediar,0,verb,3193,5.016
6028,roxo,0,adj,3193,5.016
6029,convir,0,verb,3192,5.014
6030,nativo,0,noun,3191,5.013
6031,rabino,0,noun,3191,5.013
6032,manto,0,noun,3187,5.006
6033,relações sexuais,1,mwe,3187,5.006
6034,relíquia,0,noun,3187,5.006
6035,caveira,0,noun,3186,5.005
6036,wraith,0,noun,3186,5.005
6037,rendar,0,verb,3185,5.003
6038,interpretação,0,noun,3184,5.002
6039,mortos-vivos,0,noun,3184,5.002
6040,árbitro,0,noun,3184,5.002
6041,nativo,0,adj,3183,5.000
6042,design,0,noun,3182,4.999
6043,ignorância,0,noun,3181,4.997
6044,esmurrar,0,verb,3180,4.995
6045,similar,0,adj,3180,4.995
6046,bandeja,0,noun,3179,4.994
6047,destemido,0,adj,3178,4.992
6048,pantera,0,noun,3176,4.989
6049,caracol,0,noun,3175,4.988
6050,ofício,0,noun,3174,4.986
6051,regar,0,verb,3173,4.984
6052,tabela,0,noun,3173,4.984
6053,seguido,0,verb,3172,4.983
6054,surf,0,noun,3171,4.981
6055,desencadear,0,verb,3170,4.980
6056,sucedido,0,adj,3169,4.978
6057,desprezo,0,noun,3166,4.973
6058,convento,0,noun,3164,4.970
6059,trigo,0,noun,3163,4.969
6060,babar,0,verb,3162,4.967
6061,caçadora,0,noun,3160,4.964
6062,castanha,0,adj,3156,4.958
6063,lucrativo,0,adj,3156,4.958
6064,bengala,0,noun,3154,4.955
6065,mostarda,0,noun,3154,4.955
6066,desconfiado,0,adj,3153,4.953
6067,isca,0,noun,3147,4.944
6068,supervisão,0,noun,3147,4.944
6069,frontal,0,adj,3145,4.940
6070,favorecer,0,verb,3144,4.939
6071,tralha,0,noun,3144,4.939
6072,expansão,0,noun,3140,4.933
6073,especializar,0,verb,3139,4.931
6074,pervertido,0,noun,3139,4.931
6075,roer,0,verb,3139,4.931
6076,eletrónico,0,noun,3138,4.929
6077,lésbico,0,noun,3138,4.929
6078,bombardeamento,0,noun,3136,4.926
6079,ostra,0,noun,3135,4.925
6080,encarregado,0,verb,3133,4.922
6081,estalar,0,verb,3133,4.922
6082,finalista,0,adj,3132,4.920
6083,psicótico,0,adj,3132,4.920
6084,átomo,0,noun,3131,4.918
6085,copa,0,noun,3128,4.914
6086,deriva,0,noun,3126,4.911
6087,enfarte,0,noun,3126,4.911
6088,mosqueteiro,0,noun,3126,4.911
6089,implantar,0,verb,3125,4.909
6090,agonia,0,noun,3122,4.904
6091,batido,0,noun,3121,4.903
6092,presidencial,0,adj,3121,4.903
6093,cordão,0,noun,3118,4.898
6094,agudo,0,adj,3117,4.896
6095,saque,0,noun,3117,4.896
6096,comovente,0,adj,3116,4.895
6097,gangster,0,noun,3116,4.895
6098,imortal,0,noun,3116,4.895
6099,abençoado,0,adj,3115,4.893
6100,manuscrito,0,noun,3114,4.892
6101,átrio,0,noun,3113,4.890
6102,exagero,0,noun,3110,4.885
6103,exigente,0,adj,3110,4.885
6104,destrancar,0,verb,3107,4.881
6105,patrulhar,0,verb,3107,4.881
6106,redondo,0,adj,3107,4.881
6107,smoking,0,noun,3107,4.881
6108,cercado,0,adj,3105,4.878
6109,chaminé,0,noun,3105,4.878
6110,delícia,0,noun,3104,4.876
6111,inimiga,0,noun,3104,4.876
6112,triunfo,0,noun,3104,4.876
6113,bridge,0,noun,3102,4.873
6114,reabrir,0,verb,3101,4.871
6115,exprimir,0,verb,3098,4.867
6116,primar,0,verb,3098,4.867
6117,sirene,0,noun,3098,4.867
6118,rutura,0,noun,3096,4.863
6119,licenciar,0,verb,3094,4.860
6120,caminhão,0,noun,3093,4.859
6121,conexão,0,noun,3091,4.856
6122,confortar,0,verb,3091,4.856
6123,dezoito,0,num,3088,4.851
6124,dador,0,noun,3087,4.849
6125,mosteiro,0,noun,3087,4.849
6126,amorzinho,0,noun,3084,4.845
6127,entravar,0,verb,3084,4.845
6128,todo-poderoso,0,noun,3084,4.845
6129,sã,0,adv,3080,4.838
6130,achado,0,verb,3079,4.837
6131,furtivo,0,adj,3079,4.837
6132,clareza,0,noun,3078,4.835
6133,procurador-geral,0,noun,3078,4.835
6134,voador,0,noun,3077,4.834
6135,informática,0,noun,3076,4.832
6136,aprisionar,0,verb,3075,4.830
6137,inspirador,0,adj,3075,4.830
6138,muscular,0,adj,3075,4.830
6139,take,0,unk,3071,4.824
6140,cowboy,0,noun,3070,4.823
6141,ponderar,0,verb,3069,4.821
6142,with,0,noun,3069,4.821
6143,documentar,0,verb,3067,4.818
6144,instrutor,0,noun,3065,4.815
6145,algoritmo,0,noun,3064,4.813
6146,rameira,0,noun,3064,4.813
6147,fortemente,0,adv,3063,4.812
6148,dossier,0,noun,3062,4.810
6149,mergulhador,0,noun,3062,4.810
6150,tacada,0,noun,3062,4.810
6151,contrair,0,verb,3061,4.808
6152,intelectual,0,adj,3061,4.808
6153,iogurte,0,noun,3059,4.805
6154,lima,0,noun,3059,4.805
6155,impotente,0,adj,3058,4.804
6156,auxiliar,0,noun,3054,4.797
6157,programação,0,noun,3054,4.797
6158,circulação,0,noun,3051,4.793
6159,exterminador,0,noun,3051,4.793
6160,sobrecarregar,0,verb,3047,4.786
6161,lixeira,0,noun,3045,4.783
6162,hematoma,0,noun,3044,4.782
6163,sorria,0,intj,3044,4.782
6164,devidamente,0,adv,3043,4.780
6165,farinha,0,noun,3042,4.779
6166,ervilha,0,noun,3041,4.777
6167,moção,0,noun,3040,4.776
6168,mortífero,0,adj,3039,4.774
6169,bombardeiro,0,noun,3038,4.772
6170,considerável,0,adj,3038,4.772
6171,forasteiro,0,noun,3038,4.772
6172,trenó,0,noun,3038,4.772
6173,fatura,0,noun,3037,4.771
6174,realeza,0,noun,3035,4.768
6175,gravemente,0,adv,3034,4.766
6176,espelunca,0,noun,3033,4.765
6177,drenar,0,verb,3032,4.763
6178,descendente,0,adj,3031,4.761
6179,dezasseis,0,num,3031,4.761
6180,indiano,0,adj,3031,4.761
6181,matador,0,noun,3031,4.761
6182,radiante,0,adj,3031,4.761
6183,múmia,0,noun,3030,4.760
6184,aliar,0,noun,3029,4.758
6185,alojamento,0,noun,3028,4.757
6186,espremer,0,verb,3027,4.755
6187,tigela,0,noun,3027,4.755
6188,vadio,0,adj,3027,4.755
6189,escultura,0,noun,3025,4.752
6190,matinal,0,adj,3025,4.752
6191,bon,0,noun,3024,4.750
6192,veloz,0,adj,3024,4.750
6193,despercebido,0,adj,3023,4.749
6194,ripostar,0,verb,3023,4.749
6195,barragem,0,noun,3022,4.747
6196,rotação,0,noun,3022,4.747
6197,suicido,0,adj,3022,4.747
6198,ides,0,noun,3020,4.744
6199,mmm,0,intj,3020,4.744
6200,more,0,noun,3020,4.744
6201,apresentar queixa,1,mwe,3019,4.743
6202,desordem,0,noun,3018,4.741
6203,excêntrico,0,adj,3018,4.741
6204,etapa,0,noun,3014,4.735
6205,assuntos internos,1,mwe,3011,4.730
6206,crente,0,noun,3008,4.725
6207,extorsão,0,noun,3008,4.725
6208,celeste,0,noun,3007,4.724
6209,mentalmente,0,adv,3007,4.724
6210,prefeito,0,noun,3007,4.724
6211,ganho,0,noun,3006,4.722
6212,mariquinhas,0,noun,3006,4.722
6213,meia dúzia,1,mwe,3006,4.722
6214,barman,0,noun,3005,4.721
6215,javali,0,noun,3004,4.719
6216,farmacêutico,0,noun,2999,4.711
6217,estimular,0,verb,2996,4.706
6218,desabafar,0,verb,2995,4.705
6219,sensacional,0,adj,2995,4.705
6220,absolver,0,verb,2994,4.703
6221,fraquinho,0,noun,2994,4.703
6222,monumento,0,noun,2994,4.703
6223,funcionamento,0,noun,2990,4.697
6224,conectar,0,verb,2989,4.695
6225,fungo,0,noun,2988,4.694
6226,esboço,0,noun,2987,4.692
6227,incentivo,0,noun,2987,4.692
6228,irracional,0,adj,2986,4.691
6229,móvel,0,adj,2985,4.689
6230,cómodo,0,noun,2982,4.684
6231,navalha,0,noun,2982,4.684
6232,ianque,0,noun,2981,4.683
6233,intimidade,0,noun,2980,4.681
6234,tremor,0,noun,2980,4.681
6235,calmamente,0,adv,2979,4.680
6236,infinito,0,adj,2979,4.680
6237,maestro,0,noun,2978,4.678
6238,acertado,0,verb,2977,4.677
6239,aquisição,0,noun,2977,4.677
6240,bravura,0,noun,2976,4.675
6241,erótico,0,adj,2975,4.673
6242,jurídico,0,adj,2975,4.673
6243,lamentável,0,adj,2973,4.670
6244,reprimir,0,verb,2973,4.670
6245,disco rígido,1,mwe,2972,4.669
6246,agitação,0,noun,2970,4.666
6247,mercê,0,noun,2969,4.664
6248,tremendo,0,adj,2968,4.662
6249,manicómio,0,noun,2967,4.661
6250,jarda,0,noun,2966,4.659
6251,búfalo,0,noun,2965,4.658
6252,porcento,0,noun,2965,4.658
6253,coletivo,0,adj,2964,4.656
6254,duquesa,0,noun,2963,4.655
6255,prostituição,0,noun,2963,4.655
6256,deslumbrante,0,adj,2961,4.651
6257,queque,0,noun,2960,4.650
6258,zoom,0,noun,2959,4.648
6259,tese,0,noun,2958,4.647
6260,artes marciais,1,mwe,2957,4.645
6261,bug,0,noun,2957,4.645
6262,contusão,0,noun,2956,4.644
6263,discordo,0,noun,2955,4.642
6264,maratona,0,noun,2954,4.640
6265,cisne,0,noun,2951,4.636
6266,intermediário,0,noun,2951,4.636
6267,véu,0,noun,2951,4.636
6268,requisitar,0,verb,2950,4.634
6269,desonesto,0,adj,2948,4.631
6270,marketing,0,noun,2946,4.628
6271,prosperar,0,verb,2946,4.628
6272,credível,0,adj,2944,4.625
6273,skate,0,noun,2943,4.623
6274,horroroso,0,adj,2941,4.620
6275,tripa,0,noun,2939,4.617
6276,palavrão,0,noun,2938,4.615
6277,bruto,0,adj,2937,4.614
6278,cansativo,0,adj,2936,4.612
6279,amador,0,adj,2935,4.611
6280,delito,0,noun,2935,4.611
6281,kms,0,noun,2935,4.611
6282,memorando,0,noun,2935,4.611
6283,en,0,prep,2934,4.609
6284,recreio,0,noun,2933,4.607
6285,ursinho,0,noun,2932,4.606
6286,admirado,0,adj,2931,4.604
6287,cegar,0,verb,2931,4.604
6288,destinar,0,verb,2931,4.604
6289,milímetro,0,noun,2930,4.603
6290,stop,0,unk,2930,4.603
6291,suado,0,adj,2930,4.603
6292,amarrado,0,adj,2927,4.598
6293,credibilidade,0,noun,2927,4.598
6294,impune,0,adj,2927,4.598
6295,manifesto,0,noun,2927,4.598
6296,apoiado,0,adj,2926,4.596
6297,discípulo,0,noun,2926,4.596
6298,piratear,0,verb,2924,4.593
6299,derradeiro,0,adj,2923,4.592
6300,apito,0,noun,2922,4.590
6301,riscar,0,noun,2921,4.589
6302,combinado,0,noun,2919,4.585
6303,barbeiro,0,noun,2918,4.584
6304,ogre,0,noun,2918,4.584
6305,dó,0,adv,2917,4.582
6306,bilhar,0,noun,2915,4.579
6307,indiferente,0,adj,2914,4.578
6308,assédio,0,noun,2913,4.576
6309,mãozinha,0,noun,2913,4.576
6310,anual,0,noun,2912,4.574
6311,maciço,0,adj,2912,4.574
6312,nevar,0,verb,2912,4.574
6313,polaco,0,noun,2909,4.570
6314,pornográfico,0,adj,2907,4.567
6315,roto,0,noun,2905,4.563
6316,anotação,0,noun,2904,4.562
6317,flexível,0,adj,2904,4.562
6318,provado,0,adj,2903,4.560
6319,associado,0,adj,2901,4.557
6320,náusea,0,noun,2901,4.557
6321,foleiro,0,adj,2899,4.554
6322,àquilo,0,pron,2899,4.554
6323,exposto,0,adj,2898,4.552
6324,homossexual,0,noun,2897,4.551
6325,meteorito,0,noun,2896,4.549
6326,carneiro,0,noun,2895,4.548
6327,dedicação,0,noun,2895,4.548
6328,revoltar,0,verb,2895,4.548
6329,engasgar,0,verb,2894,4.546
6330,papo,0,noun,2893,4.545
6331,paralisar,0,verb,2893,4.545
6332,wc,0,noun,2892,4.543
6333,acariciar,0,verb,2891,4.541
6334,marshal,0,noun,2891,4.541
6335,elástico,0,adj,2890,4.540
6336,presenciar,0,verb,2889,4.538
6337,nerd,0,noun,2888,4.537
6338,arodri,0,noun,2887,4.535
6339,brecha,0,noun,2887,4.535
6340,reviravolta,0,noun,2887,4.535
6341,orcs,0,noun,2885,4.532
6342,soviético,0,noun,2885,4.532
6343,melhora,0,noun,2883,4.529
6344,seguramente,0,adv,2883,4.529
6345,tinto,0,noun,2883,4.529
6346,familiarizado,0,adj,2882,4.527
6347,liberar,0,verb,2881,4.526
6348,dilema,0,noun,2880,4.524
6349,tresandar,0,verb,2880,4.524
6350,migalha,0,noun,2879,4.523
6351,espalhado,0,adj,2878,4.521
6352,porte,0,noun,2878,4.521
6353,buraco negro,1,mwe,2876,4.518
6354,carpete,0,noun,2876,4.518
6355,especulação,0,noun,2876,4.518
6356,oráculo,0,noun,2875,4.516
6357,coiote,0,noun,2874,4.515
6358,competente,0,adj,2873,4.513
6359,catálogo,0,noun,2871,4.510
6360,resumo,0,noun,2870,4.508
6361,esponja,0,noun,2867,4.504
6362,vegetariano,0,adj,2864,4.499
6363,bonitinho,0,adj,2863,4.497
6364,contador,0,noun,2862,4.496
6365,imperial,0,noun,2862,4.496
6366,informático,0,adj,2861,4.494
6367,legume,0,noun,2857,4.488
6368,empurrão,0,noun,2855,4.485
6369,gueto,0,noun,2855,4.485
6370,catedral,0,noun,2854,4.483
6371,sinceridade,0,noun,2854,4.483
6372,lã,0,noun,2853,4.482
6373,manta,0,noun,2850,4.477
6374,cósmico,0,adj,2849,4.475
6375,eleitor,0,noun,2849,4.475
6376,convencional,0,adj,2848,4.474
6377,instantâneo,0,adj,2848,4.474
6378,esvair,0,verb,2846,4.471
6379,melodia,0,noun,2846,4.471
6380,vibrar,0,verb,2845,4.469
6381,respiratório,0,adj,2844,4.468
6382,pairar,0,verb,2843,4.466
6383,purificar,0,verb,2842,4.464
6384,recriar,0,verb,2842,4.464
6385,convidada,0,noun,2841,4.463
6386,cratera,0,noun,2841,4.463
6387,prudente,0,adj,2840,4.461
6388,ilimitado,0,adj,2839,4.460
6389,imortalidade,0,noun,2838,4.458
6390,frequente,0,adj,2837,4.457
6391,liquidar,0,verb,2836,4.455
6392,felicitar,0,verb,2833,4.450
6393,pedrada,0,noun,2833,4.450
6394,fodida,0,verb,2832,4.449
6395,anestesia,0,noun,2831,4.447
6396,loura,0,adj,2830,4.446
6397,humidade,0,noun,2827,4.441
6398,balística,0,noun,2826,4.439
6399,cigano,0,noun,2826,4.439
6400,expulso,0,adj,2826,4.439
6401,tampão,0,noun,2825,4.438
6402,tellos,0,unk,2825,4.438
6403,anal,0,adj,2824,4.436
6404,fodeste,0,verb,2824,4.436
6405,surto,0,noun,2824,4.436
6406,cálice,0,noun,2817,4.425
6407,fogão,0,noun,2817,4.425
6408,aposentar,0,verb,2816,4.424
6409,justamente,0,adv,2816,4.424
6410,oitenta,0,num,2816,4.424
6411,sacudir,0,verb,2816,4.424
6412,regularmente,0,adv,2815,4.422
6413,subconsciente,0,noun,2815,4.422
6414,esposo,0,noun,2810,4.414
6415,otimista,0,noun,2810,4.414
6416,revirar,0,verb,2810,4.414
6417,virado,0,adj,2809,4.413
6418,cristã,0,adj,2808,4.411
6419,tranquilizante,0,noun,2807,4.409
6420,caramelo,0,noun,2805,4.406
6421,petição,0,noun,2805,4.406
6422,pagão,0,noun,2804,4.405
6423,fosso,0,noun,2803,4.403
6424,ocasionalmente,0,adv,2802,4.402
6425,reconfortante,0,adj,2799,4.397
6426,comprido,0,verb,2798,4.395
6427,twitter,0,noun,2798,4.395
6428,cautela,0,noun,2797,4.394
6429,atear,0,verb,2795,4.391
6430,pugilista,0,noun,2795,4.391
6431,abdómen,0,noun,2791,4.384
6432,feitio,0,noun,2791,4.384
6433,forças armadas,1,mwe,2791,4.384
6434,anónimo,0,noun,2789,4.381
6435,aquático,0,adj,2789,4.381
6436,aspirar,0,verb,2788,4.380
6437,maia,0,noun,2787,4.378
6438,financiamento,0,noun,2786,4.376
6439,ressurreição,0,noun,2786,4.376
6440,engenho,0,noun,2784,4.373
6441,repousar,0,verb,2784,4.373
6442,tentador,0,adj,2784,4.373
6443,web,0,noun,2783,4.372
6444,esparguete,0,noun,2782,4.370
6445,inauguração,0,noun,2781,4.369
6446,bilionário,0,noun,2780,4.367
6447,igualdade,0,noun,2779,4.365
6448,speed,0,noun,2779,4.365
6449,samaritano,0,noun,2778,4.364
6450,artifício,0,noun,2776,4.361
6451,gostoso,0,adj,2776,4.361
6452,livremente,0,adv,2776,4.361
6453,prisional,0,adj,2776,4.361
6454,latino,0,noun,2775,4.359
6455,descodificar,0,verb,2774,4.358
6456,programado,0,adj,2774,4.358
6457,delirar,0,verb,2773,4.356
6458,safado,0,adj,2772,4.355
6459,fins-de-semana,0,noun,2771,4.353
6460,prematuro,0,adj,2770,4.351
6461,réplica,0,noun,2770,4.351
6462,duvidoso,0,adj,2769,4.350
6463,catorze,0,num,2768,4.348
6464,polegada,0,noun,2767,4.347
6465,falido,0,adj,2766,4.345
6466,maníaco,0,noun,2766,4.345
6467,naval,0,adj,2766,4.345
6468,alpendre,0,noun,2764,4.342
6469,bourbon,0,noun,2764,4.342
6470,chifre,0,noun,2764,4.342
6471,loiro,0,adj,2764,4.342
6472,residente,0,adj,2762,4.339
6473,estimativa,0,noun,2761,4.337
6474,tantas saudades,1,mwe,2761,4.337
6475,casual,0,adj,2759,4.334
6476,moinho,0,noun,2758,4.333
6477,patrocinador,0,noun,2757,4.331
6478,chapa,0,noun,2756,4.329
6479,encaminhar,0,verb,2756,4.329
6480,agarrado,0,adj,2755,4.328
6481,torneira,0,noun,2755,4.328
6482,link,0,noun,2754,4.326
6483,reclamação,0,noun,2754,4.326
6484,macarrão,0,noun,2752,4.323
6485,matraca,0,noun,2752,4.323
6486,deceção,0,noun,2751,4.322
6487,fascinar,0,verb,2751,4.322
6488,recitar,0,verb,2750,4.320
6489,redução,0,noun,2750,4.320
6490,transportador,0,noun,2750,4.320
6491,avante,0,noun,2749,4.318
6492,aparição,0,noun,2748,4.317
6493,arranque,0,noun,2747,4.315
6494,out,0,noun,2747,4.315
6495,reinado,0,noun,2747,4.315
6496,biopsia,0,noun,2746,4.314
6497,evidentemente,0,adv,2746,4.314
6498,reconstrução,0,noun,2745,4.312
6499,infetado,0,adj,2739,4.303
6500,meteoro,0,noun,2739,4.303
6501,pinguim,0,noun,2739,4.303
6502,rebocar,0,verb,2739,4.303
6503,sogro,0,noun,2738,4.301
6504,episódios anteriores,1,mwe,2737,4.300
6505,italiansubs,0,noun,2737,4.300
6506,apólice,0,noun,2736,4.298
6507,redondeza,0,noun,2736,4.298
6508,androide,0,noun,2735,4.296
6509,acidental,0,adj,2734,4.295
6510,borrar,0,verb,2733,4.293
6511,metálico,0,adj,2733,4.293
6512,ilegalmente,0,adv,2732,4.292
6513,larva,0,noun,2732,4.292
6514,suspiro,0,noun,2732,4.292
6515,country,0,unk,2731,4.290
6516,canela,0,noun,2729,4.287
6517,competência,0,noun,2729,4.287
6518,espanto,0,noun,2729,4.287
6519,compreensivo,0,adj,2728,4.285
6520,fantoche,0,noun,2728,4.285
6521,alternativo,0,adj,2725,4.281
6522,cilindro,0,noun,2725,4.281
6523,obstrução,0,noun,2725,4.281
6524,get,0,noun,2724,4.279
6525,planeamento,0,noun,2723,4.278
6526,tanas,0,noun,2723,4.278
6527,pinto,0,noun,2722,4.276
6528,alcateia,0,noun,2721,4.274
6529,aliar,0,verb,2720,4.273
6530,derrame,0,noun,2720,4.273
6531,egípcio,0,adj,2720,4.273
6532,ósseo,0,adj,2720,4.273
6533,terno,0,noun,2719,4.271
6534,pino,0,noun,2718,4.270
6535,frustrante,0,adj,2717,4.268
6536,heroico,0,adj,2717,4.268
6537,descuidado,0,adj,2715,4.265
6538,noutros,0,det,2714,4.263
6539,orquestra,0,noun,2714,4.263
6540,pêsames,0,noun,2714,4.263
6541,voador,0,adj,2714,4.263
6542,alfinete,0,noun,2708,4.254
6543,viável,0,adj,2708,4.254
6544,desleixar,0,verb,2707,4.252
6545,gaulês,0,noun,2707,4.252
6546,telescópio,0,noun,2706,4.251
6547,planície,0,noun,2705,4.249
6548,boletim,0,noun,2704,4.248
6549,fidelidade,0,noun,2704,4.248
6550,supremo tribunal,1,mwe,2704,4.248
6551,vingador,0,noun,2704,4.248
6552,magistrado,0,noun,2702,4.245
6553,aroma,0,noun,2701,4.243
6554,auge,0,noun,2701,4.243
6555,suíço,0,adj,2701,4.243
6556,baralho,0,noun,2700,4.241
6557,aceite,0,adj,2699,4.240
6558,quimioterapia,0,noun,2699,4.240
6559,feixe,0,noun,2698,4.238
6560,soutien,0,noun,2698,4.238
6561,rodeio,0,noun,2696,4.235
6562,desativado,0,verb,2695,4.234
6563,iluminação,0,noun,2695,4.234
6564,noventa,0,num,2695,4.234
6565,molhado,0,adj,2694,4.232
6566,batizar,0,verb,2692,4.229
6567,bato,0,verb,2692,4.229
6568,incómodo,0,adj,2692,4.229
6569,especiaria,0,noun,2691,4.227
6570,coelhinho,0,noun,2690,4.226
6571,ketchup,0,noun,2690,4.226
6572,decência,0,noun,2689,4.224
6573,pedófilo,0,noun,2688,4.223
6574,espinho,0,noun,2685,4.218
6575,mascote,0,noun,2685,4.218
6576,sinistro,0,noun,2684,4.216
6577,temperamento,0,noun,2684,4.216
6578,avesso,0,noun,2683,4.215
6579,devoção,0,noun,2683,4.215
6580,órfão,0,adj,2680,4.210
6581,calipigia,0,noun,2679,4.208
6582,destroçado,0,adj,2678,4.207
6583,decisivo,0,adj,2677,4.205
6584,unicórnio,0,noun,2675,4.202
6585,vespa,0,noun,2673,4.199
6586,gargalhada,0,noun,2672,4.197
6587,gatinha,0,noun,2672,4.197
6588,dentário,0,adj,2671,4.196
6589,papi,0,noun,2671,4.196
6590,beijinho,0,intj,2670,4.194
6591,escorrer,0,verb,2670,4.194
6592,separatista,0,noun,2670,4.194
6593,relvado,0,noun,2669,4.193
6594,angariação,0,noun,2668,4.191
6595,rédea,0,noun,2667,4.190
6596,judaico,0,adj,2666,4.188
6597,afetado,0,verb,2665,4.186
6598,nações unidas,1,mwe,2665,4.186
6599,banca,0,noun,2663,4.183
6600,ferreiro,0,noun,2663,4.183
6601,imperial,0,adj,2663,4.183
6602,escravatura,0,noun,2661,4.180
6603,congelador,0,noun,2660,4.179
6604,seita,0,noun,2660,4.179
6605,ídolo,0,noun,2659,4.177
6606,engenhoso,0,adj,2656,4.172
6607,pisa,0,noun,2654,4.169
6608,gala,0,noun,2653,4.168
6609,matrimónio,0,noun,2653,4.168
6610,roupão,0,noun,2653,4.168
6611,arrasado,0,adj,2651,4.164
6612,fação,0,noun,2650,4.163
6613,trapo,0,noun,2650,4.163
6614,set,0,noun,2649,4.161
6615,manhoso,0,adj,2648,4.160
6616,recife,0,noun,2647,4.158
6617,angariar,0,verb,2646,4.157
6618,distanciar,0,verb,2646,4.157
6619,distinção,0,noun,2646,4.157
6620,golpear,0,verb,2646,4.157
6621,raivoso,0,adj,2646,4.157
6622,repouso,0,noun,2645,4.155
6623,deportar,0,verb,2643,4.152
6624,calçar,0,verb,2641,4.149
6625,víbora,0,noun,2641,4.149
6626,irregular,0,adj,2639,4.146
6627,estimulante,0,adj,2638,4.144
6628,bancada,0,noun,2637,4.142
6629,morador,0,noun,2637,4.142
6630,ultra,0,noun,2637,4.142
6631,dependente,0,adj,2634,4.138
6632,luar,0,noun,2634,4.138
6633,bagageira,0,noun,2633,4.136
6634,cubano,0,adj,2633,4.136
6635,estoirar,0,verb,2632,4.135
6636,mayday,0,noun,2631,4.133
6637,melhoria,0,noun,2631,4.133
6638,repetição,0,noun,2631,4.133
6639,pente,0,noun,2630,4.131
6640,engate,0,noun,2628,4.128
6641,sénior,0,noun,2628,4.128
6642,palha,0,noun,2627,4.127
6643,reivindicar,0,verb,2626,4.125
6644,alce,0,intj,2625,4.124
6645,alucinar,0,verb,2625,4.124
6646,bad,0,noun,2624,4.122
6647,casinha,0,noun,2621,4.117
6648,desconhecido,0,noun,2621,4.117
6649,estabilidade,0,noun,2620,4.116
6650,estelar,0,noun,2620,4.116
6651,proa,0,noun,2620,4.116
6652,bunda,0,noun,2619,4.114
6653,gere,0,noun,2619,4.114
6654,covil,0,noun,2618,4.113
6655,competitivo,0,adj,2617,4.111
6656,cínico,0,adj,2617,4.111
6657,pinça,0,noun,2617,4.111
6658,stock,0,noun,2615,4.108
6659,vice,0,noun,2615,4.108
6660,credencial,0,noun,2614,4.106
6661,extremidade,0,noun,2614,4.106
6662,fofo,0,noun,2614,4.106
6663,espécime,0,noun,2612,4.103
6664,horrendo,0,adj,2612,4.103
6665,aparente,0,adj,2611,4.102
6666,chili,0,noun,2610,4.100
6667,fileira,0,noun,2610,4.100
6668,oponente,0,noun,2610,4.100
6669,contrariar,0,verb,2609,4.098
6670,guarda-roupa,0,noun,2609,4.098
6671,produtivo,0,adj,2608,4.097
6672,quadrado,0,noun,2608,4.097
6673,incorreto,0,adj,2607,4.095
6674,entusiasmar,0,verb,2605,4.092
6675,don't,0,unk,2604,4.091
6676,titã,0,noun,2604,4.091
6677,ementa,0,noun,2603,4.089
6678,persistente,0,adj,2603,4.089
6679,consumidor,0,noun,2601,4.086
6680,vertical,0,adj,2601,4.086
6681,formalidade,0,noun,2600,4.084
6682,alumínio,0,noun,2597,4.080
6683,ardente,0,adj,2597,4.080
6684,dróide,0,adj,2597,4.080
6685,exorcismo,0,noun,2596,4.078
6686,riacho,0,noun,2596,4.078
6687,calcanhar,0,verb,2594,4.075
6688,estritamente,0,adv,2592,4.072
6689,amnésia,0,noun,2591,4.070
6690,kaboom,0,noun,2591,4.070
6691,bruxaria,0,noun,2589,4.067
6692,cunhada,0,noun,2587,4.064
6693,feto,0,noun,2587,4.064
6694,mutuamente,0,adv,2587,4.064
6695,silenciar,0,verb,2587,4.064
6696,homicido,0,adj,2586,4.062
6697,páre,0,verb,2586,4.062
6698,sultão,0,noun,2586,4.062
6699,what,0,unk,2586,4.062
6700,saquear,0,verb,2585,4.061
6701,traidora,0,noun,2585,4.061
6702,compensação,0,noun,2584,4.059
6703,entes queridos,1,mwe,2584,4.059
6704,intensivo,0,adj,2584,4.059
6705,pi,0,noun,2584,4.059
6706,rabugento,0,adj,2584,4.059
6707,marinho,0,adj,2583,4.058
6708,setenta,0,num,2583,4.058
6709,suavemente,0,adv,2583,4.058
6710,apreensão,0,noun,2582,4.056
6711,hacker,0,noun,2582,4.056
6712,esqui,0,noun,2581,4.054
6713,matulão,0,noun,2581,4.054
6714,cantina,0,noun,2580,4.053
6715,diplomata,0,noun,2580,4.053
6716,dígito,0,noun,2580,4.053
6717,relações públicas,1,mwe,2580,4.053
6718,tatuar,0,verb,2580,4.053
6719,união soviética,1,mwe,2580,4.053
6720,graxa,0,noun,2579,4.051
6721,interminável,0,adj,2579,4.051
6722,escavação,0,noun,2578,4.050
6723,neurológico,0,adj,2577,4.048
6724,teoricamente,0,adv,2576,4.047
6725,chui,0,intj,2575,4.045
6726,arquitetura,0,noun,2574,4.043
6727,premir,0,verb,2574,4.043
6728,tutor,0,noun,2574,4.043
6729,descontar,0,verb,2573,4.042
6730,naval,0,noun,2570,4.037
6731,asma,0,noun,2569,4.036
6732,gráfico,0,noun,2568,4.034
6733,honor,0,noun,2568,4.034
6734,patrocinar,0,verb,2568,4.034
6735,retrete,0,noun,2568,4.034
6736,apoiante,0,noun,2567,4.032
6737,madrinha,0,noun,2567,4.032
6738,suprimento,0,noun,2566,4.031
6739,paralisado,0,adj,2565,4.029
6740,redenção,0,noun,2565,4.029
6741,ópio,0,noun,2565,4.029
6742,marioneta,0,noun,2564,4.028
6743,costura,0,noun,2563,4.026
6744,aeronave,0,noun,2562,4.025
6745,falhanço,0,noun,2562,4.025
6746,jet,0,noun,2562,4.025
6747,peluche,0,noun,2560,4.021
6748,constrangedor,0,adj,2559,4.020
6749,ilibar,0,verb,2559,4.020
6750,inicialmente,0,adv,2559,4.020
6751,demolir,0,verb,2558,4.018
6752,sobrevoar,0,verb,2557,4.017
6753,restabelecer,0,verb,2556,4.015
6754,fornecimento,0,noun,2555,4.014
6755,strike,0,noun,2555,4.014
6756,automaticamente,0,adv,2554,4.012
6757,indicador,0,noun,2552,4.009
6758,mercúrio,0,noun,2551,4.007
6759,picha,0,noun,2550,4.006
6760,acomodar,0,verb,2549,4.004
6761,esmeralda,0,noun,2549,4.004
6762,juvenil,0,adj,2549,4.004
6763,ages,0,noun,2548,4.003
6764,filósofo,0,noun,2548,4.003
6765,gelatina,0,noun,2548,4.003
6766,auxílio,0,noun,2545,3.998
6767,bisturi,0,noun,2545,3.998
6768,desertor,0,noun,2544,3.996
6769,dezassete,0,num,2544,3.996
6770,cadeado,0,noun,2541,3.992
6771,comprovar,0,verb,2541,3.992
6772,honorário,0,noun,2541,3.992
6773,legítima defesa,1,mwe,2541,3.992
6774,lápide,0,noun,2541,3.992
6775,executivo,0,noun,2539,3.988
6776,inundação,0,noun,2539,3.988
6777,anatomia,0,noun,2537,3.985
6778,canalização,0,noun,2537,3.985
6779,marciano,0,noun,2537,3.985
6780,discretamente,0,adv,2536,3.984
6781,estalo,0,noun,2536,3.984
6782,vulcano,0,noun,2536,3.984
6783,esculpir,0,verb,2535,3.982
6784,espantado,0,adj,2535,3.982
6785,frustração,0,noun,2535,3.982
6786,obsceno,0,adj,2535,3.982
6787,correia,0,noun,2533,3.979
6788,molécula,0,noun,2531,3.976
6789,estreito,0,adj,2530,3.974
6790,ioga,0,noun,2530,3.974
6791,constipação,0,noun,2529,3.973
6792,crónico,0,adj,2529,3.973
6793,insano,0,adj,2528,3.971
6794,rastro,0,noun,2526,3.968
6795,descolagem,0,noun,2525,3.966
6796,preocupante,0,adj,2525,3.966
6797,baunilha,0,noun,2524,3.965
6798,reescrever,0,verb,2523,3.963
6799,maxilar,0,noun,2522,3.962
6800,tecnológico,0,adj,2522,3.962
6801,acessório,0,noun,2521,3.960
6802,deliberadamente,0,adv,2520,3.959
6803,especular,0,verb,2519,3.957
6804,heil,0,noun,2519,3.957
6805,minar,0,verb,2519,3.957
6806,mágoa,0,noun,2519,3.957
6807,contracto,0,noun,2518,3.955
6808,pistoleiro,0,noun,2518,3.955
6809,trunfo,0,noun,2518,3.955
6810,alga,0,noun,2517,3.954
6811,funcional,0,adj,2517,3.954
6812,diálogo,0,noun,2514,3.949
6813,diligência,0,noun,2512,3.946
6814,afligir,0,verb,2511,3.945
6815,raspar,0,verb,2509,3.941
6816,est,0,noun,2508,3.940
6817,pupila,0,noun,2508,3.940
6818,nomeação,0,noun,2507,3.938
6819,intensidade,0,noun,2506,3.937
6820,rodeado,0,adj,2506,3.937
6821,condomínio,0,noun,2505,3.935
6822,indelicado,0,adj,2505,3.935
6823,pentear,0,verb,2505,3.935
6824,ingerir,0,verb,2504,3.934
6825,tratado,0,noun,2504,3.934
6826,gasto,0,noun,2503,3.932
6827,acorrentar,0,verb,2502,3.930
6828,destruíste,0,noun,2502,3.930
6829,insanidade,0,noun,2502,3.930
6830,sémen,0,noun,2502,3.930
6831,urânio,0,noun,2502,3.930
6832,apontamento,0,noun,2500,3.927
6833,carril,0,noun,2499,3.926
6834,celestial,0,adj,2499,3.926
6835,quarterback,0,noun,2499,3.926
6836,baba,0,noun,2498,3.924
6837,ahh,0,intj,2497,3.923
6838,coitado,0,noun,2495,3.919
6839,gracioso,0,adj,2495,3.919
6840,palmada,0,noun,2494,3.918
6841,denúncia,0,noun,2493,3.916
6842,magia negra,1,mwe,2493,3.916
6843,babe,0,noun,2492,3.915
6844,baú,0,noun,2492,3.915
6845,frustrar,0,verb,2492,3.915
6846,árduo,0,adj,2492,3.915
6847,bruxo,0,noun,2490,3.912
6848,obrigadinho,0,intj,2490,3.912
6849,engraçadinho,0,adj,2489,3.910
6850,monstruoso,0,adj,2489,3.910
6851,peculiar,0,adj,2487,3.907
6852,consistir,0,verb,2486,3.905
6853,infetado,0,noun,2486,3.905
6854,devastador,0,adj,2484,3.902
6855,esgueirar,0,verb,2484,3.902
6856,mamar,0,verb,2484,3.902
6857,playboy,0,noun,2483,3.901
6858,sádico,0,adj,2483,3.901
6859,gemer,0,verb,2482,3.899
6860,escovar,0,verb,2480,3.896
6861,perturbação,0,noun,2480,3.896
6862,sonoro,0,adj,2480,3.896
6863,teso,0,intj,2480,3.896
6864,detonação,0,noun,2478,3.893
6865,economizar,0,verb,2478,3.893
6866,madrasta,0,noun,2477,3.891
6867,erguido,0,verb,2476,3.890
6868,decepcionado,0,adj,2475,3.888
6869,incompleto,0,adj,2475,3.888
6870,receitar,0,verb,2475,3.888
6871,costa leste,1,mwe,2474,3.886
6872,ofendido,0,adj,2474,3.886
6873,egípcio,0,noun,2473,3.885
6874,incisão,0,noun,2473,3.885
6875,infiltrado,0,adj,2472,3.883
6876,mendigo,0,noun,2472,3.883
6877,assinalar,0,verb,2471,3.882
6878,caligrafia,0,noun,2469,3.879
6879,confidencialidade,0,noun,2469,3.879
6880,penitenciária,0,noun,2468,3.877
6881,raciocínio,0,noun,2467,3.875
6882,empate,0,noun,2465,3.872
6883,frota estelar,1,mwe,2465,3.872
6884,karaté,0,noun,2465,3.872
6885,seguradora,0,noun,2464,3.871
6886,tédio,0,noun,2462,3.868
6887,baralhar,0,verb,2461,3.866
6888,download,0,noun,2461,3.866
6889,fanático,0,noun,2460,3.864
6890,louro,0,noun,2460,3.864
6891,goma,0,noun,2459,3.863
6892,permanentemente,0,adv,2457,3.860
6893,plenamente,0,adv,2457,3.860
6894,porta-voz,0,noun,2457,3.860
6895,repetidamente,0,adv,2457,3.860
6896,sobrenome,0,noun,2457,3.860
6897,universitário,0,adj,2456,3.858
6898,cônsul,0,adj,2453,3.853
6899,recepcionista,0,noun,2453,3.853
6900,sacramento,0,noun,2453,3.853
6901,feiticeira,0,noun,2452,3.852
6902,orquídea,0,noun,2452,3.852
6903,estúpida,0,noun,2451,3.850
6904,conveniência,0,noun,2450,3.849
6905,marítimo,0,adj,2450,3.849
6906,retaliação,0,noun,2450,3.849
6907,tecla,0,noun,2450,3.849
6908,camuflagem,0,noun,2448,3.846
6909,escorregadio,0,adj,2448,3.846
6910,atacante,0,noun,2447,3.844
6911,controlador,0,noun,2447,3.844
6912,folheto,0,noun,2447,3.844
6913,todavia,0,adv,2447,3.844
6914,milénio,0,noun,2445,3.841
6915,camarote,0,noun,2443,3.838
6916,adega,0,noun,2441,3.835
6917,imperatriz,0,noun,2441,3.835
6918,efeitos secundários,1,mwe,2440,3.833
6919,password,0,noun,2440,3.833
6920,transparente,0,adj,2440,3.833
6921,publicitário,0,adj,2438,3.830
6922,borracho,0,noun,2437,3.828
6923,dicionário,0,noun,2437,3.828
6924,sociopata,0,noun,2437,3.828
6925,delírio,0,noun,2436,3.827
6926,xarope,0,noun,2436,3.827
6927,coitada,0,noun,2434,3.824
6928,fenomenal,0,adj,2434,3.824
6929,ré,0,noun,2434,3.824
6930,suster,0,verb,2434,3.824
6931,marreta,0,noun,2433,3.822
6932,poster,0,noun,2433,3.822
6933,bombordo,0,noun,2432,3.820
6934,delinquente,0,noun,2432,3.820
6935,dental,0,adj,2432,3.820
6936,manipulação,0,noun,2432,3.820
6937,substituição,0,noun,2431,3.819
6938,eramos,0,verb,2430,3.817
6939,bom-dia,0,intj,2429,3.816
6940,estufa,0,noun,2428,3.814
6941,negligência,0,noun,2428,3.814
6942,empacotar,0,verb,2427,3.813
6943,vovó,0,noun,2427,3.813
6944,cana,0,noun,2424,3.808
6945,editar,0,verb,2424,3.808
6946,silencioso,0,noun,2424,3.808
6947,turístico,0,adj,2424,3.808
6948,médico-legista,0,noun,2423,3.806
6949,namoriscar,0,verb,2423,3.806
6950,aventureiro,0,adj,2422,3.805
6951,lançador,0,noun,2422,3.805
6952,on-line,0,adj,2422,3.805
6953,município,0,noun,2420,3.802
6954,ameaçador,0,adj,2417,3.797
6955,ditador,0,noun,2417,3.797
6956,poker,0,noun,2416,3.795
6957,subida,0,noun,2416,3.795
6958,armadilhar,0,verb,2415,3.794
6959,cabedal,0,noun,2415,3.794
6960,carrasco,0,noun,2415,3.794
6961,hospedar,0,verb,2415,3.794
6962,orgia,0,noun,2415,3.794
6963,excursão,0,noun,2413,3.791
6964,baixinho,0,adv,2412,3.789
6965,chimpanzé,0,noun,2411,3.787
6966,ereção,0,noun,2411,3.787
6967,guisado,0,noun,2411,3.787
6968,reanimar,0,verb,2411,3.787
6969,fedelho,0,noun,2410,3.786
6970,igualar,0,verb,2410,3.786
6971,minoria,0,noun,2410,3.786
6972,irmãzinha,0,noun,2409,3.784
6973,retardar,0,verb,2409,3.784
6974,apavorado,0,adj,2408,3.783
6975,baza,0,noun,2408,3.783
6976,louça,0,noun,2407,3.781
6977,ouvinte,0,noun,2407,3.781
6978,vaidade,0,noun,2407,3.781
6979,coitadinho,0,noun,2406,3.780
6980,impulsivo,0,adj,2406,3.780
6981,cargueiro,0,noun,2405,3.778
6982,escaldante,0,adj,2404,3.776
6983,triunfar,0,verb,2404,3.776
6984,medrica,0,noun,2403,3.775
6985,nascença,0,noun,2402,3.773
6986,perfuração,0,noun,2402,3.773
6987,impróprio,0,adj,2401,3.772
6988,semear,0,verb,2401,3.772
6989,rebolar,0,verb,2400,3.770
6990,defensivo,0,adj,2399,3.769
6991,teórico,0,adj,2399,3.769
6992,acolhedor,0,adj,2398,3.767
6993,lagarto,0,noun,2398,3.767
6994,balanço,0,noun,2397,3.765
6995,pulmonar,0,adj,2397,3.765
6996,rachar,0,verb,2397,3.765
6997,racial,0,adj,2397,3.765
6998,villa,0,noun,2397,3.765
6999,cigano,0,adj,2396,3.764
7000,desembucha,0,verb,2394,3.761
7001,botar,0,verb,2393,3.759
7002,soprano,0,noun,2393,3.759
7003,ferry,0,noun,2392,3.758
7004,pestanejar,0,noun,2392,3.758
7005,superstição,0,noun,2391,3.756
7006,gentilmente,0,adv,2390,3.754
7007,sola,0,noun,2390,3.754
7008,belga,0,noun,2389,3.753
7009,matriz,0,noun,2389,3.753
7010,contestar,0,verb,2388,3.751
7011,desabar,0,verb,2388,3.751
7012,vigor,0,noun,2388,3.751
7013,dá-ma,0,noun,2387,3.750
7014,rusga,0,noun,2386,3.748
7015,desmascarar,0,verb,2385,3.747
7016,detalhar,0,verb,2383,3.743
7017,pedacinho,0,noun,2383,3.743
7018,correspondente,0,noun,2382,3.742
7019,procuradoria,0,noun,2380,3.739
7020,sarcasmo,0,noun,2380,3.739
7021,coágulo,0,noun,2379,3.737
7022,existente,0,adj,2379,3.737
7023,devastar,0,verb,2378,3.736
7024,donativo,0,noun,2378,3.736
7025,numas,0,det,2377,3.734
7026,proporção,0,noun,2376,3.732
7027,interagir,0,verb,2375,3.731
7028,quinhentos,0,num,2375,3.731
7029,indiana,0,adj,2374,3.729
7030,ovni,0,noun,2373,3.728
7031,plateia,0,noun,2373,3.728
7032,privar,0,verb,2372,3.726
7033,burocracia,0,noun,2371,3.725
7034,cliché,0,noun,2371,3.725
7035,preconceito,0,noun,2371,3.725
7036,assobiar,0,verb,2370,3.723
7037,curado,0,adj,2370,3.723
7038,direitinho,0,adv,2370,3.723
7039,descartável,0,adj,2369,3.721
7040,subsídio,0,noun,2369,3.721
7041,una,0,verb,2369,3.721
7042,margarita,0,noun,2367,3.718
7043,condecorar,0,verb,2364,3.714
7044,queimado,0,noun,2364,3.714
7045,repor,0,unk,2364,3.714
7046,moda antiga,1,mwe,2363,3.712
7047,galdéria,0,noun,2362,3.710
7048,nabo,0,noun,2362,3.710
7049,rejeição,0,noun,2362,3.710
7050,administrativo,0,adj,2361,3.709
7051,central park,1,mwe,2361,3.709
7052,revolucionário,0,adj,2361,3.709
7053,hino,0,noun,2358,3.704
7054,dotar,0,verb,2355,3.699
7055,exílio,0,noun,2355,3.699
7056,propriedade privada,1,mwe,2355,3.699
7057,radical,0,noun,2355,3.699
7058,hectare,0,noun,2352,3.695
7059,caldeira,0,noun,2351,3.693
7060,sucumbir,0,verb,2351,3.693
7061,barricada,0,noun,2350,3.692
7062,baço,0,noun,2350,3.692
7063,moca,0,noun,2350,3.692
7064,entendimento,0,noun,2349,3.690
7065,inchaço,0,noun,2349,3.690
7066,alfaiate,0,noun,2348,3.688
7067,óbito,0,noun,2348,3.688
7068,quentinho,0,adj,2347,3.687
7069,saliva,0,noun,2346,3.685
7070,ambulante,0,adj,2345,3.684
7071,caloroso,0,adj,2345,3.684
7072,fusível,0,noun,2343,3.681
7073,surfar,0,verb,2343,3.681
7074,taberna,0,noun,2343,3.681
7075,espreita,0,noun,2341,3.677
7076,descendente,0,noun,2339,3.674
7077,esquiar,0,verb,2339,3.674
7078,natação,0,noun,2339,3.674
7079,apurar,0,verb,2337,3.671
7080,cafeína,0,noun,2337,3.671
7081,urna,0,noun,2337,3.671
7082,híbrido,0,noun,2336,3.670
7083,conselheira,0,noun,2335,3.668
7084,hidrogénio,0,noun,2334,3.666
7085,envenenamento,0,noun,2333,3.665
7086,sincronizado,0,adj,2333,3.665
7087,atendedor,0,noun,2332,3.663
7088,guerreira,0,noun,2332,3.663
7089,latino,0,adj,2332,3.663
7090,toupeira,0,noun,2331,3.662
7091,fração,0,noun,2330,3.660
7092,gravado,0,adj,2329,3.659
7093,popa,0,noun,2329,3.659
7094,blog,0,noun,2328,3.657
7095,cadê,0,verb,2328,3.657
7096,negociante,0,noun,2328,3.657
7097,perseguidor,0,noun,2328,3.657
7098,preliminar,0,adj,2328,3.657
7099,cabeleireiro,0,noun,2327,3.655
7100,aveia,0,noun,2325,3.652
7101,incitar,0,verb,2324,3.651
7102,idiotice,0,noun,2323,3.649
7103,vil,0,adj,2323,3.649
7104,agravar,0,verb,2322,3.648
7105,hostilidade,0,noun,2322,3.648
7106,inimiga,0,adj,2322,3.648
7107,divorciado,0,adj,2321,3.646
7108,durão,0,adj,2321,3.646
7109,medieval,0,adj,2320,3.644
7110,sócia,0,noun,2320,3.644
7111,carpinteiro,0,noun,2319,3.643
7112,acolhimento,0,noun,2318,3.641
7113,dês ouvidos,1,mwe,2318,3.641
7114,enxaqueca,0,noun,2318,3.641
7115,encerramento,0,noun,2317,3.640
7116,ferrar,0,verb,2317,3.640
7117,pegajoso,0,adj,2316,3.638
7118,alien,0,unk,2315,3.637
7119,arrombamento,0,noun,2314,3.635
7120,camera,0,noun,2314,3.635
7121,deputado,0,noun,2314,3.635
7122,aldeão,0,noun,2313,3.633
7123,dote,0,noun,2313,3.633
7124,exemplar,0,noun,2310,3.629
7125,toxicológico,0,adj,2310,3.629
7126,encarregado,0,adj,2309,3.627
7127,tolerância,0,noun,2309,3.627
7128,tradutor,0,noun,2309,3.627
7129,geneticamente,0,adv,2306,3.622
7130,ventilador,0,noun,2306,3.622
7131,rondar,0,verb,2305,3.621
7132,contração,0,noun,2304,3.619
7133,guarda-chuva,0,noun,2304,3.619
7134,acudir,0,verb,2303,3.618
7135,súbdito,0,noun,2303,3.618
7136,tossir,0,verb,2303,3.618
7137,concelho,0,noun,2301,3.615
7138,empresarial,0,adj,2301,3.615
7139,evaporar,0,verb,2301,3.615
7140,presunçoso,0,adj,2301,3.615
7141,cravar,0,verb,2300,3.613
7142,empenhar,0,verb,2300,3.613
7143,ocorrência,0,noun,2300,3.613
7144,rena,0,noun,2300,3.613
7145,surpreendeu,0,unk,2300,3.613
7146,afugentar,0,verb,2298,3.610
7147,consolar,0,verb,2298,3.610
7148,ecstasy,0,noun,2298,3.610
7149,empreiteiro,0,noun,2297,3.608
7150,palhaçada,0,noun,2297,3.608
7151,punhado,0,noun,2297,3.608
7152,sobrevivo,0,verb,2297,3.608
7153,bilhões,0,num,2296,3.607
7154,hi,0,intj,2296,3.607
7155,sanguessuga,0,noun,2296,3.607
7156,caviar,0,noun,2294,3.604
7157,luisadom,0,noun,2294,3.604
7158,perspicaz,0,adj,2294,3.604
7159,fazendeiro,0,noun,2293,3.602
7160,colaborador,0,noun,2292,3.600
7161,batizado,0,verb,2291,3.599
7162,canalizar,0,verb,2291,3.599
7163,deficiência,0,noun,2289,3.596
7164,esfomear,0,verb,2289,3.596
7165,essencialmente,0,adv,2289,3.596
7166,desertar,0,verb,2288,3.594
7167,estojo,0,noun,2288,3.594
7168,aviação,0,noun,2287,3.593
7169,botar,0,noun,2287,3.593
7170,licor,0,noun,2287,3.593
7171,fiscal,0,adj,2286,3.591
7172,espirrar,0,verb,2285,3.589
7173,desrespeito,0,noun,2284,3.588
7174,charada,0,noun,2283,3.586
7175,delegação,0,noun,2282,3.585
7176,enxerto,0,noun,2281,3.583
7177,intitular,0,verb,2281,3.583
7178,sabonete,0,noun,2281,3.583
7179,fundamento,0,noun,2280,3.582
7180,prevalecer,0,verb,2280,3.582
7181,empolgado,0,adj,2279,3.580
7182,ileso,0,adj,2279,3.580
7183,frita,0,noun,2278,3.578
7184,aprendiz,0,adj,2276,3.575
7185,ascender,0,verb,2275,3.574
7186,creche,0,noun,2275,3.574
7187,hera,0,noun,2275,3.574
7188,recrutamento,0,noun,2274,3.572
7189,amora,0,noun,2273,3.571
7190,ceia,0,noun,2273,3.571
7191,desemprego,0,noun,2273,3.571
7192,bombear,0,verb,2272,3.569
7193,pretexto,0,noun,2272,3.569
7194,idioma,0,noun,2271,3.567
7195,paralelo,0,noun,2271,3.567
7196,tripulante,0,noun,2271,3.567
7197,pia,0,noun,2269,3.564
7198,mamífero,0,noun,2268,3.563
7199,cativeiro,0,noun,2267,3.561
7200,duração,0,noun,2267,3.561
7201,padaria,0,noun,2267,3.561
7202,pub,0,noun,2266,3.560
7203,ressonar,0,verb,2265,3.558
7204,restos mortais,1,mwe,2265,3.558
7205,abandono,0,noun,2263,3.555
7206,mastro,0,noun,2262,3.553
7207,focado,0,adj,2261,3.552
7208,vácuo,0,noun,2261,3.552
7209,temporada episódio,1,mwe,2260,3.550
7210,diarreia,0,noun,2258,3.547
7211,hetero,0,adj,2258,3.547
7212,prejuízo,0,noun,2256,3.544
7213,subsolo,0,noun,2255,3.542
7214,admiração,0,noun,2254,3.541
7215,incentivar,0,verb,2253,3.539
7216,pretendente,0,noun,2252,3.538
7217,sabre,0,noun,2252,3.538
7218,angústia,0,noun,2251,3.536
7219,azeitona,0,noun,2251,3.536
7220,camarim,0,noun,2251,3.536
7221,carinhoso,0,adj,2249,3.533
7222,contaminação,0,noun,2249,3.533
7223,poético,0,adj,2249,3.533
7224,rinoceronte,0,noun,2249,3.533
7225,lula,0,noun,2248,3.531
7226,des,0,noun,2247,3.530
7227,imobilizar,0,verb,2246,3.528
7228,chuto,0,noun,2243,3.524
7229,pickle,0,noun,2242,3.522
7230,digerir,0,verb,2241,3.520
7231,flauta,0,noun,2238,3.516
7232,pureza,0,noun,2237,3.514
7233,casulo,0,noun,2235,3.511
7234,louro,0,adj,2235,3.511
7235,espiral,0,noun,2232,3.506
7236,milagroso,0,adj,2231,3.505
7237,dormente,0,adj,2228,3.500
7238,incerto,0,adj,2227,3.498
7239,merecedor,0,adj,2227,3.498
7240,bexiga,0,noun,2226,3.497
7241,fanático,0,adj,2225,3.495
7242,life,0,noun,2225,3.495
7243,variação,0,noun,2224,3.494
7244,beliche,0,noun,2223,3.492
7245,cruzado,0,noun,2223,3.492
7246,novela,0,noun,2223,3.492
7247,baralhado,0,adj,2222,3.491
7248,colombiano,0,adj,2221,3.489
7249,decrescente,0,adj,2221,3.489
7250,mon,0,unk,2220,3.487
7251,luxúria,0,noun,2219,3.486
7252,paisana,0,noun,2219,3.486
7253,proclamar,0,verb,2219,3.486
7254,down,0,unk,2218,3.484
7255,simplificar,0,verb,2217,3.483
7256,imitador,0,noun,2214,3.478
7257,repreender,0,verb,2214,3.478
7258,game,0,noun,2213,3.476
7259,aconselhamento,0,noun,2211,3.473
7260,rafeiro,0,noun,2211,3.473
7261,trezentos,0,num,2211,3.473
7262,espesso,0,adj,2210,3.472
7263,agricultura,0,noun,2209,3.470
7264,ditar,0,verb,2207,3.467
7265,inexplicável,0,adj,2207,3.467
7266,mija,0,noun,2206,3.465
7267,molecular,0,adj,2204,3.462
7268,reabastecer,0,verb,2203,3.461
7269,dinastia,0,noun,2202,3.459
7270,emotivo,0,adj,2201,3.458
7271,mesquita,0,noun,2200,3.456
7272,indecente,0,adj,2198,3.453
7273,devagarinho,0,adv,2197,3.451
7274,insolente,0,adj,2197,3.451
7275,matemático,0,adj,2197,3.451
7276,embaraçar,0,verb,2193,3.445
7277,multar,0,verb,2193,3.445
7278,sopro,0,noun,2193,3.445
7279,sossego,0,noun,2193,3.445
7280,verter,0,verb,2193,3.445
7281,estacionado,0,adj,2192,3.443
7282,infração,0,noun,2192,3.443
7283,otimista,0,adj,2192,3.443
7284,porno,0,adj,2192,3.443
7285,repensar,0,verb,2191,3.442
7286,assediar,0,verb,2190,3.440
7287,cambada,0,noun,2190,3.440
7288,semáforo,0,noun,2188,3.437
7289,basquete,0,noun,2187,3.436
7290,demolição,0,noun,2187,3.436
7291,arrendar,0,verb,2186,3.434
7292,entupir,0,verb,2186,3.434
7293,flagrante,0,noun,2186,3.434
7294,providência,0,noun,2186,3.434
7295,sogra,0,noun,2186,3.434
7296,camionista,0,noun,2184,3.431
7297,desgraçar,0,verb,2184,3.431
7298,meditar,0,verb,2184,3.431
7299,melão,0,noun,2184,3.431
7300,médium,0,noun,2184,3.431
7301,quota,0,noun,2184,3.431
7302,manualmente,0,adv,2183,3.429
7303,viral,0,adj,2183,3.429
7304,desmantelar,0,verb,2182,3.428
7305,escalada,0,noun,2182,3.428
7306,puré,0,noun,2182,3.428
7307,fóssil,0,noun,2180,3.425
7308,pum,0,noun,2180,3.425
7309,shopping,0,noun,2180,3.425
7310,criativo,0,noun,2179,3.423
7311,doutoramento,0,noun,2177,3.420
7312,tremendo,0,noun,2176,3.418
7313,dizimar,0,verb,2175,3.417
7314,lúcido,0,adj,2175,3.417
7315,preparo,0,noun,2175,3.417
7316,embrulho,0,noun,2174,3.415
7317,traumático,0,adj,2174,3.415
7318,desorientado,0,adj,2173,3.414
7319,mobilizar,0,verb,2173,3.414
7320,revolucionário,0,noun,2173,3.414
7321,condizer,0,verb,2172,3.412
7322,fértil,0,adj,2172,3.412
7323,humanitário,0,adj,2172,3.412
7324,multibanco,0,adj,2170,3.409
7325,sonar,0,noun,2170,3.409
7326,babysitter,0,noun,2169,3.407
7327,emboscar,0,verb,2169,3.407
7328,tópico,0,noun,2169,3.407
7329,aspirador,0,noun,2168,3.406
7330,cortejar,0,verb,2167,3.404
7331,gracinha,0,noun,2167,3.404
7332,peixinho,0,noun,2167,3.404
7333,rebaixar,0,verb,2167,3.404
7334,indemnização,0,noun,2166,3.403
7335,largura,0,noun,2166,3.403
7336,amplo,0,adj,2165,3.401
7337,miniatura,0,noun,2165,3.401
7338,instantaneamente,0,adv,2164,3.399
7339,içar,0,verb,2164,3.399
7340,bebedeira,0,noun,2163,3.398
7341,piolho,0,noun,2163,3.398
7342,influente,0,adj,2161,3.395
7343,borrifar,0,verb,2160,3.393
7344,abertamente,0,adv,2158,3.390
7345,inválido,0,adj,2158,3.390
7346,principiante,0,noun,2158,3.390
7347,distribuidor,0,noun,2157,3.388
7348,governante,0,noun,2157,3.388
7349,arguido,0,noun,2156,3.387
7350,ausentar,0,verb,2156,3.387
7351,favorável,0,adj,2156,3.387
7352,porção,0,noun,2156,3.387
7353,tailandês,0,adj,2156,3.387
7354,coleccionador,0,noun,2154,3.384
7355,jardim zoológico,1,mwe,2153,3.382
7356,voltinha,0,noun,2153,3.382
7357,aprontar,0,verb,2152,3.381
7358,delgado,0,adj,2152,3.381
7359,neural,0,adj,2152,3.381
7360,contratempo,0,noun,2151,3.379
7361,coreano,0,adj,2151,3.379
7362,introdução,0,noun,2151,3.379
7363,turbulência,0,noun,2151,3.379
7364,heterossexual,0,adj,2150,3.377
7365,jarro,0,noun,2150,3.377
7366,berrar,0,verb,2149,3.376
7367,escravizar,0,verb,2149,3.376
7368,trapalhada,0,noun,2149,3.376
7369,fiar,0,verb,2148,3.374
7370,carregado,0,adj,2147,3.373
7371,colarinho,0,noun,2147,3.373
7372,tromba,0,noun,2146,3.371
7373,cavidade,0,noun,2145,3.370
7374,stressar,0,verb,2144,3.368
7375,vitorioso,0,adj,2144,3.368
7376,vocal,0,adj,2144,3.368
7377,western,0,noun,2144,3.368
7378,anual,0,adj,2143,3.366
7379,porta-bagagens,0,noun,2143,3.366
7380,barracão,0,noun,2142,3.365
7381,tumulto,0,noun,2142,3.365
7382,descontraído,0,adj,2141,3.363
7383,esgotado,0,adj,2141,3.363
7384,paragem cardíaca,1,mwe,2140,3.362
7385,way,0,noun,2140,3.362
7386,aterrador,0,adj,2139,3.360
7387,esfrega,0,noun,2139,3.360
7388,roedor,0,noun,2139,3.360
7389,pregador,0,noun,2138,3.359
7390,publicação,0,noun,2138,3.359
7391,asqueroso,0,adj,2137,3.357
7392,encerrado,0,verb,2137,3.357
7393,pneumonia,0,noun,2137,3.357
7394,registado,0,adj,2137,3.357
7395,concessão,0,noun,2136,3.355
7396,culinária,0,noun,2136,3.355
7397,amigão,0,noun,2134,3.352
7398,fodeu,0,verb,2134,3.352
7399,impiedoso,0,adj,2134,3.352
7400,almôndega,0,noun,2133,3.351
7401,decomposição,0,noun,2133,3.351
7402,zebra,0,noun,2133,3.351
7403,tirania,0,noun,2132,3.349
7404,habitação,0,noun,2131,3.348
7405,like,0,unk,2131,3.348
7406,comprem,0,noun,2129,3.344
7407,diabete,0,noun,2128,3.343
7408,presságio,0,noun,2128,3.343
7409,qualificação,0,noun,2128,3.343
7410,website,0,noun,2128,3.343
7411,aconchegar,0,verb,2125,3.338
7412,higiene,0,noun,2125,3.338
7413,imaturo,0,adj,2124,3.337
7414,pára-brisas,0,noun,2123,3.335
7415,marechal,0,noun,2122,3.333
7416,enfeitiçar,0,verb,2121,3.332
7417,espeto,0,noun,2121,3.332
7418,fuzilar,0,verb,2120,3.330
7419,precipício,0,noun,2120,3.330
7420,restringir,0,verb,2120,3.330
7421,sequestrador,0,noun,2119,3.329
7422,fiável,0,adj,2118,3.327
7423,prover,0,verb,2118,3.327
7424,radiografia,0,noun,2118,3.327
7425,incendiário,0,adj,2117,3.326
7426,cone,0,noun,2116,3.324
7427,distorcer,0,verb,2115,3.322
7428,evangelho,0,noun,2114,3.321
7429,separamos,0,unk,2114,3.321
7430,can,0,noun,2113,3.319
7431,parâmetro,0,noun,2113,3.319
7432,retaliar,0,verb,2112,3.318
7433,voluntariamente,0,adv,2112,3.318
7434,estímulo,0,noun,2111,3.316
7435,extravagante,0,adj,2111,3.316
7436,nádega,0,noun,2111,3.316
7437,amputar,0,verb,2110,3.315
7438,compositor,0,noun,2109,3.313
7439,desimpedir,0,verb,2109,3.313
7440,desvanecer,0,verb,2109,3.313
7441,jornalismo,0,noun,2109,3.313
7442,posar,0,verb,2109,3.313
7443,manejar,0,verb,2108,3.311
7444,ejetar,0,verb,2107,3.310
7445,habitat,0,noun,2107,3.310
7446,hospício,0,noun,2107,3.310
7447,matadouro,0,noun,2107,3.310
7448,obra-prima,0,noun,2107,3.310
7449,destrutivo,0,adj,2106,3.308
7450,oui,0,verb,2106,3.308
7451,aflito,0,adj,2105,3.307
7452,cómico,0,adj,2104,3.305
7453,carinha,0,noun,2103,3.304
7454,galão,0,noun,2103,3.304
7455,got,0,noun,2103,3.304
7456,mandamento,0,noun,2103,3.304
7457,mandíbula,0,noun,2103,3.304
7458,recinto,0,noun,2103,3.304
7459,sarcástico,0,adj,2102,3.302
7460,tona,0,noun,2102,3.302
7461,craniano,0,adj,2101,3.300
7462,reconhecimento facial,1,mwe,2101,3.300
7463,ritmo cardíaco,1,mwe,2100,3.299
7464,germe,0,noun,2099,3.297
7465,tranquilizar,0,verb,2099,3.297
7466,projétil,0,noun,2098,3.296
7467,trip,0,noun,2098,3.296
7468,leopardo,0,noun,2097,3.294
7469,purgatório,0,noun,2097,3.294
7470,polvo,0,noun,2096,3.293
7471,centrar,0,verb,2095,3.291
7472,demanda,0,noun,2095,3.291
7473,extenso,0,adj,2095,3.291
7474,rótulo,0,noun,2095,3.291
7475,balneário,0,noun,2094,3.289
7476,preferida,0,noun,2094,3.289
7477,carnaval,0,noun,2093,3.288
7478,gafanhoto,0,noun,2093,3.288
7479,hot,0,noun,2093,3.288
7480,enquadrar,0,verb,2092,3.286
7481,luminoso,0,adj,2092,3.286
7482,pontual,0,adj,2092,3.286
7483,transpirar,0,verb,2092,3.286
7484,anseio,0,noun,2091,3.285
7485,canhoto,0,adj,2089,3.282
7486,encantado,0,noun,2089,3.282
7487,retroceder,0,verb,2089,3.282
7488,domar,0,verb,2088,3.280
7489,satisfatório,0,adj,2088,3.280
7490,soja,0,noun,2088,3.280
7491,danificado,0,adj,2087,3.278
7492,mercador,0,noun,2086,3.277
7493,pomba,0,noun,2086,3.277
7494,micro,0,noun,2085,3.275
7495,transtornado,0,adj,2085,3.275
7496,calminha,0,adj,2084,3.274
7497,rechear,0,verb,2084,3.274
7498,semanal,0,adj,2083,3.272
7499,critério,0,noun,2082,3.271
7500,enfiado,0,adj,2082,3.271
7501,ilustre,0,adj,2082,3.271
7502,cinturão,0,noun,2081,3.269
7503,empatia,0,noun,2080,3.267
7504,maluquice,0,noun,2080,3.267
7505,eclipse,0,noun,2079,3.266
7506,microondas,0,noun,2079,3.266
7507,unica,0,adj,2079,3.266
7508,penhor,0,noun,2078,3.264
7509,compatriota,0,noun,2077,3.263
7510,mimo,0,noun,2077,3.263
7511,cubano,0,noun,2076,3.261
7512,bagunça,0,noun,2075,3.260
7513,paralisia,0,noun,2075,3.260
7514,sigilo,0,noun,2074,3.258
7515,exemplar,0,adj,2073,3.256
7516,indígena,0,adj,2073,3.256
7517,blindar,0,verb,2072,3.255
7518,expiatório,0,adj,2072,3.255
7519,tombar,0,verb,2072,3.255
7520,mineral,0,noun,2070,3.252
7521,toa,0,noun,2070,3.252
7522,íman,0,noun,2069,3.250
7523,dolares,0,noun,2068,3.249
7524,manipulador,0,adj,2068,3.249
7525,acasalar,0,verb,2067,3.247
7526,matilha,0,noun,2067,3.247
7527,encravar,0,verb,2066,3.245
7528,limitação,0,noun,2066,3.245
7529,rifle,0,noun,2066,3.245
7530,bobo,0,adj,2065,3.244
7531,destacamento,0,noun,2065,3.244
7532,gesso,0,noun,2065,3.244
7533,lavatório,0,noun,2064,3.242
7534,good,0,noun,2063,3.241
7535,visualizar,0,verb,2063,3.241
7536,estilhaço,0,noun,2062,3.239
7537,touchdown,0,noun,2061,3.238
7538,tumba,0,noun,2060,3.236
7539,vietnamita,0,adj,2060,3.236
7540,canil,0,noun,2059,3.234
7541,colidir,0,verb,2058,3.233
7542,estaleiro,0,noun,2058,3.233
7543,ribeiro,0,noun,2056,3.230
7544,whiskey,0,noun,2056,3.230
7545,santificar,0,verb,2055,3.228
7546,trator,0,noun,2055,3.228
7547,alojar,0,verb,2054,3.227
7548,empolgante,0,adj,2053,3.225
7549,pingar,0,verb,2053,3.225
7550,contagem decrescente,1,mwe,2052,3.223
7551,besteira,0,noun,2051,3.222
7552,infelicidade,0,noun,2051,3.222
7553,épico,0,adj,2051,3.222
7554,contrabandear,0,verb,2050,3.220
7555,levantamento,0,noun,2050,3.220
7556,reunido,0,adj,2050,3.220
7557,molde,0,noun,2048,3.217
7558,doninha,0,noun,2047,3.216
7559,hesitação,0,noun,2047,3.216
7560,elenco,0,noun,2046,3.214
7561,refeitório,0,noun,2046,3.214
7562,substituta,0,noun,2046,3.214
7563,liberal,0,adj,2044,3.211
7564,autografar,0,verb,2043,3.209
7565,suprimir,0,verb,2043,3.209
7566,aprendizagem,0,noun,2042,3.208
7567,arrepiante,0,adj,2042,3.208
7568,formato,0,noun,2042,3.208
7569,pauzinho,0,noun,2041,3.206
7570,aneurisma,0,noun,2040,3.205
7571,fodi,0,verb,2040,3.205
7572,intrigante,0,adj,2039,3.203
7573,remotamente,0,adv,2039,3.203
7574,adaga,0,noun,2038,3.201
7575,frustrado,0,adj,2038,3.201
7576,surpreendentemente,0,adv,2038,3.201
7577,capricho,0,noun,2037,3.200
7578,pseudónimo,0,noun,2037,3.200
7579,adiantamento,0,noun,2036,3.198
7580,fénix,0,noun,2036,3.198
7581,chacinar,0,verb,2035,3.197
7582,graduação,0,noun,2035,3.197
7583,situar,0,verb,2035,3.197
7584,genro,0,noun,2034,3.195
7585,truz,0,noun,2034,3.195
7586,auto-estima,0,noun,2032,3.192
7587,desajeitado,0,adj,2032,3.192
7588,papar,0,verb,2032,3.192
7589,deu-mo,0,noun,2031,3.190
7590,retratar,0,verb,2031,3.190
7591,aquecimento global,1,mwe,2029,3.187
7592,dinâmica,0,noun,2028,3.186
7593,exilar,0,verb,2028,3.186
7594,patim,0,noun,2028,3.186
7595,itinerário,0,noun,2027,3.184
7596,just,0,noun,2027,3.184
7597,cota,0,noun,2026,3.183
7598,ficção científica,1,mwe,2026,3.183
7599,maternidade,0,noun,2025,3.181
7600,pose,0,noun,2025,3.181
7601,colono,0,noun,2024,3.179
7602,hip-hop,0,noun,2024,3.179
7603,enzima,0,noun,2023,3.178
7604,ralo,0,noun,2023,3.178
7605,trela,0,noun,2022,3.176
7606,abalado,0,adj,2021,3.175
7607,derrotado,0,noun,2021,3.175
7608,ativista,0,noun,2020,3.173
7609,chinelo,0,noun,2020,3.173
7610,arcebispo,0,noun,2019,3.172
7611,decididamente,0,adv,2019,3.172
7612,proeza,0,noun,2019,3.172
7613,sódio,0,noun,2019,3.172
7614,triplicar,0,verb,2019,3.172
7615,exaltar,0,verb,2018,3.170
7616,modificação,0,noun,2018,3.170
7617,requisito,0,noun,2018,3.170
7618,blusão,0,noun,2017,3.168
7619,lasanha,0,noun,2017,3.168
7620,paranormal,0,noun,2016,3.167
7621,caloria,0,noun,2015,3.165
7622,demente,0,adj,2015,3.165
7623,elmo,0,noun,2015,3.165
7624,aptidão,0,noun,2014,3.164
7625,finalizar,0,verb,2014,3.164
7626,égua,0,noun,2014,3.164
7627,chefiar,0,verb,2013,3.162
7628,empilhar,0,verb,2013,3.162
7629,abate,0,noun,2012,3.161
7630,estéril,0,adj,2012,3.161
7631,guaxinim,0,noun,2012,3.161
7632,surfista,0,noun,2012,3.161
7633,banhar,0,verb,2011,3.159
7634,consola,0,noun,2010,3.157
7635,guru,0,noun,2010,3.157
7636,punheta,0,noun,2010,3.157
7637,apresentador,0,noun,2009,3.156
7638,catastrófico,0,adj,2009,3.156
7639,couve,0,noun,2009,3.156
7640,intimação,0,noun,2009,3.156
7641,mpenaf,0,noun,2009,3.156
7642,sobrepor,0,unk,2008,3.154
7643,cachecol,0,noun,2007,3.153
7644,consentir,0,verb,2007,3.153
7645,lingerie,0,noun,2004,3.148
7646,medíocre,0,adj,2002,3.145
7647,are,0,unk,2001,3.143
7648,bacano,0,noun,2001,3.143
7649,digitar,0,verb,2001,3.143
7650,enxofre,0,noun,2001,3.143
7651,cuidados médicos,1,mwe,2000,3.142
7652,intrigar,0,verb,2000,3.142
7653,morteiro,0,noun,2000,3.142
7654,jazer,0,verb,1999,3.140
7655,barro,0,noun,1998,3.139
7656,polígrafo,0,noun,1997,3.137
7657,aderir,0,verb,1995,3.134
7658,baldar,0,verb,1995,3.134
7659,carrego,0,verb,1995,3.134
7660,polir,0,verb,1995,3.134
7661,morno,0,adj,1994,3.132
7662,participante,0,noun,1994,3.132
7663,patinar,0,verb,1994,3.132
7664,pendente,0,noun,1992,3.129
7665,remodelar,0,verb,1991,3.128
7666,torradeira,0,noun,1991,3.128
7667,drogar,0,verb,1990,3.126
7668,moralidade,0,noun,1990,3.126
7669,verbal,0,adj,1990,3.126
7670,cordelinho,0,noun,1989,3.124
7671,primeiros socorros,1,mwe,1988,3.123
7672,avançado,0,adj,1987,3.121
7673,eficiência,0,noun,1987,3.121
7674,pioneiro,0,noun,1987,3.121
7675,defensivo,0,noun,1986,3.120
7676,velejar,0,verb,1986,3.120
7677,meditação,0,noun,1985,3.118
7678,acessível,0,adj,1984,3.117
7679,colonial,0,adj,1984,3.117
7680,klingon,0,adj,1984,3.117
7681,reformatório,0,noun,1984,3.117
7682,tremar,0,verb,1984,3.117
7683,yoga,0,noun,1984,3.117
7684,broca,0,noun,1983,3.115
7685,barbatana,0,noun,1982,3.114
7686,amarelas,0,noun,1981,3.112
7687,índice,0,noun,1981,3.112
7688,humildade,0,noun,1980,3.110
7689,decreto,0,noun,1979,3.109
7690,amadurecer,0,verb,1978,3.107
7691,hipnotizar,0,verb,1978,3.107
7692,êxtase,0,noun,1978,3.107
7693,híbrido,0,adj,1977,3.106
7694,alhada,0,noun,1976,3.104
7695,estrelar,0,verb,1976,3.104
7696,vegetariano,0,noun,1976,3.104
7697,brutalmente,0,adv,1975,3.103
7698,fossa,0,noun,1975,3.103
7699,inquieto,0,adj,1973,3.099
7700,lona,0,noun,1973,3.099
7701,suspenso,0,adj,1972,3.098
7702,sutura,0,noun,1972,3.098
7703,animação,0,noun,1970,3.095
7704,infligir,0,verb,1970,3.095
7705,reta,0,noun,1969,3.093
7706,cataratas,0,noun,1968,3.092
7707,floco,0,noun,1968,3.092
7708,bracelete,0,noun,1967,3.090
7709,atestar,0,verb,1966,3.088
7710,negociador,0,noun,1966,3.088
7711,abram alas,1,mwe,1964,3.085
7712,clique,0,noun,1964,3.085
7713,industrial,0,noun,1964,3.085
7714,governanta,0,noun,1963,3.084
7715,ipod,0,noun,1963,3.084
7716,bonzinho,0,noun,1962,3.082
7717,trimestre,0,noun,1961,3.081
7718,vocação,0,noun,1960,3.079
7719,plutónio,0,noun,1959,3.077
7720,alheio,0,adj,1958,3.076
7721,candidata,0,noun,1958,3.076
7722,cascata,0,noun,1958,3.076
7723,contribuinte,0,noun,1958,3.076
7724,suculento,0,adj,1958,3.076
7725,coroar,0,verb,1957,3.074
7726,esmola,0,noun,1956,3.073
7727,pastilha elástica,1,mwe,1956,3.073
7728,emendar,0,verb,1955,3.071
7729,humilhado,0,adj,1954,3.070
7730,involuntário,0,adj,1954,3.070
7731,regente,0,noun,1954,3.070
7732,nono,0,adj,1953,3.068
7733,palito,0,noun,1953,3.068
7734,azeite,0,noun,1952,3.066
7735,inadequado,0,adj,1952,3.066
7736,sórdido,0,adj,1952,3.066
7737,karaoke,0,noun,1951,3.065
7738,prometido,0,adj,1951,3.065
7739,sentenciar,0,verb,1951,3.065
7740,cafetaria,0,noun,1950,3.063
7741,furto,0,noun,1950,3.063
7742,jarra,0,noun,1950,3.063
7743,costa oeste,1,mwe,1949,3.062
7744,teclado,0,noun,1949,3.062
7745,consecutivo,0,adj,1948,3.060
7746,gaivota,0,noun,1948,3.060
7747,atada,0,verb,1947,3.059
7748,embarcação,0,noun,1947,3.059
7749,aprendiz,0,noun,1945,3.055
7750,despensa,0,noun,1944,3.054
7751,velhice,0,noun,1944,3.054
7752,interação,0,noun,1943,3.052
7753,transfusão,0,noun,1943,3.052
7754,reconciliar,0,verb,1942,3.051
7755,ris,0,intj,1941,3.049
7756,enferrujar,0,verb,1940,3.048
7757,sucessor,0,noun,1940,3.048
7758,interrompido,0,verb,1939,3.046
7759,molestar,0,verb,1939,3.046
7760,plausível,0,adj,1939,3.046
7761,próspero,0,adj,1939,3.046
7762,sorvete,0,noun,1939,3.046
7763,alinhamento,0,noun,1938,3.044
7764,empenho,0,noun,1938,3.044
7765,empreendimento,0,noun,1937,3.043
7766,jacuzzi,0,noun,1936,3.041
7767,prévio,0,adj,1936,3.041
7768,discursar,0,verb,1935,3.040
7769,troll,0,noun,1935,3.040
7770,aldrabão,0,noun,1932,3.035
7771,campeã,0,noun,1932,3.035
7772,irresistível,0,adj,1932,3.035
7773,brutalidade,0,noun,1931,3.033
7774,encarnar,0,verb,1931,3.033
7775,grosso,0,noun,1931,3.033
7776,chicotear,0,verb,1930,3.032
7777,hospedado,0,adj,1930,3.032
7778,lagoa,0,noun,1930,3.032
7779,chefia,0,noun,1929,3.030
7780,propulsão,0,noun,1929,3.030
7781,baronesa,0,noun,1928,3.029
7782,órfã,0,adj,1928,3.029
7783,potencialmente,0,adv,1927,3.027
7784,esgotamento,0,noun,1926,3.026
7785,jeitoso,0,noun,1926,3.026
7786,originar,0,verb,1926,3.026
7787,encenação,0,noun,1925,3.024
7788,meticuloso,0,adj,1925,3.024
7789,traste,0,noun,1925,3.024
7790,extrato,0,noun,1924,3.022
7791,gema,0,noun,1924,3.022
7792,exercitar,0,verb,1923,3.021
7793,musa,0,noun,1923,3.021
7794,incapacidade,0,noun,1922,3.019
7795,rocket,0,noun,1918,3.013
7796,carnificina,0,noun,1917,3.011
7797,gel,0,noun,1917,3.011
7798,imperdoável,0,adj,1917,3.011
7799,rubi,0,noun,1917,3.011
7800,killer,0,adj,1916,3.010
7801,pinheiro,0,noun,1916,3.010
7802,inalar,0,verb,1915,3.008
7803,israelita,0,adj,1915,3.008
7804,tormento,0,noun,1914,3.007
7805,detetada,0,verb,1912,3.004
7806,optimo,0,adj,1912,3.004
7807,obediência,0,noun,1911,3.002
7808,yakuza,0,noun,1911,3.002
7809,substancial,0,adj,1910,3.000
7810,avozinho,0,noun,1909,2.999
7811,filial,0,noun,1909,2.999
7812,loiça,0,noun,1909,2.999
7813,efetivamente,0,adv,1908,2.997
7814,impressora,0,noun,1908,2.997
7815,assistente social,1,mwe,1907,2.996
7816,d'água,0,noun,1907,2.996
7817,fúnebre,0,adj,1907,2.996
7818,cremar,0,verb,1904,2.991
7819,estreito,0,noun,1903,2.989
7820,gasosa,0,noun,1903,2.989
7821,over,0,unk,1901,2.986
7822,papão,0,noun,1901,2.986
7823,pontapear,0,verb,1901,2.986
7824,classificação,0,noun,1900,2.985
7825,desenrolar,0,verb,1900,2.985
7826,prodígio,0,noun,1900,2.985
7827,banal,0,adj,1899,2.983
7828,certinho,0,adj,1899,2.983
7829,literário,0,adj,1898,2.982
7830,originalmente,0,adv,1898,2.982
7831,depilar,0,verb,1897,2.980
7832,equivalente,0,noun,1896,2.978
7833,validade,0,noun,1896,2.978
7834,persa,0,noun,1894,2.975
7835,revogar,0,verb,1894,2.975
7836,tranquilidade,0,noun,1894,2.975
7837,danar,0,verb,1893,2.974
7838,estática,0,noun,1893,2.974
7839,nobreza,0,noun,1893,2.974
7840,realçar,0,verb,1893,2.974
7841,auscultador,0,noun,1892,2.972
7842,bibliotecário,0,noun,1892,2.972
7843,maionese,0,noun,1892,2.972
7844,reino unido,1,mwe,1891,2.971
7845,filho-da-puta,0,noun,1890,2.969
7846,menta,0,noun,1890,2.969
7847,mordidela,0,noun,1890,2.969
7848,persuasivo,0,adj,1890,2.969
7849,ponche,0,noun,1890,2.969
7850,curandeiro,0,noun,1889,2.967
7851,mesquinho,0,adj,1889,2.967
7852,pretensioso,0,adj,1889,2.967
7853,direitos civis,1,mwe,1888,2.966
7854,metamorfo,0,noun,1888,2.966
7855,pendente,0,adj,1888,2.966
7856,agendar,0,verb,1887,2.964
7857,apache,0,adj,1887,2.964
7858,dominus,0,unk,1887,2.964
7859,temporizador,0,noun,1886,2.963
7860,infravermelho,0,noun,1885,2.961
7861,travessura,0,noun,1885,2.961
7862,armazenamento,0,noun,1883,2.958
7863,esquivar,0,verb,1883,2.958
7864,possuído,0,adj,1883,2.958
7865,feitiçaria,0,noun,1882,2.956
7866,setor,0,noun,1882,2.956
7867,bip,0,noun,1881,2.955
7868,omitir,0,verb,1881,2.955
7869,sorridente,0,adj,1881,2.955
7870,conversação,0,noun,1880,2.953
7871,farejar,0,verb,1880,2.953
7872,jaguar,0,noun,1879,2.952
7873,sondar,0,verb,1877,2.949
7874,sonhador,0,noun,1876,2.947
7875,adesivo,0,adj,1875,2.945
7876,guarnição,0,noun,1875,2.945
7877,ripada,0,noun,1873,2.942
7878,cimeira,0,noun,1872,2.941
7879,massivo,0,adj,1872,2.941
7880,parágrafo,0,noun,1872,2.941
7881,verídico,0,adj,1872,2.941
7882,bolinha,0,noun,1871,2.939
7883,escasso,0,adj,1871,2.939
7884,compressão,0,noun,1870,2.938
7885,now,0,noun,1870,2.938
7886,baseball,0,noun,1869,2.936
7887,control,0,noun,1869,2.936
7888,doutra,0,det,1869,2.936
7889,murmurar,0,verb,1869,2.936
7890,anjinho,0,noun,1868,2.934
7891,documentação,0,noun,1868,2.934
7892,grelhar,0,verb,1868,2.934
7893,vazar,0,verb,1868,2.934
7894,dróide,0,noun,1867,2.933
7895,insulina,0,noun,1867,2.933
7896,medonho,0,adj,1867,2.933
7897,polaco,0,adj,1867,2.933
7898,prestação,0,noun,1867,2.933
7899,visar,0,verb,1867,2.933
7900,cosmos,0,noun,1866,2.931
7901,câncer,0,noun,1866,2.931
7902,inspeccionar,0,verb,1866,2.931
7903,joalharia,0,noun,1866,2.931
7904,protagonista,0,noun,1866,2.931
7905,true,0,noun,1866,2.931
7906,consumar,0,verb,1865,2.930
7907,figa,0,noun,1865,2.930
7908,longínquo,0,adj,1865,2.930
7909,tirano,0,noun,1865,2.930
7910,choramingar,0,verb,1864,2.928
7911,escravidão,0,noun,1864,2.928
7912,inventor,0,noun,1864,2.928
7913,orgânico,0,noun,1864,2.928
7914,cirurgiã,0,noun,1863,2.927
7915,mindinho,0,noun,1863,2.927
7916,relaxado,0,adj,1863,2.927
7917,san francisco,1,mwe,1863,2.927
7918,aldrabar,0,verb,1862,2.925
7919,impasse,0,noun,1862,2.925
7920,farra,0,noun,1861,2.923
7921,perita,0,noun,1861,2.923
7922,reconquistar,0,verb,1861,2.923
7923,desenhos animados,1,mwe,1858,2.919
7924,implementar,0,verb,1858,2.919
7925,mos,0,noun,1858,2.919
7926,turbo,0,noun,1858,2.919
7927,olímpico,0,adj,1857,2.917
7928,champô,0,noun,1856,2.916
7929,pousada,0,noun,1856,2.916
7930,reservado,0,adj,1856,2.916
7931,televisor,0,noun,1856,2.916
7932,assimilar,0,verb,1855,2.914
7933,galho,0,noun,1855,2.914
7934,blasfémia,0,noun,1854,2.912
7935,sexualidade,0,noun,1854,2.912
7936,flutuante,0,adj,1852,2.909
7937,salsa,0,noun,1852,2.909
7938,contradizer,0,verb,1851,2.908
7939,boa-noite,0,intj,1850,2.906
7940,orador,0,noun,1850,2.906
7941,reciclar,0,verb,1850,2.906
7942,africano,0,noun,1848,2.903
7943,binóculo,0,noun,1848,2.903
7944,enforcamento,0,noun,1848,2.903
7945,escória,0,noun,1848,2.903
7946,esterco,0,noun,1848,2.903
7947,mortinho,0,adj,1848,2.903
7948,serial,0,noun,1848,2.903
7949,arduamente,0,adv,1847,2.901
7950,definido,0,adj,1847,2.901
7951,descuidar,0,verb,1847,2.901
7952,impenetrável,0,adj,1847,2.901
7953,sustento,0,noun,1847,2.901
7954,anzol,0,noun,1846,2.900
7955,prosperidade,0,noun,1845,2.898
7956,australiano,0,adj,1844,2.897
7957,séc,0,noun,1844,2.897
7958,ameixa,0,noun,1843,2.895
7959,back,0,noun,1843,2.895
7960,carcaça,0,noun,1842,2.894
7961,dominador,0,noun,1842,2.894
7962,enfadonho,0,adj,1842,2.894
7963,herdeira,0,noun,1842,2.894
7964,reagrupar,0,verb,1842,2.894
7965,camarado,0,adj,1841,2.892
7966,grado,0,noun,1841,2.892
7967,pago,0,adj,1841,2.892
7968,pianista,0,noun,1841,2.892
7969,manchete,0,noun,1840,2.890
7970,insónia,0,noun,1839,2.889
7971,reencontrar,0,verb,1838,2.887
7972,gerência,0,noun,1837,2.886
7973,sanidade,0,noun,1837,2.886
7974,cianeto,0,noun,1836,2.884
7975,reprodução,0,noun,1836,2.884
7976,caminhante,0,noun,1835,2.883
7977,clonar,0,verb,1835,2.883
7978,grana,0,noun,1835,2.883
7979,bode expiatório,1,mwe,1834,2.881
7980,embriagar,0,verb,1834,2.881
7981,malcriado,0,verb,1834,2.881
7982,névoa,0,noun,1833,2.879
7983,prior,0,noun,1833,2.879
7984,canguru,0,noun,1832,2.878
7985,cláusula,0,noun,1832,2.878
7986,sueco,0,adj,1832,2.878
7987,condescendente,0,adj,1831,2.876
7988,gravitacional,0,adj,1831,2.876
7989,oferenda,0,noun,1831,2.876
7990,vagabunda,0,noun,1831,2.876
7991,adulterar,0,verb,1830,2.875
7992,berro,0,noun,1830,2.875
7993,cripta,0,noun,1830,2.875
7994,intencional,0,adj,1830,2.875
7995,elegância,0,noun,1829,2.873
7996,memorável,0,adj,1829,2.873
7997,mola,0,noun,1829,2.873
7998,premiar,0,verb,1829,2.873
7999,robusto,0,adj,1829,2.873
8000,controverso,0,adj,1828,2.872
8001,inovador,0,adj,1828,2.872
8002,rural,0,adj,1827,2.870
8003,druida,0,noun,1826,2.868
8004,cortador,0,noun,1825,2.867
8005,florista,0,noun,1825,2.867
8006,rales,0,intj,1825,2.867
8007,atrasado mental,1,mwe,1824,2.865
8008,escusado,0,adj,1824,2.865
8009,glândula,0,noun,1824,2.865
8010,moderar,0,verb,1824,2.865
8011,enferrujado,0,adj,1822,2.862
8012,pavilhão,0,noun,1822,2.862
8013,enjoar,0,verb,1821,2.861
8014,pontas soltas,1,mwe,1821,2.861
8015,astro,0,noun,1820,2.859
8016,eie,0,noun,1820,2.859
8017,milady,0,noun,1820,2.859
8018,missionário,0,noun,1819,2.857
8019,incorporar,0,verb,1818,2.856
8020,flexão,0,noun,1817,2.854
8021,genocídio,0,noun,1817,2.854
8022,desbloquear,0,verb,1816,2.853
8023,agrícola,0,adj,1815,2.851
8024,atracar,0,verb,1815,2.851
8025,biografia,0,noun,1815,2.851
8026,comovido,0,adj,1815,2.851
8027,superintendente,0,noun,1815,2.851
8028,sífilis,0,noun,1815,2.851
8029,vénia,0,noun,1815,2.851
8030,zarpar,0,verb,1815,2.851
8031,islâmico,0,adj,1814,2.850
8032,jardinagem,0,noun,1814,2.850
8033,prescrever,0,verb,1814,2.850
8034,registos telefónicos,1,mwe,1814,2.850
8035,encurtar,0,verb,1813,2.848
8036,certeiro,0,adj,1812,2.846
8037,justificação,0,noun,1812,2.846
8038,mm-hmm,0,unk,1812,2.846
8039,mal-educado,0,adj,1811,2.845
8040,bárbara,0,noun,1810,2.843
8041,lagarto,0,adj,1810,2.843
8042,maníaco,0,adj,1810,2.843
8043,psiquiatria,0,noun,1810,2.843
8044,perecer,0,verb,1809,2.842
8045,integral,0,adj,1808,2.840
8046,intocável,0,adj,1808,2.840
8047,atrevido,0,adj,1807,2.839
8048,machete,0,noun,1807,2.839
8049,ortodoxo,0,adj,1806,2.837
8050,popularidade,0,noun,1806,2.837
8051,punk,0,adj,1806,2.837
8052,acolá,0,adv,1804,2.834
8053,olímpico,0,noun,1804,2.834
8054,empunhar,0,verb,1803,2.832
8055,mai,0,noun,1803,2.832
8056,marginal,0,noun,1803,2.832
8057,primeira-dama,0,noun,1803,2.832
8058,pulverizar,0,verb,1803,2.832
8059,ótico,0,adj,1803,2.832
8060,cabeludo,0,adj,1802,2.831
8061,insígnia,0,noun,1802,2.831
8062,agrado,0,noun,1801,2.829
8063,clemência,0,noun,1801,2.829
8064,congregação,0,noun,1801,2.829
8065,fio dental,1,mwe,1801,2.829
8066,bronco,0,noun,1800,2.828
8067,meia-idade,0,noun,1800,2.828
8068,lavabo,0,noun,1799,2.826
8069,acre,0,noun,1798,2.824
8070,atrocidade,0,noun,1798,2.824
8071,baterista,0,noun,1798,2.824
8072,baloiço,0,noun,1797,2.823
8073,escandaloso,0,adj,1797,2.823
8074,maninho,0,noun,1797,2.823
8075,prémio nobel,1,mwe,1797,2.823
8076,antecedência,0,noun,1795,2.820
8077,sarjeta,0,noun,1795,2.820
8078,sauna,0,noun,1795,2.820
8079,who,0,noun,1794,2.818
8080,igualzinho,0,adj,1793,2.817
8081,place,0,noun,1793,2.817
8082,autocolante,0,noun,1792,2.815
8083,cupão,0,noun,1792,2.815
8084,extinguir,0,adj,1792,2.815
8085,holograma,0,noun,1792,2.815
8086,qualificado,0,adj,1792,2.815
8087,telefonista,0,noun,1792,2.815
8088,cólera,0,noun,1791,2.813
8089,dissipar,0,verb,1791,2.813
8090,rapaziado,0,adj,1791,2.813
8091,abundância,0,noun,1790,2.812
8092,fita adesiva,1,mwe,1790,2.812
8093,historiador,0,noun,1790,2.812
8094,vin,0,unk,1790,2.812
8095,acerto,0,noun,1789,2.810
8096,natureza humana,1,mwe,1789,2.810
8097,valete,0,noun,1789,2.810
8098,adolescência,0,noun,1788,2.809
8099,malcheiroso,0,adj,1788,2.809
8100,titânio,0,noun,1788,2.809
8101,cesta,0,noun,1786,2.806
8102,intencionalmente,0,adv,1786,2.806
8103,obcecar,0,verb,1786,2.806
8104,ricaço,0,noun,1786,2.806
8105,núpcias,0,noun,1785,2.804
8106,delicadeza,0,noun,1784,2.802
8107,hierarquia,0,noun,1784,2.802
8108,but,0,noun,1783,2.801
8109,concussão,0,noun,1783,2.801
8110,paróquia,0,noun,1783,2.801
8111,sapatilha,0,noun,1783,2.801
8112,atinar,0,verb,1782,2.799
8113,escadaria,0,noun,1782,2.799
8114,televisivo,0,adj,1781,2.798
8115,imparável,0,adj,1779,2.795
8116,dissuadir,0,verb,1778,2.793
8117,abdominal,0,adj,1777,2.791
8118,apostado,0,adj,1777,2.791
8119,parcialmente,0,adv,1777,2.791
8120,púrpura,0,adj,1777,2.791
8121,catalogar,0,verb,1776,2.790
8122,pocilga,0,noun,1776,2.790
8123,soneca,0,noun,1776,2.790
8124,voluntariar,0,verb,1776,2.790
8125,córtex,0,noun,1775,2.788
8126,disciplinar,0,adj,1775,2.788
8127,mármore,0,noun,1775,2.788
8128,asar,0,noun,1774,2.787
8129,people,0,noun,1774,2.787
8130,saloio,0,noun,1774,2.787
8131,subjugar,0,verb,1774,2.787
8132,entalar,0,verb,1773,2.785
8133,especificação,0,noun,1773,2.785
8134,nadador,0,noun,1773,2.785
8135,xelim,0,noun,1772,2.784
8136,funcionária,0,noun,1771,2.782
8137,anulação,0,noun,1769,2.779
8138,magricela,0,noun,1769,2.779
8139,capanga,0,noun,1767,2.776
8140,indiciar,0,verb,1767,2.776
8141,furado,0,verb,1765,2.773
8142,herpes,0,noun,1764,2.771
8143,comover,0,verb,1763,2.769
8144,goela,0,noun,1763,2.769
8145,operações especiais,1,mwe,1763,2.769
8146,leucemia,0,noun,1762,2.768
8147,queridinha,0,noun,1762,2.768
8148,vendido,0,verb,1762,2.768
8149,vingativo,0,adj,1762,2.768
8150,whoo,0,noun,1762,2.768
8151,entediado,0,adj,1760,2.765
8152,minimizar,0,verb,1760,2.765
8153,condiz,0,unk,1759,2.763
8154,paralelo,0,adj,1759,2.763
8155,fantasiar,0,verb,1758,2.762
8156,viação,0,noun,1758,2.762
8157,tuberculose,0,noun,1755,2.757
8158,inclinação,0,noun,1754,2.755
8159,mamute,0,noun,1754,2.755
8160,afastado,0,adj,1753,2.754
8161,gritaria,0,noun,1753,2.754
8162,nono,0,noun,1753,2.754
8163,reparo,0,noun,1753,2.754
8164,porcelana,0,noun,1751,2.751
8165,ruir,0,verb,1750,2.749
8166,tardio,0,adj,1750,2.749
8167,filho-da-mãe,0,noun,1749,2.747
8168,frigorifico,0,noun,1749,2.747
8169,incerteza,0,noun,1749,2.747
8170,procuradora,0,noun,1749,2.747
8171,talhante,0,noun,1749,2.747
8172,costurar,0,verb,1748,2.746
8173,piloto automático,1,mwe,1748,2.746
8174,watts,0,noun,1747,2.744
8175,conversinha,0,noun,1746,2.743
8176,fertilidade,0,noun,1746,2.743
8177,franqueza,0,noun,1745,2.741
8178,comemoração,0,noun,1744,2.740
8179,conhaque,0,noun,1744,2.740
8180,ingénuo,0,noun,1744,2.740
8181,jangada,0,noun,1744,2.740
8182,prioritário,0,adj,1744,2.740
8183,sub,0,unk,1744,2.740
8184,úlcera,0,noun,1744,2.740
8185,advertir,0,verb,1743,2.738
8186,court,0,noun,1743,2.738
8187,jackpot,0,noun,1742,2.736
8188,run,0,unk,1742,2.736
8189,apostador,0,noun,1741,2.735
8190,desentendimento,0,noun,1741,2.735
8191,encriptar,0,verb,1741,2.735
8192,laceração,0,noun,1741,2.735
8193,trilha,0,noun,1741,2.735
8194,verruga,0,noun,1741,2.735
8195,garantido,0,adj,1740,2.733
8196,lixívia,0,noun,1740,2.733
8197,per,0,noun,1740,2.733
8198,coberta,0,noun,1739,2.732
8199,duradouro,0,adj,1739,2.732
8200,liso,0,adj,1739,2.732
8201,pedal,0,noun,1739,2.732
8202,ruga,0,noun,1739,2.732
8203,firewall,0,noun,1738,2.730
8204,ético,0,adj,1738,2.730
8205,buffet,0,noun,1737,2.729
8206,call,0,noun,1737,2.729
8207,encharcado,0,adj,1736,2.727
8208,belíssimo,0,adj,1735,2.725
8209,dissecar,0,verb,1735,2.725
8210,potássio,0,noun,1735,2.725
8211,ensanguentar,0,verb,1734,2.724
8212,redigir,0,verb,1734,2.724
8213,posterior,0,adj,1733,2.722
8214,graduar,0,verb,1732,2.721
8215,informal,0,adj,1732,2.721
8216,oval,0,noun,1732,2.721
8217,rupia,0,noun,1732,2.721
8218,vao,0,noun,1732,2.721
8219,espantalho,0,noun,1731,2.719
8220,estante,0,noun,1731,2.719
8221,folgar,0,verb,1731,2.719
8222,sucção,0,noun,1731,2.719
8223,apache,0,noun,1730,2.718
8224,medusa,0,noun,1730,2.718
8225,cessar-fogo,0,noun,1729,2.716
8226,maçaneta,0,noun,1729,2.716
8227,batoteiro,0,noun,1728,2.714
8228,caraíba,0,noun,1728,2.714
8229,focinho,0,noun,1728,2.714
8230,internado,0,adj,1728,2.714
8231,oca,0,noun,1728,2.714
8232,sucessão,0,noun,1728,2.714
8233,cetro,0,noun,1727,2.713
8234,d'artagnan,0,noun,1727,2.713
8235,despoletar,0,verb,1727,2.713
8236,ski,0,noun,1727,2.713
8237,utilização,0,noun,1727,2.713
8238,zelador,0,noun,1727,2.713
8239,canoa,0,noun,1726,2.711
8240,criatividade,0,noun,1726,2.711
8241,erradicar,0,verb,1726,2.711
8242,finalidade,0,noun,1726,2.711
8243,microscópio,0,noun,1726,2.711
8244,voilá,0,noun,1726,2.711
8245,obsoleto,0,adj,1725,2.710
8246,postar,0,verb,1725,2.710
8247,caótico,0,adj,1724,2.708
8248,programador,0,noun,1724,2.708
8249,matrimonial,0,adj,1721,2.703
8250,maçarico,0,noun,1721,2.703
8251,pedreira,0,noun,1721,2.703
8252,roupeiro,0,noun,1721,2.703
8253,vagamente,0,adv,1721,2.703
8254,xeque-mate,0,noun,1721,2.703
8255,corar,0,verb,1720,2.702
8256,domicílio,0,noun,1720,2.702
8257,girafa,0,noun,1720,2.702
8258,hélio,0,noun,1720,2.702
8259,soda,0,noun,1719,2.700
8260,chamamento,0,noun,1717,2.697
8261,sabotagem,0,noun,1717,2.697
8262,descontente,0,adj,1716,2.696
8263,simbólico,0,adj,1716,2.696
8264,coagir,0,verb,1715,2.694
8265,provocação,0,noun,1715,2.694
8266,van der,1,mwe,1715,2.694
8267,desacreditar,0,verb,1714,2.693
8268,densidade,0,noun,1713,2.691
8269,especado,0,adj,1713,2.691
8270,filtrar,0,verb,1713,2.691
8271,moldura,0,noun,1713,2.691
8272,marisco,0,noun,1712,2.689
8273,paternidade,0,noun,1712,2.689
8274,bofetada,0,noun,1711,2.688
8275,confirmado,0,verb,1711,2.688
8276,not,0,unk,1710,2.686
8277,desamarrar,0,verb,1709,2.685
8278,herege,0,noun,1709,2.685
8279,sanitário,0,adj,1709,2.685
8280,maminha,0,noun,1708,2.683
8281,peregrino,0,noun,1708,2.683
8282,piercing,0,noun,1708,2.683
8283,sussurro,0,noun,1708,2.683
8284,nazista,0,noun,1707,2.682
8285,eliminação,0,noun,1705,2.678
8286,performance,0,noun,1705,2.678
8287,baton,0,noun,1704,2.677
8288,chamado,0,adj,1704,2.677
8289,singular,0,adj,1704,2.677
8290,amamentar,0,verb,1702,2.674
8291,buzina,0,noun,1702,2.674
8292,lacaio,0,noun,1702,2.674
8293,nasal,0,adj,1702,2.674
8294,aceleração,0,noun,1701,2.672
8295,moribundo,0,adj,1701,2.672
8296,negligenciar,0,verb,1701,2.672
8297,sardinha,0,noun,1701,2.672
8298,calmante,0,noun,1700,2.671
8299,pavor,0,noun,1700,2.671
8300,umbigo,0,noun,1699,2.669
8301,diplomacia,0,noun,1698,2.667
8302,fertilizante,0,noun,1698,2.667
8303,indestrutível,0,adj,1698,2.667
8304,reprogramar,0,verb,1697,2.666
8305,biquíni,0,noun,1696,2.664
8306,simpatizar,0,verb,1696,2.664
8307,gracias,0,noun,1695,2.663
8308,guloseima,0,noun,1695,2.663
8309,caução,0,noun,1694,2.661
8310,fabrico,0,noun,1694,2.661
8311,ganga,0,noun,1694,2.661
8312,asiático,0,noun,1693,2.660
8313,cinzeiro,0,noun,1693,2.660
8314,deliberar,0,verb,1693,2.660
8315,rigor,0,noun,1693,2.660
8316,capataz,0,noun,1692,2.658
8317,deslize,0,noun,1692,2.658
8318,ocasional,0,adj,1692,2.658
8319,pepino,0,noun,1692,2.658
8320,pintado,0,noun,1692,2.658
8321,presidir,0,verb,1691,2.656
8322,discernimento,0,noun,1690,2.655
8323,encarrego,0,verb,1690,2.655
8324,manifestante,0,noun,1690,2.655
8325,sacaninha,0,noun,1690,2.655
8326,ventoinha,0,noun,1690,2.655
8327,visibilidade,0,noun,1690,2.655
8328,ecografia,0,noun,1689,2.653
8329,luxuoso,0,adj,1689,2.653
8330,petisco,0,noun,1689,2.653
8331,redação,0,noun,1688,2.652
8332,sedar,0,verb,1687,2.650
8333,sepultar,0,verb,1687,2.650
8334,burocrata,0,noun,1686,2.649
8335,habilidoso,0,adj,1686,2.649
8336,atentamente,0,adv,1685,2.647
8337,retórica,0,noun,1685,2.647
8338,zanga,0,noun,1685,2.647
8339,gestor,0,noun,1683,2.644
8340,rapariguinha,0,noun,1683,2.644
8341,atacador,0,noun,1682,2.642
8342,maravilhosamente,0,adv,1682,2.642
8343,renal,0,adj,1682,2.642
8344,aviador,0,noun,1681,2.641
8345,escolhido,0,noun,1681,2.641
8346,monopólio,0,noun,1681,2.641
8347,normalidade,0,noun,1681,2.641
8348,ensinamento,0,noun,1680,2.639
8349,pardal,0,noun,1680,2.639
8350,transtorno,0,noun,1680,2.639
8351,visionário,0,noun,1680,2.639
8352,brusco,0,adj,1679,2.638
8353,nuns,0,det,1679,2.638
8354,falso alarme,1,mwe,1678,2.636
8355,israelita,0,noun,1678,2.636
8356,part-time,0,noun,1678,2.636
8357,licenciatura,0,noun,1677,2.634
8358,letreiro,0,noun,1675,2.631
8359,margarida,0,noun,1675,2.631
8360,vacilar,0,verb,1675,2.631
8361,avental,0,noun,1674,2.630
8362,cabeceira,0,noun,1674,2.630
8363,reembolso,0,noun,1674,2.630
8364,extradição,0,noun,1673,2.628
8365,hut,0,noun,1673,2.628
8366,emissário,0,noun,1672,2.627
8367,grilo,0,noun,1672,2.627
8368,apitar,0,verb,1671,2.625
8369,deteriorar,0,verb,1671,2.625
8370,racismo,0,noun,1671,2.625
8371,co-piloto,0,noun,1670,2.623
8372,praguejar,0,verb,1670,2.623
8373,tagarelar,0,verb,1670,2.623
8374,equipado,0,adj,1669,2.622
8375,mensal,0,adj,1669,2.622
8376,sobrecarga,0,noun,1669,2.622
8377,chico,0,noun,1668,2.620
8378,escudeiro,0,noun,1668,2.620
8379,formalmente,0,adv,1668,2.620
8380,processador,0,noun,1668,2.620
8381,mestrado,0,noun,1665,2.616
8382,tomografia,0,noun,1664,2.614
8383,alfabeto,0,noun,1663,2.612
8384,diferenciar,0,verb,1663,2.612
8385,glaciar,0,noun,1663,2.612
8386,abdominal,0,noun,1662,2.611
8387,aquecedor,0,noun,1662,2.611
8388,carrossel,0,noun,1662,2.611
8389,devastado,0,adj,1662,2.611
8390,recital,0,noun,1662,2.611
8391,simbolizar,0,verb,1662,2.611
8392,supersticioso,0,adj,1662,2.611
8393,two,0,noun,1662,2.611
8394,viagra,0,noun,1662,2.611
8395,milorde,0,noun,1661,2.609
8396,rosado,0,verb,1661,2.609
8397,della,0,noun,1660,2.608
8398,desintegrar,0,verb,1660,2.608
8399,rascunho,0,noun,1660,2.608
8400,reflexão,0,noun,1660,2.608
8401,zé-ninguém,0,noun,1660,2.608
8402,esterilizar,0,verb,1659,2.606
8403,ravina,0,noun,1658,2.605
8404,velório,0,noun,1657,2.603
8405,falador,0,noun,1656,2.601
8406,despejo,0,noun,1655,2.600
8407,down,0,noun,1655,2.600
8408,pilhar,0,verb,1655,2.600
8409,reformado,0,noun,1655,2.600
8410,stand,0,noun,1655,2.600
8411,abominável,0,adj,1654,2.598
8412,violoncelo,0,noun,1654,2.598
8413,fiasco,0,noun,1653,2.597
8414,recém,0,adj,1653,2.597
8415,zé,0,noun,1653,2.597
8416,divindade,0,noun,1652,2.595
8417,malha,0,noun,1652,2.595
8418,trajeto,0,noun,1652,2.595
8419,mortalidade,0,noun,1651,2.594
8420,recolher obrigatório,1,mwe,1651,2.594
8421,arrojado,0,adj,1650,2.592
8422,borbulha,0,noun,1650,2.592
8423,endurecer,0,verb,1650,2.592
8424,merci,0,noun,1650,2.592
8425,turbina,0,noun,1650,2.592
8426,mitzvah,0,adj,1649,2.590
8427,politicamente,0,adv,1649,2.590
8428,hábil,0,adj,1646,2.586
8429,slogan,0,noun,1646,2.586
8430,imaculado,0,adj,1645,2.584
8431,regenerar,0,verb,1645,2.584
8432,tique,0,noun,1645,2.584
8433,velhinha,0,noun,1645,2.584
8434,palheiro,0,noun,1644,2.583
8435,penthouse,0,unk,1644,2.583
8436,scan,0,noun,1644,2.583
8437,tosta,0,noun,1644,2.583
8438,arrumado,0,adj,1643,2.581
8439,banha,0,noun,1643,2.581
8440,campónio,0,noun,1643,2.581
8441,coroação,0,noun,1643,2.581
8442,navegador,0,noun,1643,2.581
8443,orla,0,noun,1643,2.581
8444,she,0,unk,1642,2.579
8445,isolado,0,adj,1641,2.578
8446,alface,0,noun,1639,2.575
8447,bisavô,0,noun,1639,2.575
8448,recorte,0,noun,1639,2.575
8449,vocabulário,0,noun,1639,2.575
8450,ágil,0,adj,1639,2.575
8451,dependência,0,noun,1638,2.573
8452,hemisfério,0,noun,1638,2.573
8453,ganza,0,noun,1637,2.572
8454,hélice,0,noun,1637,2.572
8455,renascimento,0,noun,1637,2.572
8456,surra,0,noun,1637,2.572
8457,enredo,0,noun,1636,2.570
8458,suplemento,0,noun,1636,2.570
8459,minucioso,0,adj,1634,2.567
8460,cãibra,0,noun,1633,2.565
8461,derivar,0,verb,1633,2.565
8462,drástico,0,adj,1633,2.565
8463,engraxar,0,verb,1632,2.564
8464,hindu,0,noun,1632,2.564
8465,renovação,0,noun,1632,2.564
8466,epinefrina,0,noun,1631,2.562
8467,flora,0,noun,1631,2.562
8468,prega,0,noun,1631,2.562
8469,asfixiar,0,verb,1630,2.561
8470,amazona,0,noun,1629,2.559
8471,disputar,0,verb,1629,2.559
8472,vestiário,0,noun,1629,2.559
8473,alastrar,0,verb,1628,2.557
8474,canadiano,0,noun,1628,2.557
8475,marfim,0,noun,1628,2.557
8476,alarido,0,noun,1627,2.556
8477,tour,0,noun,1627,2.556
8478,coiso,0,noun,1626,2.554
8479,comunhão,0,noun,1626,2.554
8480,mister,0,noun,1626,2.554
8481,inimaginável,0,adj,1624,2.551
8482,lasca,0,noun,1624,2.551
8483,porta-aviões,0,noun,1624,2.551
8484,adios,0,intj,1623,2.550
8485,afogamento,0,noun,1623,2.550
8486,diâmetro,0,noun,1623,2.550
8487,lutadora,0,noun,1623,2.550
8488,valeria,0,noun,1623,2.550
8489,elixir,0,noun,1622,2.548
8490,intérprete,0,noun,1622,2.548
8491,sujidade,0,noun,1622,2.548
8492,ativação,0,noun,1621,2.546
8493,devoto,0,adj,1621,2.546
8494,fixamente,0,adv,1621,2.546
8495,hobby,0,noun,1621,2.546
8496,klingon,0,noun,1621,2.546
8497,silenciosamente,0,adv,1621,2.546
8498,assassinado,0,verb,1619,2.543
8499,fiscal,0,noun,1619,2.543
8500,mentalidade,0,noun,1619,2.543
8501,virilha,0,noun,1619,2.543
8502,espreitadela,0,noun,1618,2.542
8503,inacabado,0,verb,1618,2.542
8504,reaparecer,0,verb,1618,2.542
8505,desastrado,0,verb,1617,2.540
8506,atrelado,0,noun,1616,2.539
8507,ninjitis,0,noun,1616,2.539
8508,saga,0,noun,1616,2.539
8509,combustão,0,noun,1614,2.535
8510,berma,0,noun,1613,2.534
8511,fay,0,noun,1613,2.534
8512,poluição,0,noun,1613,2.534
8513,betão,0,noun,1612,2.532
8514,estafeta,0,noun,1611,2.531
8515,proferir,0,verb,1611,2.531
8516,interface,0,noun,1610,2.529
8517,sandália,0,noun,1610,2.529
8518,status,0,noun,1610,2.529
8519,achado,0,noun,1609,2.528
8520,incompetente,0,adj,1608,2.526
8521,sintonia,0,noun,1608,2.526
8522,ananás,0,noun,1607,2.524
8523,irritação,0,noun,1606,2.523
8524,mos,0,intj,1606,2.523
8525,esquartejar,0,verb,1605,2.521
8526,reservatório,0,noun,1605,2.521
8527,damasco,0,noun,1604,2.520
8528,obstruir,0,verb,1604,2.520
8529,sera,0,noun,1604,2.520
8530,torácico,0,adj,1603,2.518
8531,arrecadação,0,noun,1602,2.517
8532,bonzinho,0,adj,1602,2.517
8533,elevação,0,noun,1602,2.517
8534,right,0,unk,1602,2.517
8535,saudita,0,noun,1602,2.517
8536,anarquia,0,noun,1601,2.515
8537,non,0,noun,1600,2.513
8538,acusado,0,noun,1599,2.512
8539,estalagem,0,noun,1599,2.512
8540,enjoar,0,noun,1598,2.510
8541,tontura,0,noun,1598,2.510
8542,viga,0,noun,1598,2.510
8543,pechincha,0,noun,1597,2.509
8544,ridicularizar,0,verb,1597,2.509
8545,baga,0,noun,1596,2.507
8546,intoxicação,0,noun,1596,2.507
8547,pessimista,0,adj,1596,2.507
8548,remoção,0,noun,1595,2.506
8549,treinadora,0,noun,1595,2.506
8550,alicate,0,noun,1594,2.504
8551,preguiça,0,noun,1594,2.504
8552,encantamento,0,noun,1593,2.502
8553,invólucro,0,noun,1592,2.501
8554,escombros,0,noun,1591,2.499
8555,fórum,0,noun,1591,2.499
8556,janta,0,noun,1591,2.499
8557,stressado,0,adj,1591,2.499
8558,hipnose,0,noun,1590,2.498
8559,bonjour,0,noun,1589,2.496
8560,travesseiro,0,noun,1589,2.496
8561,abominação,0,noun,1587,2.493
8562,intelecto,0,noun,1587,2.493
8563,mórbido,0,adj,1587,2.493
8564,czar,0,noun,1586,2.491
8565,deformar,0,verb,1586,2.491
8566,pobrezinha,0,noun,1586,2.491
8567,afortunar,0,verb,1585,2.490
8568,aceitação,0,noun,1584,2.488
8569,apêndice,0,noun,1584,2.488
8570,templário,0,noun,1584,2.488
8571,piranha,0,noun,1583,2.487
8572,said,0,noun,1583,2.487
8573,defrontar,0,verb,1582,2.485
8574,pulha,0,noun,1582,2.485
8575,timing,0,noun,1582,2.485
8576,engodo,0,noun,1581,2.484
8577,primário,0,adj,1581,2.484
8578,aventurar,0,verb,1580,2.482
8579,trampa,0,noun,1580,2.482
8580,batismo,0,noun,1579,2.480
8581,hipoteticamente,0,adv,1579,2.480
8582,constelação,0,noun,1577,2.477
8583,distrital,0,adj,1577,2.477
8584,oportuno,0,adj,1577,2.477
8585,dito,0,adj,1576,2.476
8586,have,0,unk,1576,2.476
8587,amêndoa,0,noun,1575,2.474
8588,babaca,0,noun,1575,2.474
8589,embaraço,0,noun,1575,2.474
8590,perdurar,0,verb,1575,2.474
8591,agachar,0,verb,1574,2.473
8592,aspirante,0,noun,1574,2.473
8593,otimismo,0,noun,1574,2.473
8594,bam,0,noun,1573,2.471
8595,descapotável,0,noun,1573,2.471
8596,esquecimento,0,noun,1573,2.471
8597,estratégica,0,noun,1573,2.471
8598,loucamente,0,adv,1573,2.471
8599,psicóloga,0,noun,1573,2.471
8600,ciao,0,noun,1572,2.469
8601,fumaça,0,noun,1572,2.469
8602,vergar,0,verb,1572,2.469
8603,agressividade,0,noun,1571,2.468
8604,conceção,0,noun,1571,2.468
8605,correria,0,noun,1571,2.468
8606,enrolado,0,adj,1571,2.468
8607,fascista,0,adj,1571,2.468
8608,louvor,0,noun,1571,2.468
8609,vibrador,0,noun,1571,2.468
8610,charlatão,0,noun,1570,2.466
8611,ding,0,noun,1570,2.466
8612,encurralado,0,adj,1570,2.466
8613,wi-fi,0,noun,1570,2.466
8614,processamento,0,noun,1569,2.465
8615,bronzeado,0,noun,1568,2.463
8616,cruzador,0,noun,1568,2.463
8617,matricula,0,noun,1568,2.463
8618,incontrolável,0,adj,1567,2.462
8619,despertador,0,noun,1566,2.460
8620,trama,0,noun,1566,2.460
8621,eleitoral,0,adj,1565,2.458
8622,enguia,0,noun,1565,2.458
8623,quietinho,0,adj,1565,2.458
8624,texugo,0,noun,1565,2.458
8625,you're,0,unk,1565,2.458
8626,advertência,0,noun,1564,2.457
8627,infame,0,noun,1564,2.457
8628,nítido,0,adj,1564,2.457
8629,ícone,0,noun,1564,2.457
8630,estrume,0,noun,1563,2.455
8631,odioso,0,adj,1562,2.454
8632,dezanove,0,num,1561,2.452
8633,valentão,0,adj,1561,2.452
8634,desmancha-prazeres,0,unk,1560,2.451
8635,implicação,0,noun,1560,2.451
8636,lagarta,0,noun,1559,2.449
8637,beliscar,0,verb,1558,2.447
8638,jacaré,0,noun,1557,2.446
8639,mer,0,noun,1557,2.446
8640,paspalho,0,noun,1557,2.446
8641,cético,0,adj,1556,2.444
8642,espasmo,0,noun,1556,2.444
8643,leoa,0,noun,1556,2.444
8644,pio,0,noun,1556,2.444
8645,sebo,0,noun,1556,2.444
8646,adesivo,0,noun,1555,2.443
8647,cubículo,0,noun,1555,2.443
8648,fetiche,0,noun,1555,2.443
8649,miligrama,0,noun,1555,2.443
8650,operativo,0,noun,1555,2.443
8651,robe,0,noun,1555,2.443
8652,aeródromo,0,noun,1554,2.441
8653,colado,0,adj,1554,2.441
8654,feno,0,noun,1554,2.441
8655,fornalha,0,noun,1554,2.441
8656,montante,0,noun,1554,2.441
8657,palavra-passe,0,noun,1554,2.441
8658,adiantado,0,adj,1553,2.440
8659,alegadamente,0,adv,1553,2.440
8660,amabilidade,0,noun,1553,2.440
8661,arrepiar,0,verb,1553,2.440
8662,emprestado,0,noun,1553,2.440
8663,estrear,0,verb,1553,2.440
8664,paradoxo,0,noun,1553,2.440
8665,perjúrio,0,noun,1553,2.440
8666,piora,0,noun,1553,2.440
8667,tentáculo,0,noun,1553,2.440
8668,arqueólogo,0,noun,1552,2.438
8669,extorquir,0,verb,1552,2.438
8670,fodo,0,noun,1552,2.438
8671,interditar,0,verb,1551,2.436
8672,pinga,0,noun,1550,2.435
8673,socapa,0,noun,1550,2.435
8674,masturbação,0,noun,1549,2.433
8675,obsessivo,0,adj,1549,2.433
8676,pincel,0,noun,1549,2.433
8677,veludo,0,noun,1549,2.433
8678,accionistas,0,noun,1548,2.432
8679,barca,0,noun,1548,2.432
8680,comedor,0,noun,1547,2.430
8681,diretiva,0,noun,1547,2.430
8682,durão,0,noun,1547,2.430
8683,anfitriã,0,noun,1546,2.429
8684,débil,0,adj,1546,2.429
8685,desastroso,0,adj,1544,2.425
8686,lotar,0,verb,1544,2.425
8687,ring,0,noun,1544,2.425
8688,baril,0,adj,1543,2.424
8689,porta-luvas,0,noun,1543,2.424
8690,batimento cardíaco,1,mwe,1542,2.422
8691,horda,0,noun,1542,2.422
8692,óvulo,0,noun,1542,2.422
8693,criancinha,0,noun,1541,2.421
8694,homenagear,0,verb,1541,2.421
8695,mordida,0,noun,1541,2.421
8696,recaída,0,noun,1541,2.421
8697,varíola,0,noun,1541,2.421
8698,desintoxicação,0,noun,1540,2.419
8699,embriagado,0,adj,1540,2.419
8700,infiltração,0,noun,1540,2.419
8701,indeciso,0,adj,1539,2.418
8702,censura,0,noun,1538,2.416
8703,crês,0,adj,1538,2.416
8704,desci,0,unk,1538,2.416
8705,filhinha,0,noun,1538,2.416
8706,fútil,0,adj,1538,2.416
8707,giz,0,noun,1538,2.416
8708,aterra,0,noun,1537,2.414
8709,refugiar,0,verb,1537,2.414
8710,ata,0,noun,1536,2.413
8711,mexerico,0,noun,1536,2.413
8712,vitela,0,noun,1536,2.413
8713,proveniente,0,adj,1535,2.411
8714,talho,0,noun,1535,2.411
8715,treinamento,0,noun,1535,2.411
8716,articulação,0,noun,1534,2.410
8717,mimado,0,adj,1532,2.407
8718,prejudicial,0,adj,1532,2.407
8719,algemado,0,adj,1531,2.405
8720,clientela,0,noun,1531,2.405
8721,estilista,0,noun,1531,2.405
8722,gringo,0,noun,1531,2.405
8723,insuficiência,0,noun,1531,2.405
8724,vendar,0,verb,1531,2.405
8725,designer,0,noun,1530,2.403
8726,entediante,0,adj,1530,2.403
8727,humm,0,noun,1530,2.403
8728,ratinho,0,noun,1530,2.403
8729,blackjack,0,noun,1529,2.402
8730,paixoneta,0,noun,1528,2.400
8731,reprovar,0,verb,1528,2.400
8732,vértebra,0,noun,1528,2.400
8733,adultério,0,noun,1527,2.399
8734,altruísta,0,adj,1527,2.399
8735,diagrama,0,noun,1527,2.399
8736,trabalhinho,0,noun,1527,2.399
8737,forçado,0,adj,1526,2.397
8738,sobressair,0,verb,1526,2.397
8739,stressante,0,adj,1526,2.397
8740,transe,0,noun,1526,2.397
8741,avalanche,0,noun,1525,2.396
8742,desforra,0,noun,1525,2.396
8743,bobina,0,noun,1524,2.394
8744,despedimento,0,noun,1524,2.394
8745,estrondo,0,noun,1523,2.392
8746,hamster,0,noun,1523,2.392
8747,honroso,0,adj,1523,2.392
8748,redondo,0,noun,1523,2.392
8749,século xx,1,mwe,1523,2.392
8750,gráfico,0,adj,1522,2.391
8751,indigno,0,adj,1522,2.391
8752,menosprezar,0,verb,1522,2.391
8753,turismo,0,noun,1522,2.391
8754,infantário,0,noun,1521,2.389
8755,sensei,0,noun,1521,2.389
8756,calçada,0,noun,1520,2.388
8757,inverso,0,adj,1520,2.388
8758,want,0,noun,1518,2.385
8759,aspiração,0,noun,1517,2.383
8760,informante,0,noun,1517,2.383
8761,milionário,0,adj,1517,2.383
8762,trespassar,0,verb,1517,2.383
8763,cappuccino,0,noun,1516,2.381
8764,desgastar,0,verb,1516,2.381
8765,lira,0,noun,1516,2.381
8766,how,0,noun,1515,2.380
8767,indiano,0,noun,1515,2.380
8768,nitrato,0,noun,1515,2.380
8769,canadiano,0,adj,1514,2.378
8770,clarificar,0,verb,1514,2.378
8771,serva,0,noun,1514,2.378
8772,meramente,0,adv,1513,2.377
8773,segmento,0,noun,1513,2.377
8774,when,0,noun,1513,2.377
8775,encriptação,0,noun,1512,2.375
8776,defeituoso,0,adj,1511,2.374
8777,intensificar,0,verb,1511,2.374
8778,vadio,0,noun,1511,2.374
8779,democrático,0,adj,1510,2.372
8780,equivaler,0,verb,1510,2.372
8781,àquelas,0,det,1510,2.372
8782,manequim,0,noun,1509,2.370
8783,rouge,0,noun,1509,2.370
8784,anti,0,noun,1508,2.369
8785,lubrificante,0,noun,1508,2.369
8786,volt,0,noun,1508,2.369
8787,válido,0,verb,1508,2.369
8788,advocacia,0,noun,1507,2.367
8789,comunismo,0,noun,1507,2.367
8790,esperteza,0,noun,1507,2.367
8791,ante,0,prep,1506,2.366
8792,lesma,0,noun,1506,2.366
8793,primogénito,0,noun,1506,2.366
8794,aflição,0,noun,1505,2.364
8795,bem-sucedido,0,adj,1505,2.364
8796,cegueira,0,noun,1505,2.364
8797,inexperiente,0,adj,1505,2.364
8798,concreto,0,noun,1504,2.363
8799,imperativo,0,adj,1504,2.363
8800,inesquecível,0,adj,1504,2.363
8801,pestana,0,noun,1504,2.363
8802,uh-huh,0,intj,1504,2.363
8803,mordo,0,intj,1503,2.361
8804,sózinha,0,adj,1503,2.361
8805,desfecho,0,noun,1502,2.359
8806,saltos altos,1,mwe,1502,2.359
8807,son,0,noun,1502,2.359
8808,gorducho,0,adj,1501,2.358
8809,dinamarquês,0,adj,1500,2.356
8810,solidariedade,0,noun,1500,2.356
8811,totalidade,0,noun,1500,2.356
8812,pastelaria,0,noun,1499,2.355
8813,rixa,0,noun,1499,2.355
8814,colesterol,0,noun,1498,2.353
8815,habitualmente,0,adv,1498,2.353
8816,melancia,0,noun,1498,2.353
8817,pin,0,noun,1498,2.353
8818,talismã,0,noun,1498,2.353
8819,cuidados intensivos,1,mwe,1496,2.350
8820,anos-luz,0,noun,1495,2.348
8821,infalível,0,adj,1495,2.348
8822,scooter,0,noun,1495,2.348
8823,mitologia,0,noun,1494,2.347
8824,protestante,0,noun,1494,2.347
8825,rabinho,0,noun,1494,2.347
8826,continental,0,noun,1493,2.345
8827,crepe,0,noun,1493,2.345
8828,privilegiar,0,verb,1493,2.345
8829,descafeinado,0,adj,1492,2.344
8830,desconforto,0,noun,1492,2.344
8831,pasto,0,noun,1492,2.344
8832,preferível,0,adj,1492,2.344
8833,tração,0,noun,1492,2.344
8834,coitadinha,0,noun,1491,2.342
8835,lavagem cerebral,1,mwe,1491,2.342
8836,misericordioso,0,adj,1491,2.342
8837,deteção,0,noun,1489,2.339
8838,guerrilha,0,noun,1489,2.339
8839,muleta,0,noun,1489,2.339
8840,sedento,0,adj,1489,2.339
8841,silo,0,noun,1489,2.339
8842,passadeira,0,noun,1488,2.337
8843,património,0,noun,1488,2.337
8844,premeditar,0,verb,1488,2.337
8845,roleta,0,noun,1488,2.337
8846,solenemente,0,adv,1488,2.337
8847,conjugal,0,adj,1487,2.336
8848,destaque,0,noun,1487,2.336
8849,menção,0,noun,1487,2.336
8850,trio,0,noun,1487,2.336
8851,boche,0,noun,1486,2.334
8852,capô,0,noun,1486,2.334
8853,prevenção,0,noun,1486,2.334
8854,renegado,0,noun,1486,2.334
8855,delegacia,0,noun,1485,2.333
8856,embater,0,verb,1485,2.333
8857,exclusivamente,0,adv,1485,2.333
8858,refrescante,0,adj,1485,2.333
8859,egocêntrico,0,adj,1484,2.331
8860,hip,0,noun,1484,2.331
8861,orientador,0,noun,1484,2.331
8862,reunido,0,verb,1484,2.331
8863,sedução,0,noun,1483,2.330
8864,inflamável,0,adj,1482,2.328
8865,pipa,0,noun,1482,2.328
8866,submergir,0,verb,1482,2.328
8867,característica,0,adj,1481,2.326
8868,galáctico,0,adj,1481,2.326
8869,massagista,0,noun,1481,2.326
8870,ménage,0,noun,1481,2.326
8871,omeleta,0,noun,1481,2.326
8872,apelidar,0,verb,1480,2.325
8873,bailarino,0,noun,1480,2.325
8874,licitação,0,noun,1480,2.325
8875,malária,0,noun,1479,2.323
8876,men,0,noun,1479,2.323
8877,radiador,0,noun,1479,2.323
8878,bichinho,0,noun,1478,2.322
8879,simultaneamente,0,adv,1478,2.322
8880,ajeitar,0,verb,1477,2.320
8881,arrasa,0,noun,1477,2.320
8882,autoestrada,0,noun,1477,2.320
8883,ensopado,0,adj,1477,2.320
8884,fiado,0,adj,1477,2.320
8885,biológicas,0,noun,1476,2.319
8886,clicar,0,verb,1476,2.319
8887,vestuário,0,noun,1476,2.319
8888,brincalhão,0,noun,1475,2.317
8889,hardware,0,noun,1475,2.317
8890,pilinha,0,noun,1475,2.317
8891,pombinho,0,noun,1475,2.317
8892,aura,0,noun,1474,2.315
8893,cansaço,0,noun,1474,2.315
8894,curto-circuito,0,noun,1474,2.315
8895,iniciação,0,noun,1474,2.315
8896,natalício,0,adj,1474,2.315
8897,reorganizar,0,verb,1473,2.314
8898,esbarrar,0,verb,1472,2.312
8899,puramente,0,adv,1472,2.312
8900,trailer,0,noun,1472,2.312
8901,beldade,0,noun,1471,2.311
8902,platina,0,noun,1471,2.311
8903,quebra-cabeças,0,noun,1471,2.311
8904,afeição,0,noun,1470,2.309
8905,amiguinha,0,noun,1470,2.309
8906,boia,0,noun,1470,2.309
8907,aloha,0,noun,1469,2.308
8908,concluído,0,verb,1469,2.308
8909,nudez,0,noun,1469,2.308
8910,perspetivar,0,noun,1469,2.308
8911,afinar,0,verb,1468,2.306
8912,esquizofrenia,0,noun,1468,2.306
8913,comício,0,noun,1467,2.304
8914,corroborar,0,verb,1467,2.304
8915,descongelar,0,verb,1467,2.304
8916,justiceiro,0,noun,1467,2.304
8917,viras,0,intj,1467,2.304
8918,estratégico,0,adj,1466,2.303
8919,leproso,0,noun,1466,2.303
8920,opressão,0,noun,1466,2.303
8921,pronúncia,0,noun,1466,2.303
8922,pós-traumático,0,adj,1466,2.303
8923,blogue,0,noun,1465,2.301
8924,negociável,0,adj,1465,2.301
8925,transbordar,0,verb,1465,2.301
8926,atolado,0,adj,1464,2.300
8927,atropelamento,0,noun,1464,2.300
8928,áspero,0,adj,1464,2.300
8929,hepatite,0,noun,1463,2.298
8930,lamechar,0,adj,1463,2.298
8931,abadia,0,noun,1462,2.297
8932,atlas,0,noun,1462,2.297
8933,constipado,0,adj,1462,2.297
8934,declínio,0,noun,1462,2.297
8935,passivo,0,adj,1462,2.297
8936,bono,0,noun,1461,2.295
8937,champagne,0,noun,1461,2.295
8938,crosta,0,noun,1461,2.295
8939,heroísmo,0,noun,1461,2.295
8940,odiamos,0,unk,1461,2.295
8941,profissionalmente,0,adv,1460,2.293
8942,maturidade,0,noun,1459,2.292
8943,assédio sexual,1,mwe,1458,2.290
8944,atendimento,0,noun,1458,2.290
8945,cato,0,noun,1458,2.290
8946,intrigado,0,adj,1458,2.290
8947,cólon,0,noun,1457,2.289
8948,firmeza,0,noun,1457,2.289
8949,numeroso,0,adj,1457,2.289
8950,idolatrar,0,verb,1456,2.287
8951,marquês,0,noun,1456,2.287
8952,negligente,0,adj,1456,2.287
8953,tónico,0,adj,1456,2.287
8954,adiamento,0,noun,1455,2.286
8955,atordoar,0,verb,1454,2.284
8956,caco,0,noun,1454,2.284
8957,adereço,0,noun,1453,2.283
8958,lacuna,0,noun,1453,2.283
8959,pólen,0,noun,1453,2.283
8960,submerso,0,adj,1453,2.283
8961,vigiado,0,adj,1453,2.283
8962,beneficência,0,noun,1452,2.281
8963,clarão,0,noun,1452,2.281
8964,motivado,0,adj,1452,2.281
8965,presidencial,0,noun,1452,2.281
8966,videojogo,0,noun,1452,2.281
8967,macabro,0,adj,1451,2.279
8968,rolha,0,noun,1451,2.279
8969,conformar,0,verb,1450,2.278
8970,cheiroso,0,adj,1449,2.276
8971,homicida,0,noun,1449,2.276
8972,moranguita,0,noun,1449,2.276
8973,suma,0,noun,1449,2.276
8974,trapaceiro,0,noun,1449,2.276
8975,aprofundar,0,verb,1448,2.275
8976,saltador,0,noun,1448,2.275
8977,monótono,0,adj,1447,2.273
8978,tórax,0,noun,1447,2.273
8979,demência,0,noun,1446,2.272
8980,careta,0,noun,1445,2.270
8981,comunicação social,1,mwe,1445,2.270
8982,garotinha,0,noun,1445,2.270
8983,inquietar,0,verb,1445,2.270
8984,procriar,0,verb,1445,2.270
8985,trança,0,noun,1445,2.270
8986,carimbo,0,noun,1444,2.268
8987,comprometido,0,adj,1444,2.268
8988,hello,0,noun,1444,2.268
8989,possessão,0,noun,1444,2.268
8990,auditoria,0,noun,1443,2.267
8991,cobrador,0,noun,1443,2.267
8992,borrão,0,noun,1442,2.265
8993,asfixia,0,noun,1441,2.264
8994,empregador,0,noun,1441,2.264
8995,finges,0,noun,1441,2.264
8996,vaqueiro,0,noun,1441,2.264
8997,assemelhar,0,verb,1440,2.262
8998,intrusão,0,noun,1440,2.262
8999,pendura,0,noun,1440,2.262
9000,renegar,0,verb,1440,2.262
9001,repelir,0,verb,1440,2.262
9002,beisebol,0,noun,1439,2.261
9003,maleta,0,noun,1439,2.261
9004,mandão,0,adj,1439,2.261
9005,travessia,0,noun,1439,2.261
9006,absolvição,0,noun,1438,2.259
9007,canivete,0,noun,1438,2.259
9008,novata,0,noun,1438,2.259
9009,polar,0,adj,1438,2.259
9010,alternar,0,verb,1437,2.257
9011,break,0,noun,1437,2.257
9012,reanimação,0,noun,1437,2.257
9013,bíblico,0,adj,1436,2.256
9014,holocausto,0,noun,1436,2.256
9015,lírio,0,noun,1436,2.256
9016,meio-irmão,0,noun,1436,2.256
9017,aparelhagem,0,noun,1435,2.254
9018,importação,0,noun,1435,2.254
9019,refinado,0,adj,1435,2.254
9020,circunstancial,0,adj,1434,2.253
9021,perdoado,0,adj,1434,2.253
9022,uno,0,noun,1434,2.253
9023,climático,0,adj,1432,2.250
9024,joguinho,0,noun,1432,2.250
9025,pacificamente,0,adv,1432,2.250
9026,desígnio,0,noun,1431,2.248
9027,grua,0,noun,1431,2.248
9028,bandalho,0,noun,1430,2.246
9029,festivo,0,adj,1430,2.246
9030,frigideira,0,noun,1430,2.246
9031,canário,0,noun,1429,2.245
9032,dispensável,0,adj,1429,2.245
9033,iraniano,0,noun,1428,2.243
9034,meia-hora,0,noun,1428,2.243
9035,patinho,0,noun,1427,2.242
9036,republicano,0,adj,1427,2.242
9037,bárbaro,0,adj,1426,2.240
9038,invejoso,0,adj,1426,2.240
9039,refresco,0,noun,1426,2.240
9040,desmembrar,0,verb,1425,2.239
9041,risada,0,noun,1425,2.239
9042,coelhinha,0,noun,1424,2.237
9043,decepcionar,0,verb,1424,2.237
9044,detergente,0,noun,1424,2.237
9045,escrúpulo,0,noun,1424,2.237
9046,fedorento,0,adj,1424,2.237
9047,inestimável,0,adj,1424,2.237
9048,lástima,0,noun,1423,2.235
9049,homo,0,noun,1422,2.234
9050,incapacitado,0,adj,1422,2.234
9051,roxo,0,noun,1422,2.234
9052,listar,0,verb,1421,2.232
9053,ressentir,0,verb,1421,2.232
9054,arruaceiro,0,noun,1420,2.231
9055,coxear,0,noun,1420,2.231
9056,incompetência,0,noun,1420,2.231
9057,abstinência,0,noun,1419,2.229
9058,austríaco,0,adj,1419,2.229
9059,desarrumar,0,verb,1419,2.229
9060,pulo,0,noun,1419,2.229
9061,continuamente,0,adv,1418,2.228
9062,safari,0,noun,1418,2.228
9063,bobagem,0,noun,1417,2.226
9064,canibal,0,adj,1417,2.226
9065,from,0,noun,1417,2.226
9066,pedinte,0,noun,1417,2.226
9067,provérbio,0,noun,1417,2.226
9068,histeria,0,noun,1416,2.224
9069,puma,0,noun,1416,2.224
9070,sniper,0,noun,1416,2.224
9071,calçado,0,noun,1415,2.223
9072,enojar,0,verb,1415,2.223
9073,head,0,noun,1415,2.223
9074,magnata,0,noun,1415,2.223
9075,embrulhada,0,noun,1414,2.221
9076,extintor,0,noun,1414,2.221
9077,marmelada,0,noun,1414,2.221
9078,remexer,0,verb,1414,2.221
9079,embrião,0,noun,1413,2.220
9080,puxo,0,noun,1413,2.220
9081,alinhado,0,adj,1412,2.218
9082,bombom,0,noun,1412,2.218
9083,cool,0,noun,1412,2.218
9084,gnomo,0,noun,1412,2.218
9085,hiperespaço,0,noun,1412,2.218
9086,irromper,0,verb,1412,2.218
9087,loura,0,noun,1412,2.218
9088,altifalante,0,noun,1411,2.217
9089,desumano,0,adj,1411,2.217
9090,envolto,0,verb,1411,2.217
9091,estancar,0,verb,1411,2.217
9092,here,0,noun,1411,2.217
9093,incompetente,0,noun,1411,2.217
9094,recheio,0,noun,1411,2.217
9095,relutante,0,adj,1411,2.217
9096,simultâneo,0,adj,1411,2.217
9097,dedução,0,noun,1410,2.215
9098,individuo,0,noun,1409,2.213
9099,persa,0,adj,1409,2.213
9100,delirante,0,adj,1408,2.212
9101,parteira,0,noun,1408,2.212
9102,âmbar,0,noun,1408,2.212
9103,amen,0,noun,1407,2.210
9104,anime,0,intj,1407,2.210
9105,acatar,0,verb,1406,2.209
9106,cheese,0,noun,1406,2.209
9107,desfeito,0,verb,1406,2.209
9108,equador,0,noun,1406,2.209
9109,quilate,0,noun,1406,2.209
9110,vaidoso,0,adj,1406,2.209
9111,atraiçoar,0,verb,1405,2.207
9112,costa rica,1,mwe,1405,2.207
9113,eletricista,0,noun,1405,2.207
9114,inversão,0,noun,1405,2.207
9115,palhinha,0,noun,1405,2.207
9116,vovô,0,intj,1405,2.207
9117,zumbido,0,noun,1405,2.207
9118,manobrar,0,verb,1403,2.204
9119,beijinho,0,noun,1402,2.202
9120,ugh,0,unk,1402,2.202
9121,bronca,0,noun,1401,2.201
9122,configuração,0,noun,1401,2.201
9123,fiambre,0,noun,1401,2.201
9124,próstata,0,noun,1401,2.201
9125,transtornar,0,verb,1401,2.201
9126,tártaro,0,noun,1401,2.201
9127,corporativo,0,adj,1400,2.199
9128,egoísmo,0,noun,1400,2.199
9129,esfriar,0,verb,1400,2.199
9130,preceder,0,verb,1400,2.199
9131,atmosférico,0,adj,1399,2.198
9132,blur,0,noun,1399,2.198
9133,desagradar,0,verb,1399,2.198
9134,socialmente,0,adv,1399,2.198
9135,descalçar,0,verb,1398,2.196
9136,pradaria,0,noun,1398,2.196
9137,emissor,0,noun,1397,2.195
9138,narrativa,0,noun,1397,2.195
9139,zen,0,adj,1397,2.195
9140,baby-sitter,0,noun,1396,2.193
9141,expulsão,0,noun,1396,2.193
9142,notificação,0,noun,1396,2.193
9143,derby,0,noun,1394,2.190
9144,desfrute,0,verb,1394,2.190
9145,imperfeito,0,adj,1394,2.190
9146,esplendor,0,noun,1393,2.188
9147,pulsar,0,noun,1393,2.188
9148,selecionar,0,verb,1393,2.188
9149,verniz,0,noun,1393,2.188
9150,vulnerabilidade,0,noun,1393,2.188
9151,engenhoca,0,noun,1392,2.187
9152,esfregona,0,noun,1392,2.187
9153,firmemente,0,adv,1392,2.187
9154,holográfico,0,adj,1392,2.187
9155,imunitário,0,adj,1392,2.187
9156,minimamente,0,adv,1392,2.187
9157,was,0,noun,1392,2.187
9158,insensato,0,adj,1391,2.185
9159,revoltado,0,adj,1391,2.185
9160,atendeste,0,intj,1390,2.184
9161,cateter,0,noun,1390,2.184
9162,interrogação,0,noun,1390,2.184
9163,dióxido,0,noun,1389,2.182
9164,importunar,0,verb,1389,2.182
9165,legendar,0,verb,1389,2.182
9166,pétala,0,noun,1389,2.182
9167,salpico,0,noun,1389,2.182
9168,nitrogénio,0,noun,1388,2.180
9169,ternura,0,noun,1388,2.180
9170,antidepressivo,0,noun,1387,2.179
9171,chacal,0,noun,1387,2.179
9172,prótese,0,noun,1387,2.179
9173,armação,0,noun,1386,2.177
9174,misericordioso,0,noun,1386,2.177
9175,consagrar,0,verb,1385,2.176
9176,devolução,0,noun,1385,2.176
9177,elástico,0,noun,1385,2.176
9178,pró,0,adj,1385,2.176
9179,ténue,0,adj,1385,2.176
9180,uivar,0,verb,1385,2.176
9181,explícito,0,adj,1384,2.174
9182,petrolífero,0,adj,1384,2.174
9183,sonâmbulo,0,noun,1384,2.174
9184,emblema,0,noun,1383,2.173
9185,puberdade,0,noun,1383,2.173
9186,sangramento,0,noun,1383,2.173
9187,talão,0,noun,1383,2.173
9188,apetitoso,0,adj,1382,2.171
9189,assessor,0,noun,1382,2.171
9190,clavícula,0,noun,1382,2.171
9191,pretensão,0,noun,1382,2.171
9192,sinfonia,0,noun,1382,2.171
9193,íris,0,noun,1382,2.171
9194,corcunda,0,noun,1381,2.169
9195,derramamento,0,noun,1381,2.169
9196,forreta,0,adj,1381,2.169
9197,premonição,0,noun,1381,2.169
9198,contradição,0,noun,1380,2.168
9199,detrito,0,noun,1380,2.168
9200,embaraçado,0,adj,1380,2.168
9201,farpar,0,verb,1380,2.168
9202,incinerar,0,verb,1380,2.168
9203,materno,0,adj,1380,2.168
9204,prestável,0,adj,1380,2.168
9205,vinagre,0,noun,1380,2.168
9206,continuação,0,noun,1379,2.166
9207,intrigar,0,noun,1379,2.166
9208,répteis,0,noun,1378,2.165
9209,grotesco,0,adj,1377,2.163
9210,hard,0,noun,1377,2.163
9211,sublime,0,adj,1377,2.163
9212,insubs,0,noun,1376,2.162
9213,mesada,0,noun,1376,2.162
9214,raios-x,0,noun,1376,2.162
9215,visualização,0,noun,1376,2.162
9216,hand,0,noun,1375,2.160
9217,remendar,0,verb,1375,2.160
9218,dia-a-dia,0,noun,1374,2.158
9219,iraquiano,0,noun,1373,2.157
9220,lancha,0,noun,1373,2.157
9221,versus,0,prep,1373,2.157
9222,nadinha,0,noun,1372,2.155
9223,numérico,0,adj,1372,2.155
9224,penetração,0,noun,1372,2.155
9225,temível,0,adj,1372,2.155
9226,transgressão,0,noun,1372,2.155
9227,fodasse,0,intj,1371,2.154
9228,poluir,0,verb,1371,2.154
9229,quadril,0,noun,1371,2.154
9230,loção,0,noun,1370,2.152
9231,operatório,0,adj,1370,2.152
9232,sinistra,0,adj,1370,2.152
9233,hipocrisia,0,noun,1369,2.151
9234,precoce,0,adj,1369,2.151
9235,tensão arterial,1,mwe,1369,2.151
9236,amêijoa,0,noun,1368,2.149
9237,bacia,0,noun,1368,2.149
9238,contorcer,0,verb,1368,2.149
9239,toro,0,noun,1368,2.149
9240,gengibre,0,noun,1367,2.147
9241,mail,0,noun,1367,2.147
9242,patrono,0,noun,1367,2.147
9243,projetor,0,noun,1367,2.147
9244,ping,0,noun,1366,2.146
9245,psicótica,0,adj,1366,2.146
9246,roulotte,0,noun,1366,2.146
9247,sérvio,0,noun,1366,2.146
9248,cozinhado,0,noun,1365,2.144
9249,evasão,0,noun,1365,2.144
9250,imoral,0,adj,1365,2.144
9251,estagiária,0,noun,1364,2.143
9252,nódoas negras,1,mwe,1363,2.141
9253,pager,0,noun,1363,2.141
9254,questionário,0,noun,1363,2.141
9255,hurra,0,noun,1362,2.140
9256,say,0,unk,1362,2.140
9257,selado,0,adj,1362,2.140
9258,know,0,unk,1361,2.138
9259,lavrador,0,noun,1361,2.138
9260,propagar,0,verb,1361,2.138
9261,acertado,0,adj,1360,2.136
9262,collants,0,noun,1360,2.136
9263,guitarrista,0,noun,1360,2.136
9264,despacho,0,noun,1359,2.135
9265,escoteiro,0,noun,1359,2.135
9266,interceção,0,noun,1359,2.135
9267,neblina,0,noun,1359,2.135
9268,divergência,0,noun,1358,2.133
9269,dorido,0,adj,1358,2.133
9270,pomposo,0,adj,1358,2.133
9271,armando,0,noun,1357,2.132
9272,medicar,0,verb,1357,2.132
9273,maconha,0,noun,1356,2.130
9274,quilômetros,0,noun,1356,2.130
9275,aniversariante,0,noun,1355,2.129
9276,holandês,0,noun,1355,2.129
9277,nado,0,noun,1355,2.129
9278,pr,0,noun,1355,2.129
9279,virtualmente,0,adv,1355,2.129
9280,reembolsar,0,verb,1354,2.127
9281,relevância,0,noun,1354,2.127
9282,replicar,0,verb,1354,2.127
9283,desportista,0,noun,1353,2.125
9284,guerrilheiro,0,noun,1353,2.125
9285,preenchido,0,adj,1353,2.125
9286,xeque,0,intj,1353,2.125
9287,burrito,0,noun,1352,2.124
9288,encalhar,0,verb,1351,2.122
9289,encravado,0,adj,1351,2.122
9290,penitência,0,noun,1351,2.122
9291,psicose,0,noun,1351,2.122
9292,servido,0,adj,1351,2.122
9293,respeitosamente,0,adv,1350,2.121
9294,apavorar,0,verb,1349,2.119
9295,chiclete,0,noun,1349,2.119
9296,contingência,0,noun,1349,2.119
9297,estrutural,0,adj,1349,2.119
9298,gorro,0,noun,1349,2.119
9299,eufemismo,0,noun,1348,2.118
9300,legendas originais,1,mwe,1348,2.118
9301,suscetível,0,adj,1348,2.118
9302,ameaçado,0,adj,1347,2.116
9303,carrada,0,noun,1347,2.116
9304,especificar,0,verb,1347,2.116
9305,lóbulo,0,noun,1347,2.116
9306,persistir,0,verb,1347,2.116
9307,rodeo,0,noun,1347,2.116
9308,chat,0,noun,1346,2.114
9309,convenientemente,0,adv,1346,2.114
9310,diesel,0,noun,1346,2.114
9311,tofu,0,noun,1346,2.114
9312,bermudas,0,noun,1345,2.113
9313,cavalinho,0,noun,1345,2.113
9314,cívico,0,adj,1345,2.113
9315,estã,0,intj,1345,2.113
9316,consolação,0,noun,1344,2.111
9317,saldar,0,verb,1344,2.111
9318,bafo,0,noun,1342,2.108
9319,horrivelmente,0,adv,1342,2.108
9320,marujo,0,noun,1342,2.108
9321,túnica,0,noun,1342,2.108
9322,insatisfeito,0,adj,1341,2.107
9323,preservação,0,noun,1341,2.107
9324,triangular,0,verb,1341,2.107
9325,trufa,0,noun,1341,2.107
9326,nascente,0,noun,1340,2.105
9327,olfato,0,noun,1340,2.105
9328,drogou,0,verb,1339,2.103
9329,formigueiro,0,noun,1339,2.103
9330,gaze,0,noun,1339,2.103
9331,provisório,0,adj,1339,2.103
9332,cabecinha,0,noun,1338,2.102
9333,apegar,0,verb,1337,2.100
9334,anticorpo,0,noun,1336,2.099
9335,carona,0,noun,1336,2.099
9336,cerrar,0,verb,1336,2.099
9337,evasivo,0,adj,1336,2.099
9338,mega,0,adj,1336,2.099
9339,asno,0,noun,1335,2.097
9340,assombroso,0,adj,1335,2.097
9341,hiena,0,noun,1335,2.097
9342,inflamar,0,verb,1335,2.097
9343,inovação,0,noun,1335,2.097
9344,lacrosse,0,noun,1335,2.097
9345,testosterona,0,noun,1335,2.097
9346,viragem,0,noun,1335,2.097
9347,antecessor,0,noun,1334,2.096
9348,arame farpado,1,mwe,1334,2.096
9349,divagar,0,verb,1334,2.096
9350,cerâmica,0,noun,1333,2.094
9351,degolar,0,verb,1333,2.094
9352,heart,0,noun,1333,2.094
9353,micro-ondas,0,noun,1333,2.094
9354,ponteiro,0,noun,1333,2.094
9355,benéfico,0,adj,1332,2.092
9356,executor,0,noun,1332,2.092
9357,adoravas,0,unk,1331,2.091
9358,australiano,0,noun,1331,2.091
9359,mística,0,adj,1331,2.091
9360,preventivo,0,adj,1331,2.091
9361,efetivo,0,adj,1330,2.089
9362,experimento,0,noun,1330,2.089
9363,iraquiano,0,adj,1330,2.089
9364,neurótico,0,adj,1330,2.089
9365,bué,0,noun,1329,2.088
9366,contrabandista,0,adj,1329,2.088
9367,racha,0,noun,1329,2.088
9368,distorção,0,noun,1328,2.086
9369,ebay,0,noun,1328,2.086
9370,montra,0,noun,1328,2.086
9371,moribundo,0,noun,1328,2.086
9372,produtora,0,noun,1328,2.086
9373,ratoeira,0,noun,1328,2.086
9374,solene,0,adj,1328,2.086
9375,concorrente,0,adj,1327,2.085
9376,palavra-chave,0,noun,1327,2.085
9377,refinaria,0,noun,1327,2.085
9378,acompanhamento,0,noun,1326,2.083
9379,anonimato,0,noun,1326,2.083
9380,colhões,0,noun,1326,2.083
9381,retrair,0,verb,1326,2.083
9382,secador,0,noun,1326,2.083
9383,superioridade,0,noun,1326,2.083
9384,vigília,0,noun,1326,2.083
9385,amada,0,noun,1325,2.081
9386,cobardolas,0,noun,1325,2.081
9387,eletrocutar,0,verb,1325,2.081
9388,auditivo,0,adj,1324,2.080
9389,botija,0,noun,1324,2.080
9390,chibo,0,noun,1324,2.080
9391,multimilionário,0,adj,1324,2.080
9392,comprimir,0,verb,1323,2.078
9393,junção,0,noun,1323,2.078
9394,limusine,0,noun,1323,2.078
9395,monarca,0,noun,1323,2.078
9396,tendão,0,noun,1323,2.078
9397,viajem,0,noun,1323,2.078
9398,camuflar,0,verb,1322,2.077
9399,concerteza,0,noun,1322,2.077
9400,intimidação,0,noun,1322,2.077
9401,macaquinho,0,noun,1322,2.077
9402,pediatra,0,noun,1322,2.077
9403,saciar,0,verb,1322,2.077
9404,unânime,0,adj,1322,2.077
9405,vagar,0,verb,1322,2.077
9406,vice-rei,0,noun,1322,2.077
9407,cuspo,0,noun,1321,2.075
9408,inchado,0,adj,1321,2.075
9409,reconciliação,0,noun,1321,2.075
9410,atualizado,0,verb,1320,2.074
9411,propina,0,noun,1320,2.074
9412,queima-roupa,0,noun,1320,2.074
9413,sírio,0,noun,1320,2.074
9414,vudu,0,noun,1320,2.074
9415,desconfiança,0,noun,1319,2.072
9416,ferro-velho,0,noun,1319,2.072
9417,infortúnio,0,noun,1319,2.072
9418,ateu,0,noun,1318,2.070
9419,entusiasta,0,adj,1318,2.070
9420,hola,0,noun,1318,2.070
9421,remarcar,0,verb,1318,2.070
9422,rumar,0,verb,1318,2.070
9423,cacau,0,noun,1317,2.069
9424,danos colaterais,1,mwe,1317,2.069
9425,escaravelho,0,noun,1317,2.069
9426,frx,0,noun,1317,2.069
9427,incursão,0,noun,1317,2.069
9428,remontar,0,verb,1317,2.069
9429,virtuoso,0,adj,1317,2.069
9430,budista,0,adj,1316,2.067
9431,caráter,0,noun,1316,2.067
9432,engrenagem,0,noun,1316,2.067
9433,indisposto,0,adj,1316,2.067
9434,rajada,0,noun,1316,2.067
9435,estirpe,0,noun,1315,2.066
9436,apóstolo,0,noun,1314,2.064
9437,crepúsculo,0,noun,1314,2.064
9438,marada,0,verb,1314,2.064
9439,cidadã,0,noun,1312,2.061
9440,embuste,0,noun,1312,2.061
9441,espirituoso,0,adj,1312,2.061
9442,modéstia,0,noun,1312,2.061
9443,prostituto,0,noun,1312,2.061
9444,rapagão,0,noun,1312,2.061
9445,severamente,0,adv,1312,2.061
9446,soul,0,noun,1312,2.061
9447,emagrecer,0,verb,1311,2.059
9448,expediente,0,noun,1311,2.059
9449,blindado,0,noun,1310,2.058
9450,conserto,0,noun,1310,2.058
9451,literal,0,adj,1310,2.058
9452,serrar,0,verb,1310,2.058
9453,amplificador,0,noun,1309,2.056
9454,cupido,0,noun,1309,2.056
9455,desamparar,0,verb,1309,2.056
9456,legislação,0,noun,1309,2.056
9457,oferecida,0,noun,1309,2.056
9458,retardado,0,noun,1309,2.056
9459,ball,0,noun,1308,2.055
9460,caneco,0,noun,1308,2.055
9461,salientar,0,verb,1308,2.055
9462,contaminado,0,adj,1307,2.053
9463,desembarque,0,noun,1307,2.053
9464,artrite,0,noun,1306,2.052
9465,corretar,0,adj,1306,2.052
9466,estandarte,0,noun,1306,2.052
9467,festinha,0,noun,1306,2.052
9468,abade,0,noun,1305,2.050
9469,aorta,0,noun,1305,2.050
9470,comestível,0,adj,1305,2.050
9471,monsenhor,0,noun,1305,2.050
9472,desarmado,0,adj,1304,2.048
9473,disfunção,0,noun,1304,2.048
9474,fascista,0,noun,1304,2.048
9475,fictício,0,adj,1304,2.048
9476,olhinho,0,noun,1304,2.048
9477,boda,0,noun,1303,2.047
9478,estaca zero,1,mwe,1303,2.047
9479,apanhada,0,noun,1302,2.045
9480,cockpit,0,noun,1302,2.045
9481,hemorragia interna,1,mwe,1302,2.045
9482,ilícito,0,adj,1302,2.045
9483,insinuação,0,noun,1302,2.045
9484,deck,0,noun,1301,2.044
9485,descarrilar,0,noun,1301,2.044
9486,feminista,0,adj,1301,2.044
9487,laia,0,noun,1301,2.044
9488,merdosa,0,adj,1301,2.044
9489,mutilação,0,noun,1301,2.044
9490,varão,0,noun,1301,2.044
9491,caixinha,0,noun,1300,2.042
9492,cher,0,unk,1300,2.042
9493,decadência,0,noun,1300,2.042
9494,degenerar,0,verb,1300,2.042
9495,arranha-céus,0,noun,1299,2.041
9496,manager,0,noun,1299,2.041
9497,polar,0,noun,1299,2.041
9498,imparcial,0,adj,1298,2.039
9499,alçapão,0,noun,1297,2.037
9500,cifra,0,noun,1297,2.037
9501,comodoro,0,adj,1297,2.037
9502,descascar,0,verb,1297,2.037
9503,espiã,0,noun,1297,2.037
9504,idoso,0,adj,1297,2.037
9505,padeiro,0,noun,1297,2.037
9506,recair,0,verb,1297,2.037
9507,indispensável,0,adj,1296,2.036
9508,robótica,0,noun,1296,2.036
9509,salina,0,noun,1296,2.036
9510,voadora,0,noun,1295,2.034
9511,injustamente,0,adv,1294,2.033
9512,destacado,0,verb,1293,2.031
9513,déjà,0,noun,1293,2.031
9514,resmungar,0,verb,1293,2.031
9515,repercussão,0,noun,1292,2.030
9516,sina,0,noun,1292,2.030
9517,urgentemente,0,adv,1292,2.030
9518,afiado,0,adj,1291,2.028
9519,caldo,0,noun,1291,2.028
9520,desodorizante,0,noun,1291,2.028
9521,dispendioso,0,adj,1291,2.028
9522,ecológico,0,adj,1291,2.028
9523,suspense,0,noun,1291,2.028
9524,usual,0,adj,1291,2.028
9525,ânus,0,noun,1291,2.028
9526,amnistia,0,noun,1290,2.026
9527,paternal,0,adj,1290,2.026
9528,patriótico,0,adj,1290,2.026
9529,cesariana,0,noun,1289,2.025
9530,condor,0,noun,1289,2.025
9531,heh,0,intj,1289,2.025
9532,indefinidamente,0,adv,1289,2.025
9533,lazer,0,noun,1289,2.025
9534,look,0,unk,1289,2.025
9535,provação,0,noun,1289,2.025
9536,stick,0,noun,1289,2.025
9537,barrar,0,verb,1288,2.023
9538,conquistador,0,noun,1288,2.023
9539,prezar,0,verb,1288,2.023
9540,bypass,0,noun,1287,2.022
9541,cachorro-quente,0,noun,1286,2.020
9542,cântico,0,noun,1286,2.020
9543,free,0,noun,1286,2.020
9544,sintonizar,0,verb,1286,2.020
9545,pirataria,0,noun,1285,2.019
9546,caldeirão,0,noun,1284,2.017
9547,espartano,0,adj,1284,2.017
9548,financeiramente,0,adv,1284,2.017
9549,impensável,0,noun,1284,2.017
9550,meteorológico,0,adj,1284,2.017
9551,camareiro,0,noun,1283,2.015
9552,caserna,0,noun,1283,2.015
9553,checar,0,verb,1283,2.015
9554,controvérsia,0,noun,1283,2.015
9555,encruzilhada,0,noun,1283,2.015
9556,bla,0,intj,1282,2.014
9557,demo,0,noun,1282,2.014
9558,errante,0,adj,1282,2.014
9559,intestinal,0,adj,1282,2.014
9560,limpinho,0,adj,1282,2.014
9561,clérigo,0,noun,1281,2.012
9562,engendrar,0,verb,1281,2.012
9563,reclusa,0,noun,1281,2.012
9564,retina,0,noun,1281,2.012
9565,talibãs,0,noun,1281,2.012
9566,ápice,0,noun,1281,2.012
9567,odiado,0,adj,1280,2.011
9568,redes sociais,1,mwe,1280,2.011
9569,ferrugem,0,noun,1279,2.009
9570,residencial,0,adj,1279,2.009
9571,sync,0,noun,1279,2.009
9572,chihuahua,0,noun,1278,2.008
9573,exaustivo,0,adj,1276,2.004
9574,exportação,0,noun,1276,2.004
9575,moer,0,verb,1276,2.004
9576,proibição,0,noun,1276,2.004
9577,astral,0,adj,1275,2.003
9578,conversão,0,noun,1275,2.003
9579,oprimir,0,verb,1274,2.001
9580,pastel,0,noun,1274,2.001
9581,reciclagem,0,noun,1274,2.001
9582,simulador,0,noun,1274,2.001
9583,xau,0,intj,1274,2.001
9584,coligação,0,noun,1273,2.000
9585,despachado,0,adj,1273,2.000
9586,humildemente,0,adv,1273,2.000
9587,incondicional,0,adj,1273,2.000
9588,acionar,0,verb,1272,1.998
9589,amolecer,0,verb,1272,1.998
9590,concluído,0,adj,1272,1.998
9591,fluído,0,noun,1272,1.998
9592,intensamente,0,adv,1272,1.998
9593,levantado,0,adj,1272,1.998
9594,limiar,0,noun,1272,1.998
9595,mulherengo,0,noun,1272,1.998
9596,pingo,0,noun,1272,1.998
9597,teatral,0,adj,1272,1.998
9598,dominó,0,noun,1271,1.997
9599,gótico,0,adj,1271,1.997
9600,pitada,0,noun,1271,1.997
9601,crucifixo,0,noun,1270,1.995
9602,hipotético,0,adj,1270,1.995
9603,dócil,0,adj,1269,1.993
9604,maternal,0,adj,1269,1.993
9605,peregrinação,0,noun,1269,1.993
9606,tecer,0,verb,1269,1.993
9607,adequadamente,0,adv,1268,1.992
9608,cobrança,0,noun,1268,1.992
9609,cronometrar,0,verb,1268,1.992
9610,doi,0,intj,1268,1.992
9611,espadachim,0,noun,1268,1.992
9612,gradualmente,0,adv,1268,1.992
9613,inspetora,0,noun,1268,1.992
9614,zelar,0,verb,1268,1.992
9615,apartar,0,verb,1267,1.990
9616,cronómetro,0,noun,1267,1.990
9617,cultivo,0,noun,1267,1.990
9618,célebre,0,adj,1267,1.990
9619,encharcar,0,verb,1267,1.990
9620,nunotr,0,noun,1267,1.990
9621,néctar,0,noun,1267,1.990
9622,queridinho,0,adj,1267,1.990
9623,audácia,0,noun,1266,1.989
9624,briefing,0,noun,1266,1.989
9625,entristecer,0,verb,1266,1.989
9626,disquete,0,noun,1265,1.987
9627,doa,0,noun,1265,1.987
9628,fogo-de-artifício,0,noun,1265,1.987
9629,hipopótamo,0,noun,1265,1.987
9630,impingir,0,verb,1265,1.987
9631,autoclismo,0,noun,1264,1.986
9632,estudioso,0,noun,1264,1.986
9633,seção,0,noun,1264,1.986
9634,traumatizado,0,adj,1264,1.986
9635,desolar,0,verb,1263,1.984
9636,encalço,0,noun,1263,1.984
9637,exibicionista,0,adj,1263,1.984
9638,latitude,0,noun,1263,1.984
9639,restauração,0,noun,1263,1.984
9640,conclusivo,0,adj,1261,1.981
9641,cálcio,0,noun,1261,1.981
9642,pálpebra,0,noun,1261,1.981
9643,autodestruição,0,noun,1260,1.979
9644,encarcerar,0,verb,1260,1.979
9645,recapitular,0,verb,1260,1.979
9646,silicone,0,noun,1260,1.979
9647,variado,0,adj,1260,1.979
9648,bugiganga,0,noun,1259,1.978
9649,hepático,0,adj,1259,1.978
9650,resort,0,noun,1259,1.978
9651,cidadania,0,noun,1258,1.976
9652,desmaio,0,noun,1258,1.976
9653,farrapo,0,noun,1258,1.976
9654,metano,0,noun,1258,1.976
9655,meteorologia,0,noun,1258,1.976
9656,pertinente,0,adj,1258,1.976
9657,suplente,0,adj,1258,1.976
9658,trocaste,0,noun,1258,1.976
9659,arromba,0,noun,1257,1.975
9660,subtileza,0,noun,1257,1.975
9661,teletransporte,0,noun,1257,1.975
9662,capitalismo,0,noun,1256,1.973
9663,contraste,0,noun,1256,1.973
9664,desinfetar,0,verb,1256,1.973
9665,esventrar,0,verb,1256,1.973
9666,raso,0,adj,1256,1.973
9667,atlético,0,adj,1255,1.971
9668,daninho,0,adj,1255,1.971
9669,decadente,0,adj,1255,1.971
9670,desprevenir,0,verb,1255,1.971
9671,dormias,0,noun,1255,1.971
9672,emocionar,0,verb,1255,1.971
9673,yin,0,noun,1255,1.971
9674,box,0,noun,1254,1.970
9675,ficheiros secretos,1,mwe,1254,1.970
9676,tornar-se-á,0,unk,1254,1.970
9677,vigarice,0,noun,1254,1.970
9678,vínculo,0,noun,1254,1.970
9679,holofote,0,noun,1253,1.968
9680,pontiagudo,0,adj,1253,1.968
9681,cinta,0,noun,1252,1.967
9682,miudinha,0,noun,1252,1.967
9683,étnico,0,adj,1252,1.967
9684,carente,0,adj,1251,1.965
9685,quarteto,0,noun,1251,1.965
9686,golf,0,noun,1249,1.962
9687,slide,0,noun,1249,1.962
9688,castrar,0,verb,1248,1.960
9689,oleoduto,0,noun,1248,1.960
9690,sulista,0,adj,1248,1.960
9691,cibernético,0,adj,1247,1.959
9692,coreano,0,noun,1247,1.959
9693,desmanchar,0,verb,1247,1.959
9694,framboesa,0,noun,1247,1.959
9695,variável,0,adj,1247,1.959
9696,azedo,0,adj,1246,1.957
9697,barbearia,0,noun,1246,1.957
9698,pavão,0,noun,1246,1.957
9699,talher,0,verb,1246,1.957
9700,alvorada,0,noun,1245,1.956
9701,contrabandista,0,noun,1245,1.956
9702,tournée,0,noun,1245,1.956
9703,excremento,0,noun,1244,1.954
9704,metropolitana,0,noun,1244,1.954
9705,rivalidade,0,noun,1244,1.954
9706,adoração,0,noun,1243,1.953
9707,babá,0,noun,1243,1.953
9708,doo,0,noun,1243,1.953
9709,coreografia,0,noun,1241,1.949
9710,domesticar,0,verb,1241,1.949
9711,embeber,0,verb,1241,1.949
9712,cacete,0,noun,1239,1.946
9713,estrangulamento,0,noun,1239,1.946
9714,segredinho,0,noun,1239,1.946
9715,sinistro,0,adj,1239,1.946
9716,atrativo,0,adj,1238,1.945
9717,inquisição,0,noun,1238,1.945
9718,vandalismo,0,noun,1238,1.945
9719,inteligência artificial,1,mwe,1237,1.943
9720,envenenado,0,adj,1236,1.942
9721,façanha,0,noun,1236,1.942
9722,vangloriar,0,verb,1236,1.942
9723,constatar,0,verb,1235,1.940
9724,orifício,0,noun,1235,1.940
9725,salteador,0,noun,1235,1.940
9726,benfeitor,0,noun,1234,1.938
9727,degradar,0,verb,1234,1.938
9728,desapertar,0,verb,1234,1.938
9729,vulcânico,0,adj,1234,1.938
9730,cristiano,0,adj,1233,1.937
9731,hackear,0,verb,1233,1.937
9732,touché,0,noun,1233,1.937
9733,embaixadora,0,noun,1232,1.935
9734,indisponível,0,adj,1232,1.935
9735,peida,0,noun,1232,1.935
9736,rasgado,0,verb,1232,1.935
9737,see,0,noun,1231,1.934
9738,estatura,0,noun,1230,1.932
9739,fraturar,0,adj,1230,1.932
9740,liberal,0,noun,1230,1.932
9741,submissão,0,noun,1230,1.932
9742,temido,0,adj,1230,1.932
9743,crazy,0,noun,1229,1.931
9744,fora-da-lei,0,noun,1229,1.931
9745,familiarizar,0,verb,1228,1.929
9746,heresia,0,noun,1228,1.929
9747,maquilhar,0,verb,1228,1.929
9748,morto-vivo,0,noun,1228,1.929
9749,musculado,0,adj,1228,1.929
9750,nicotina,0,noun,1228,1.929
9751,sósia,0,noun,1228,1.929
9752,ursa,0,noun,1228,1.929
9753,classificado,0,verb,1227,1.927
9754,guardiã,0,noun,1227,1.927
9755,imbatível,0,adj,1227,1.927
9756,prognóstico,0,noun,1227,1.927
9757,afixar,0,verb,1226,1.926
9758,fraturar,0,verb,1226,1.926
9759,acrobacia,0,noun,1225,1.924
9760,idosa,0,noun,1225,1.924
9761,persiana,0,noun,1225,1.924
9762,atraído,0,adj,1224,1.923
9763,dialeto,0,noun,1224,1.923
9764,nebulosa,0,noun,1224,1.923
9765,reality,0,noun,1224,1.923
9766,tlfonseca,0,noun,1224,1.923
9767,descendência,0,noun,1223,1.921
9768,formosa,0,noun,1223,1.921
9769,tulipa,0,noun,1223,1.921
9770,valsa,0,noun,1222,1.920
9771,foxtrot,0,noun,1221,1.918
9772,lenhador,0,noun,1221,1.918
9773,maquinista,0,noun,1221,1.918
9774,massajar,0,verb,1221,1.918
9775,tenebroso,0,adj,1221,1.918
9776,buenos aires,1,mwe,1220,1.916
9777,carótida,0,noun,1220,1.916
9778,ditadura,0,noun,1220,1.916
9779,martelar,0,verb,1220,1.916
9780,farmacêutico,0,adj,1219,1.915
9781,filhinho,0,noun,1219,1.915
9782,hop,0,adj,1219,1.915
9783,mão-de-obra,0,noun,1219,1.915
9784,reformular,0,verb,1219,1.915
9785,vetor,0,noun,1219,1.915
9786,auditório,0,noun,1217,1.912
9787,chalé,0,noun,1217,1.912
9788,contemporâneo,0,adj,1217,1.912
9789,desafiador,0,adj,1217,1.912
9790,menininha,0,noun,1217,1.912
9791,persuasão,0,noun,1217,1.912
9792,violentamente,0,adv,1217,1.912
9793,colossal,0,adj,1216,1.910
9794,irreal,0,adj,1216,1.910
9795,mamada,0,noun,1216,1.910
9796,aristocrata,0,noun,1215,1.909
9797,fissura,0,noun,1215,1.909
9798,limbo,0,noun,1215,1.909
9799,misteriosamente,0,adv,1215,1.909
9800,pensador,0,noun,1215,1.909
9801,pré-nupcial,0,adj,1215,1.909
9802,yuan,0,noun,1215,1.909
9803,espessura,0,noun,1214,1.907
9804,saiste,0,verb,1213,1.905
9805,socorrer,0,verb,1213,1.905
9806,thunder,0,noun,1213,1.905
9807,montão,0,noun,1212,1.904
9808,mídia,0,noun,1211,1.902
9809,pizzaria,0,noun,1211,1.902
9810,questionável,0,adj,1211,1.902
9811,saltaste,0,intj,1211,1.902
9812,temperar,0,verb,1211,1.902
9813,vaporizar,0,verb,1211,1.902
9814,vislumbre,0,noun,1211,1.902
9815,abundante,0,adj,1210,1.901
9816,clamar,0,verb,1210,1.901
9817,magnitude,0,noun,1210,1.901
9818,reavaliar,0,verb,1210,1.901
9819,remodelação,0,noun,1210,1.901
9820,tático,0,adj,1210,1.901
9821,bloco operatório,1,mwe,1209,1.899
9822,escalpe,0,noun,1209,1.899
9823,pâncreas,0,noun,1209,1.899
9824,suco,0,noun,1209,1.899
9825,gonna,0,unk,1208,1.898
9826,lost,0,noun,1208,1.898
9827,mísero,0,adj,1208,1.898
9828,remessa,0,noun,1208,1.898
9829,shot,0,unk,1208,1.898
9830,signo,0,noun,1208,1.898
9831,assente,0,adj,1207,1.896
9832,equívoco,0,noun,1207,1.896
9833,fémur,0,noun,1207,1.896
9834,narina,0,noun,1206,1.894
9835,adivinho,0,adj,1205,1.893
9836,coordenação,0,noun,1205,1.893
9837,exaustão,0,noun,1205,1.893
9838,fumador,0,adj,1205,1.893
9839,cómico,0,noun,1204,1.891
9840,frade,0,noun,1204,1.891
9841,projetado,0,verb,1204,1.891
9842,tranquilamente,0,adv,1204,1.891
9843,acesa,0,noun,1203,1.890
9844,patriotismo,0,noun,1203,1.890
9845,falsificador,0,noun,1202,1.888
9846,ironicamente,0,adv,1202,1.888
9847,paulacoelho,0,noun,1202,1.888
9848,prestígio,0,noun,1202,1.888
9849,acobardar,0,verb,1201,1.887
9850,anteontem,0,adv,1201,1.887
9851,complexidade,0,noun,1201,1.887
9852,trocadilho,0,noun,1201,1.887
9853,hidráulico,0,adj,1200,1.885
9854,inibidor,0,noun,1200,1.885
9855,roteiro,0,noun,1200,1.885
9856,piroso,0,adj,1199,1.883
9857,corroer,0,verb,1198,1.882
9858,micróbio,0,noun,1198,1.882
9859,curto prazo,1,mwe,1197,1.880
9860,educadamente,0,adv,1197,1.880
9861,malvada,0,noun,1197,1.880
9862,místico,0,adj,1197,1.880
9863,portagem,0,noun,1197,1.880
9864,arpão,0,noun,1196,1.879
9865,desfilar,0,verb,1196,1.879
9866,dilatar,0,verb,1196,1.879
9867,estranhar,0,verb,1196,1.879
9868,conspirador,0,noun,1195,1.877
9869,amplificar,0,verb,1194,1.876
9870,muggles,0,noun,1194,1.876
9871,sunrising,0,noun,1194,1.876
9872,amontoar,0,verb,1193,1.874
9873,colegial,0,noun,1193,1.874
9874,logótipo,0,noun,1193,1.874
9875,perplexo,0,adj,1193,1.874
9876,tampouco,0,adv,1193,1.874
9877,vaginal,0,adj,1193,1.874
9878,cancelado,0,adj,1192,1.872
9879,cognitivo,0,adj,1192,1.872
9880,criminalidade,0,noun,1192,1.872
9881,dumas,0,det,1192,1.872
9882,escapatória,0,noun,1192,1.872
9883,locomotiva,0,noun,1192,1.872
9884,soalho,0,noun,1192,1.872
9885,vegetação,0,noun,1192,1.872
9886,competidor,0,noun,1191,1.871
9887,patrocínio,0,noun,1191,1.871
9888,remem,0,intj,1191,1.871
9889,voltagem,0,noun,1191,1.871
9890,congelado,0,noun,1190,1.869
9891,foragido,0,verb,1190,1.869
9892,ultimato,0,noun,1190,1.869
9893,autoridades locais,1,mwe,1189,1.868
9894,coxo,0,noun,1189,1.868
9895,nutriente,0,noun,1189,1.868
9896,bacalhau,0,noun,1188,1.866
9897,cirurgia plástica,1,mwe,1188,1.866
9898,cruz vermelha,1,mwe,1188,1.866
9899,fechaste,0,noun,1188,1.866
9900,ferroviário,0,adj,1188,1.866
9901,maldoso,0,adj,1188,1.866
9902,rasteira,0,noun,1188,1.866
9903,girassol,0,noun,1187,1.865
9904,rabi,0,noun,1186,1.863
9905,adentro,0,adv,1185,1.862
9906,fármaco,0,noun,1185,1.862
9907,acasalamento,0,noun,1184,1.860
9908,consenso,0,noun,1184,1.860
9909,digitalizar,0,verb,1184,1.860
9910,mediano,0,adj,1184,1.860
9911,palmeira,0,noun,1184,1.860
9912,vodca,0,noun,1184,1.860
9913,doutrina,0,noun,1183,1.858
9914,genital,0,adj,1183,1.858
9915,rimar,0,verb,1183,1.858
9916,patologia,0,noun,1182,1.857
9917,pessimamente,0,adv,1181,1.855
9918,profanar,0,verb,1181,1.855
9919,silenciador,0,noun,1181,1.855
9920,revestimento,0,noun,1180,1.854
9921,textura,0,noun,1180,1.854
9922,bugiar,0,verb,1179,1.852
9923,desencorajar,0,verb,1179,1.852
9924,empatado,0,adj,1179,1.852
9925,estabilizador,0,noun,1179,1.852
9926,santinho,0,noun,1179,1.852
9927,entusiasmante,0,adj,1178,1.851
9928,fixação,0,noun,1178,1.851
9929,spot,0,noun,1178,1.851
9930,tempinho,0,noun,1178,1.851
9931,adepto,0,noun,1177,1.849
9932,auricular,0,noun,1177,1.849
9933,chapada,0,noun,1177,1.849
9934,coveiro,0,noun,1177,1.849
9935,estripar,0,verb,1177,1.849
9936,pacóvio,0,noun,1177,1.849
9937,sujeira,0,noun,1177,1.849
9938,best,0,unk,1176,1.847
9939,decretar,0,verb,1176,1.847
9940,eficácia,0,noun,1176,1.847
9941,let,0,unk,1176,1.847
9942,registador,0,adj,1176,1.847
9943,there,0,noun,1176,1.847
9944,addic,0,unk,1175,1.846
9945,cachorros quentes,1,mwe,1175,1.846
9946,magoo,0,intj,1175,1.846
9947,cantiga,0,noun,1174,1.844
9948,carnívoro,0,noun,1174,1.844
9949,irradiar,0,verb,1174,1.844
9950,lótus,0,noun,1174,1.844
9951,observatório,0,noun,1174,1.844
9952,purga,0,noun,1174,1.844
9953,deprimir,0,verb,1173,1.843
9954,desabrochar,0,verb,1173,1.843
9955,logística,0,noun,1173,1.843
9956,película,0,noun,1173,1.843
9957,hibernação,0,noun,1172,1.841
9958,socializar,0,verb,1172,1.841
9959,transar,0,verb,1172,1.841
9960,disponibilizar,0,verb,1171,1.840
9961,encobrimento,0,noun,1171,1.840
9962,melancólico,0,adj,1171,1.840
9963,ousadia,0,noun,1171,1.840
9964,vigário,0,noun,1171,1.840
9965,brasileiro,0,adj,1170,1.838
9966,detestável,0,adj,1170,1.838
9967,mascar,0,verb,1170,1.838
9968,palpitar,0,verb,1170,1.838
9969,pirralho,0,noun,1170,1.838
9970,engarrafamento,0,noun,1169,1.836
9971,geografia,0,noun,1169,1.836
9972,chaleira,0,noun,1168,1.835
9973,perigosamente,0,adv,1168,1.835
9974,volátil,0,adj,1168,1.835
9975,besouro,0,noun,1167,1.833
9976,efeitos colaterais,1,mwe,1167,1.833
9977,empada,0,noun,1167,1.833
9978,maçada,0,noun,1167,1.833
9979,sénior,0,adj,1167,1.833
9980,van gogh,1,mwe,1167,1.833
9981,faceta,0,noun,1166,1.832
9982,marquesa,0,noun,1166,1.832
9983,pimento,0,noun,1166,1.832
9984,baixote,0,noun,1165,1.830
9985,mafia,0,noun,1165,1.830
9986,sargento-mor,0,noun,1165,1.830
9987,vórtice,0,noun,1165,1.830
9988,adequar,0,verb,1164,1.829
9989,confim,0,noun,1164,1.829
9990,depressivo,0,adj,1164,1.829
9991,full,0,unk,1164,1.829
9992,naufragar,0,verb,1164,1.829
9993,paquistanês,0,noun,1164,1.829
9994,sociável,0,adj,1163,1.827
9995,impetuoso,0,adj,1162,1.825
9996,obediente,0,adj,1162,1.825
9997,hebraico,0,noun,1161,1.824
9998,presunção,0,noun,1161,1.824
9999,bipolar,0,adj,1160,1.822
10000,cicatrizar,0,verb,1160,1.822
